Particular,Product Code,Definition,Category (clean),Sub-Category (clean)
EXAMITION BOARD,UNMPL/SKU/25-26/859,Writing Board,Consumables,Factory Utilities
SSD DRIVE SATA 250,UNMPL/SKU/25-26/1590, SSD DRIVE,Asset,IT Utilities
SSD DRIVE SATA 256,UNM/SKU/24-25/428, SSD DRIVE,Asset,IT Utilities
ACETONE,UNMPL/SKU/25-26/2212,Acetone,Consumables,Product Utilities
SALICYLIC AICD LR 500GM,UNMPL/SKU/25-26/1451,Acid,Housekeeping,Factory Utilities
LAPTOP POWER ADAPTER LB 38193572,UNMPL/SKU/25-26/1401,Adapter,Asset,IT Utilities
PHILIPS ADEPTOR 2A,UNMPL/SKU/25-26/1595,Adapter,Electrical,Factory Utilities
ADEPROR 10 AMP,UNMPL/SKU/25-26/2228,Adaptor,Electrical,Factory Utilities
BOND NEW 20 ML,UNM/SKU/24-25/631,Adhesive,Consumables,Product Utilities
Synthetic Adh. polygrip rapid nxt 30ltr,UM-000529,Adhesive,Consumables,Product Utilities
ADHESIVE ARALDITE XIN R-100 H-900 1.8 KG,UNMPL/SKU/25-26/758,Adhesive,Consumables,Product Utilities
Fevicol SR. 998,UNM/SKU/23-24/295,Adhesive,Consumables,Product Utilities
LAPOX FILLO FAST HARDNER 800 GM BOLT,UNM/SKU/24-25/809,Adhesive,Consumables,Product Utilities
LAPOX FILLO FAST RESIN 1KG,UNM/SKU/24-25/810,Adhesive,Consumables,Product Utilities
LAPOX RAPID & CLEAR ADHESIVE 180 GM,UNM/SKU/24-25/544,Adhesive,Consumables,Product Utilities
ADHESIVE ARELDITE XIN R-100 H-900 1.8 KG,,Adhesive,Consumables,Product Utilities
TEKBOND ACT SILICONE GP- TRANSPRENT,UNMPL/SKU/25-26/515,Adhesive,Consumables,Product Utilities
LAPOX ULTRA ADHESIVE 90 GM,UNM/SKU/24-25/543,adhesive,Consumables,Product Utilities
Fevical 26 kg,UNM/SKU/24-25/916,adhesive,Consumables,Product Utilities
FEVICOL PROBOND,UNM/SKU/24-25/1367,adhesive,Consumables,Product Utilities
ADHESIVE ARALDITE KLEAR IN 450 GM,UNMPL/SKU/25-26/327,Adhesive,Consumables,Product Utilities
GLUE GUN STICK,UNMPL/SKU/25-26/99,Adhesive,Consumables,Product Utilities
Fabric Glue,UM-000597,Adhesive,Consumables,Product Utilities
Adhesive AROLIGHT 1.8 kg Adhesive ARELDITE XIN R-100 H-900 - for marble,UNMPL/SKU/25-26/485,Adhesive,Consumables,Product Utilities
Tensogrip TG C101 clener,UNM/SKU/24-25/1918,Adhesive,Consumables,Product Utilities
M seal,UNM/SKU/23-24/423,Adhesive ,Consumables,Product Utilities
Fevicol 1K PUR ADH 500GM,UNMPL/SKU/25-26/2272,Adhesive ,Consumables,Product Utilities
Fevicol KIEIBERIT 303.2.3050(PVC 303.2 D3),UNM/SKU/24-25/1624,Adhesive ,Consumables,Product Utilities
P.P ROLL 15 INCH DIA,UNM/SKU/24-25/464,Adhesive Sheet ,Consumables,Product Utilities
STICKER ROLL GREEN 24 INCH FOR MIRROR BACK SUPPORT,UNMPL/SKU/25-26/861,Adhesive Sheet ,Consumables,Product Utilities
Double Sided Tape 1 INCH,UM-000346,Adhesive tape,Consumables,Factory Utilities
Double Sided Tape 2 INCH,UNMPL/SKU/25-26/795,Adhesive tape,Consumables,Factory Utilities
"Packing MASKING TAPE 1""""",UM-000567,Adhesive Tape,Packaging,Product Utilities
"Packing MASKING TAPE 2""""",UNM/SKU/24-25/208,Adhesive Tape,Packaging,Product Utilities
Double Sided Tape,,Adhesive Tape,Consumables,Product Utilities
"Bop Tape 3"""" x 120 Mtr",UM-000566,Adhesive tape,Packaging,Product Utilities
"White Tape 3"""" x 120 Mtr",UNMPL/SKU/25-26/1447,Adhesive tape,Packaging,Product Utilities
E3 PVC TAPE 22X0.8XMM X50MTR,UNM/SKU/24-25/1366,Adhesive Tape,Packaging,Product Utilities
BICON PVC WHITE TAPE,UNM/SKU/24-25/1257,Adhesive Tape,Consumables,Product Utilities
TAFFLON TAPE,UNM/SKU/24-25/1406,Adhesive Tape,Consumables,Product Utilities
BICON PVC TAPE 15 MTR,UNMPL/SKU/25-26/926,Adhesive Tape,Consumables,Factory Utilities
BICON PVC TAPE box,UNM/SKU/23-24/491,Adhesive Tape,Consumables,Product Utilities
TAPLOT TAPE,UNMPL/SKU/25-26/1750,Adhesive Tape,Adhesive,Factory Utilities
Teflon Plumbing Tape,UNM/SKU/24-25/965,Adhesive Tape,Consumables,Product Utilities
Adhesive Tape NYLON TAPE -20MM X 20 MTR (B),UNM/SKU/23-24/896,Adhesive tape,Consumables,Product Utilities
Adhesive Tape NYLON TAPE-20MM X 20MTR (W),UNMPL/SKU/25-26/318,Adhesive tape,Consumables,Product Utilities
DOUBLE SIDE Tape TISSUE 24MM X45 MTR,UNM/SKU/24-25/1824,Adhesive tape,Consumables,Factory Utilities
"Adhesive Tape 3"""" x 5 Mtr WATERPROOF",UNM/SKU/24-25/757,Adhesive Tape,Consumables,Factory Utilities
"Adhesive Tape 2"""" x 5 Mtr WATERPROOF",UNM/SKU/24-25/758,Adhesive tape,Consumables,Factory Utilities
"Bop Tape 2"""" x 120 Mtr",UM-000622,Adhesive tape,Packaging,Product Utilities
"BOP BROWN 3"""" Tape",UNM/SKU/23-24/205,Adhesive tape,Packaging,Product Utilities
PP DUNNAGE AIR BAG REGUALAR 1200'' x 2200'',UNMPL/SKU/25-26/2200,AIR BAG (CONTAINER),Packaging,Product Utilities
PP DUNNAGE AIR BAG REGUALAR 900X1800 36'' x 72'',UNMPL/SKU/25-26/2112,AIR BAG (CONTAINER),Packaging,Product Utilities
AIR BAGS FOR DUST COLLECTOR,UNMPL/SKU/25-26/2003,Air Bags,Consumables,Factory Utilities
Air Blow Gun,MM-02004,Air Blow Gun,Consumables,Factory Utilities
SKY AIR  BLOW GUN,UNM/SKU/24-25/591,Air Blow Gun,Consumables,Factory Utilities
AIR CYLINDER 50X50,UNMPL/SKU/25-26/1264,Air Cylender,Spares,Factory Utilities
AIR FILTER SKY 30HP,UNM/SKU/24-25/801,Air Filter,Spares,Factory Utilities
GUN AIR IMPECT 17407,UNMPL/SKU/25-26/1410,Air Gun,Consumables,Factory Utilities
PU PIPE 12MM X 8 MM,UNMPL/SKU/25-26/2156,Air Pipe,Consumables,Factory Utilities
Air screw driver  209 dc,UNM/SKU/24-25/1745,Air Screw Driver,Asset,Factory Utilities
ROOFTING BOLT 65MM,UNMPL/SKU/25-26/1703,ALLEN Bolt,Hardware,Product Utilities
ALLEN BOLT 25X6MM GOLDEN,UNM/SKU/23-24/952,ALLEN Bolt,Hardware,Product Utilities
ALLEN BOLT JCB 6X40MM,UNM/SKU/24-25/217,ALLEN Bolt,Hardware,Product Utilities
JCB BOLT 6X35,UNMPL/SKU/25-26/62,ALLEN Bolt,Hardware,Product Utilities
JCB BOLT 6X70 MM,UNMPL/SKU/25-26/395,ALLEN Bolt,Hardware,Product Utilities
ALLEN BOLT JCB 6X30MM,UNMPL/SKU/25-26/1513,ALLEN Bolt,Hardware,Product Utilities
ALLEN BOLT JCB 8X40MM,UNM/SKU/23-24/514,ALLEN Bolt,Hardware,Product Utilities
ALLEN BOLT JCB 8x75,UNM/SKU/23-24/964,ALLEN Bolt,Hardware,Product Utilities
JCB BOLT 8X60,UNM/SKU/24-25/816,ALLEN Bolt,Hardware,Product Utilities
Allen Key BOLT 6X50,UNM/SKU/23-24/930,ALLEN Bolt,Hardware,Product Utilities
ALLEN BOLT 6X45,UNMPL/SKU/25-26/1865,ALLEN Bolt,Hardware,Product Utilities
ALLEN BOLT JCB 6X20MM,UNM/SKU/23-24/515,ALLEN Bolt,Hardware,Product Utilities
ALLEN BOLT JCB 6X60,UNM/SKU/24-25/1432,ALLEN Bolt,Hardware,Product Utilities
Allen Key 6x25 Jcb Bolt,,ALLEN Bolt,Hardware,Product Utilities
SOCKET HEAD ALLEN 8 X 40,UNMPL/SKU/25-26/1108,ALLEN Bolt,Hardware,Product Utilities
JCB BOLT 6X25,UNM/SKU/23-24/516,ALLEN Bolt,Hardware,Product Utilities
JCB Bolt 6X20 GOLDEN,UNM/SKU/23-24/524,ALLEN Bolt,Hardware,Product Utilities
ALLEN Bolt JCB 8X50MM,UNM/SKU/24-25/216,ALLEN Bolt,Hardware,Product Utilities
ALLEN Bolt JCB 6X16MM,UNM/SKU/24-25/935,ALLEN Bolt,Hardware,Product Utilities
SOKET Bolt 8X40,UNMPL/SKU/25-26/1262,ALLEN Bolt,Hardware,Product Utilities
JCB BOLT 6X35 GOLDEN,UNMPL/SKU/26-27/55,ALLEN Bolt,Hardware,Product Utilities
Allen Key TAPARIA ALLEN KEY SET,UNMPL/SKU/25-26/2215,Allen Key,Hardware,Product Utilities
Allen Key L 4 mm,UNM/SKU/23-24/244,Allen Key,Hardware,Product Utilities
Allen Key L 5 mm,UM-000496,Allen Key,Hardware,Product Utilities
Allen Key L 6 mm,UM-000497,Allen Key,Hardware,Product Utilities
Allen Key T Long 12MM,UNMPL/SKU/26-27/57,Allen Key,Hardware,Product Utilities
Allen Key 8mm,UNM/SKU/24-25/1446,Allen Key ,Hardware,Product Utilities
Allen Key L 10 MM,UNMPL/SKU/25-26/584,Allen Key ,Hardware,Product Utilities
Allen Key L 2.5MM,UNMPL/SKU/25-26/652,Allen Key ,Hardware,Product Utilities
Angle Board 50x50x2000mm,UM-000380,Angle Board,Packaging,Product Utilities
Angle Board angle board betsy chair 950 mm paga,UNM/SKU/24-25/125,Angle Board,Packaging,Product Utilities
Angle Board CLAPPER DINING CHAIR - HEIGHT - 997mm,UNM/SKU/24-25/1657,Angle Board,Packaging,Product Utilities
Angle Board FA24 RODIN CHAIR ANGLE BOARD 917mm,UNM/SKU/24-25/152,Angle Board,Packaging,Product Utilities
Angle Board Imogene Chair angle 870mm X 730mm,UNM/SKU/24-25/64,Angle Board,Packaging,Product Utilities
Angle Board Imogene Chair paga 890mm,UNM/SKU/24-25/65,Angle Board,Packaging,Product Utilities
Angle Board LUCAYA OTTOMAN - 502mm height,UNM/SKU/23-24/793,Angle Board,Packaging,Product Utilities
Angle Board Muirfield Chair 715mm,UNM/SKU/23-24/633,Angle Board,Packaging,Product Utilities
Angle Board Rodin Bench - 490mm,UM-000159,Angle Board,Packaging,Product Utilities
Angle Board 925mm - maxwell chair,UNM/SKU/24-25/532,Angle Board,Packaging,Product Utilities
Angle Board clapper bar chair - height 1245 mm,UNM/SKU/24-25/1646,Angle Board,Packaging,Product Utilities
Angle Board clapper counter height - 1124 mm,UNM/SKU/24-25/1649,Angle Board,Packaging,Product Utilities
"Angle Board ENZO CHAIR PILLER - 33.50""""",UNMPL/SKU/25-26/1065,Angle Board,Packaging,Product Utilities
"Angle Board GG CHAIR PILLER - 34.75""""",UNMPL/SKU/25-26/1066,Angle Board,Packaging,Product Utilities
"Angle Board Kirsty Dining Chair - 41.5""""",UNM/SKU/24-25/784,Angle Board,Packaging,Product Utilities
"Angle Board L 6 D - 37"""" PILLER",UNMPL/SKU/25-26/874,Angle Board,Packaging,Product Utilities
Angle Board LAILA MIRROR - 132MM PILLER,UNMPL/SKU/25-26/872,Angle Board,Packaging,Product Utilities
"Angle Board nyra 2 drawer piller 23""""",UNMPL/SKU/25-26/1156,Angle Board,Packaging,Product Utilities
"Angle Board THEA CHAIR PILLER - 42.20""""",UNMPL/SKU/25-26/1069,Angle Board,Packaging,Product Utilities
Angle Board Valle Chair 675mm,UNM/SKU/23-24/631,Angle Board,Packaging,Product Utilities
"17""""X5""""+17""""X3.4""""/40MM + 5""""X5""""/25MM  5""""ANGLE+10""""LOCL ANGLE",,Angle Board ,Packaging,Product Utilities
Angle Board Tray Betsy Chair 640mm x 545mm,UNM/SKU/24-25/275,Angle Board Tray,Packaging,Product Utilities
Angle Board Tray FA24 RODIN CHAIR ANGLE TRAY 522mm X 560mm,UNM/SKU/24-25/151,Angle Board Tray,Packaging,Product Utilities
Angle Board Tray LUCAYA OTTOMAN 1150mm x 1150mm,UNM/SKU/23-24/792,Angle Board Tray,Packaging,Product Utilities
Angle Board Tray Muirfield Chair 920MM X 800MM,UNM/SKU/23-24/632,Angle Board Tray,Packaging,Product Utilities
Angle Board Tray Rodin Bench (1600x500 mm),UM-000672,Angle Board Tray,Packaging,Product Utilities
Angle Board Tray 1020mm x 702mm,UNM/SKU/24-25/533,Angle Board Tray,Packaging,Product Utilities
Angle Board Tray clapper bar and counter - 495mm x 572mm,UNM/SKU/24-25/1647,Angle Board Tray,Packaging,Product Utilities
Angle Board Tray Clapper Dining Chair - 584mm x 521mm,UNM/SKU/24-25/1656,Angle Board Tray,Packaging,Product Utilities
"Angle Board Tray ENZO CHAIR - 38.75""""X32.25""""",UNMPL/SKU/25-26/1064,Angle Board Tray,Packaging,Product Utilities
"Angle Board Tray GG CHAIR - 34.75""""X30.70""""",UNMPL/SKU/25-26/1067,Angle Board Tray,Packaging,Product Utilities
"Angle Board Tray Kirsty Dining Chair - 27.5"""" x 22.5""""",UNM/SKU/24-25/783,Angle Board Tray,Packaging,Product Utilities
"Angle Board Tray L 6 D - 70.75""""X26.75""""",UNMPL/SKU/25-26/873,Angle Board Tray,Packaging,Product Utilities
Angle Board Tray LAILA MIRROR - 1295.4MM X 889MM,UNMPL/SKU/25-26/871,Angle Board Tray,Packaging,Product Utilities
"Angle Board Tray nyra 2 drawer - 20""""X25""""",UNMPL/SKU/25-26/1155,Angle Board Tray,Packaging,Product Utilities
"Angle Board Tray THEA CHAIR - 34.30""""X34.30""""",UNMPL/SKU/25-26/1068,Angle Board Tray,Packaging,Product Utilities
Angle Board Tray Valle Chair (880mmX830mm),UNM/SKU/23-24/630,Angle Board Tray,Packaging,Product Utilities
WD- 40 SPRAY 420 ML,UNM/SKU/24-25/37,Anti Rust ,Consumables,Product Utilities
ANTI SKID TAPE 48 X 5 MTR,UNMPL/SKU/25-26/1720,Anti Skid Tape,Consumables,Factory Utilities
UNMPL/SKU/25-26/2081 /Housekeeping Product / IguanaGrip Anti-Slip Floor Treatment DIY Kit / / dustpan big,UNMPL/SKU/25-26/2081,Anti Slip ,Consumables,Factory Utilities
APRIN 2,UNMPL/SKU/25-26/1975,Apron ,Consumables,Factory Utilities
AUTO FIDDER KEERA 22TH (SANJAY TEKTEAM),UNMPL/SKU/25-26/2129,Auto Feeder,Spares,Factory Utilities
AUTO FIDDER ROAD KEERA 11TH ( SANJAY TEKTEAM),UNMPL/SKU/25-26/2130,Auto Feeder,Spares,Factory Utilities
AUTO FIDDER WHEEL BUSH ( SANJAY TEKTEAM),UNMPL/SKU/25-26/2128,Auto Feeder,Spares,Factory Utilities
"Bosch Backing Pad 5""""",MM-01552,Backing Pad,Consumables,Product Utilities
PACKING ZIPPER 6*8,UNMPL/SKU/25-26/1917,BAG,Packaging,Product Utilities
Hardware Bag Red Packing,UNM/SKU/23-24/249,Bag,Packaging,Product Utilities
Pvc band 20mm (w),UNMPL/SKU/25-26/1899,Band,Electrical,Factory Utilities
NINA BAR CABINET,UNMPL/SKU/25-26/1625,Bar Cabinet,Finished Goods,Product Utilities
BATTERY 12V 7AH,UNM/SKU/24-25/550,Battery,Consumables,Office Supplies
BATTERY 9V,UNM/SKU/24-25/1750,Battery,Consumables,Office Supplies
DURACELL 9V 2 ULTRA LONG LASTING,UNMPL/SKU/25-26/1603,battery,Consumables,Office Supplies
DURACELL BETTRY (AA-AAA),UNM/SKU/24-25/658,battery,Consumables,Office Supplies
AAA BATTERY,UNM/SKU/24-25/937,Battery ,Consumables,Office Utilities
UPS BATTERY EXIDE,UNM/SKU/24-25/98,Battery ,Consumables,Office Utilities
DURACELL AA,UNM/SKU/24-25/1326,Battery ,Consumables,Office Supplies
POLYLAB  BEAKER 1000 ML,UNMPL/SKU/25-26/2286,Beaker,Consumables,Factory Utilities
POLYLAB BEAKER 100ML,UNMPL/SKU/25-26/2283,Beaker,Consumables,Factory Utilities
POLYLAB BEAKER 250ML,UNMPL/SKU/25-26/2284,Beaker,Consumables,Factory Utilities
POLYLAB BEAKER 50ML,UNMPL/SKU/25-26/2282,Beaker,Consumables,Factory Utilities
POLYLAB CONICAL MEASURE  25ML,UNMPL/SKU/25-26/2281,Beaker,Consumables,Factory Utilities
BEAKER (MEASUREMENT JUG),UNMPL/SKU/25-26/2308,Beaker,Consumables,Factory Utilities
BEARING,UNMPL/SKU/25-26/654,Bearing ,Consumables,Factory Utilities
BERING,,Bearing ,Consumables,Factory Utilities
Bering 13m,UNM/SKU/23-24/733,Bearing ,Consumables,Factory Utilities
Berring 13m,,Bearing ,Consumables,Factory Utilities
Bearing - 6201,UNM/SKU/24-25/1001,Bearing ,Consumables,Factory Utilities
Bearing -6300,UNMPL/SKU/25-26/2136,Bearing ,Consumables,Factory Utilities
Bearing SLIDE HGS25,UNMPL/SKU/25-26/2173,Bearing ,Electrical,Factory Utilities
6307 2RS BEARING SKF,UNMPL/SKU/26-27/272,Bearing ,Spares,Factory Utilities
6205 2RS1 BEARING SKF,UNMPL/SKU/26-27/273,Bearing ,Spares,Factory Utilities
Crosby queen HB Corner with  angel board    Gap -3.50 inch  7x 7 x7    40 mm round figure,,Bed Fitting ,Component,Product Utilities
Crosby queen HB - U clip 2 inch gap L 10 x5  Top 70 mm with angel Side 40 mm,UNMPL/SKU/26-27/310,Bed Fitting ,Component,Product Utilities
Chaddar 10x4,UNMPL/SKU/25-26/372,Bed Sheet,Finished Goods,Product Utilities
Chaddar 14x4 GRAY AND WHITE,UNMPL/SKU/25-26/373,Bed Sheet,Finished Goods,Product Utilities
Chaddar color GRAY AND WITH 16x4,UNMPL/SKU/25-26/370,Bed Sheet,Finished Goods,Product Utilities
King Bed Slats . LVL Natural (1000 x 70 x 12),UM-000411,Bed Slats,Component,Product Utilities
Queen Bed Slats . LVL Natural (800 x 70 x 12),UM-000475,Bed Slats,Component,Product Utilities
Fan Belt 1650X30,UNMPL/SKU/26-27/1,Belt,Spares,Factory Utilities
BN1118-15 Upholstered Bench,,Bench,Finished Goods,Product Utilities
BN0922-33 Havana Bench,UNMPL/SKU/25-26/256,Bench,Finished Goods,Product Utilities
FACE FINGERPRINT AND CARD READER,UNMPL/SKU/25-26/487,Bio Matric,Asset,Factory Utilities
Blade AT.SC.12020 IC TCT SCORING SAW BLADE 120XT-2,UNMPL/SKU/25-26/1701,Blade,Consumables,Product Utilities
Blade TRUN BLADE 15X15X2.5X37 DEGREE (CA),UNMPL/SKU/25-26/1648,Blade,Consumables,Product Utilities
Blade TRUN BLADE TIGRA(14X14X2),UNMPL/SKU/25-26/697,Blade,Consumables,Product Utilities
FOAM & FABRIC CUTTING BLADE 8 INCH,UNMPL/SKU/25-26/1925,Blade,Consumables,Product Utilities
AARI PATTI 12  X 1 INCH,UNM/SKU/24-25/1468,Blade,Consumables,Product Utilities
AARI PATTI 12 INCH,,Blade,Consumables,Product Utilities
AARI FUNNER FRAME,UNMPL/SKU/25-26/128,Blade,Consumables,Product Utilities
AARI PATTI 12 0.5 INCH CHORI,UNMPL/SKU/25-26/68,Blade,Consumables,Product Utilities
AARI PATTI 12X0.5 INCH -2,UNMPL/SKU/25-26/120,Blade,Consumables,Product Utilities
Blade Jigsaw T 144D,UNM/SKU/24-25/1403,Blade,Consumables,Product Utilities
PLANNER BLADES 13''X1.25''X3MM TPI,UNM/SKU/24-25/1166,Blade,Consumables,Product Utilities
TCT BLADE 8X40,UNMPL/SKU/25-26/405,Blade,Consumables,Product Utilities
TURN BLADE KNIVES SHAP,UNM/SKU/24-25/691,Blade,Consumables,Product Utilities
PLANNER BLADES 14''X1  1/4'' 6 TPI,UNM/SKU/24-25/553,Blade,Consumables,Factory Utilities
CWC-A ( WHITE BILICH),UNMPL/SKU/25-26/1239,Bleach,Consumables,Product Utilities
TC FOR WOOD WHITING,UNMPL/SKU/25-26/1136,Bleach ,Consumables,Product Utilities
WOOD BLECAHING (BILICH),UNMPL/SKU/25-26/25,Bleach ,Consumables,Product Utilities
CWC BLICH,UNMPL/SKU/25-26/1238,Bleach ,Consumables,Product Utilities
Bleach,UNM/SKU/24-25/1926,Bleach ,Consumables,Product Utilities
BOBIN-LU1510 / B9117563000,UNM/SKU/24-25/1976,Bobbin ,Spares,Factory Utilities
BOBBIN CASE ASM (DU/DDL-8100EHX) / 40098684,UNM/SKU/24-25/1977,Bobbin Case,Spares,Factory Utilities
Fastener BOLT FSATNER 10MM,UNMPL/SKU/25-26/968,Bolt,Hardware,Product Utilities
HEX BOLT BLACK 8X20MM,UNM/SKU/24-25/56,Bolt,Hardware,Product Utilities
ROOFTING BOLT 50MM,UNMPL/SKU/25-26/1721,Bolt,Hardware,Product Utilities
CSK BOLT 6X16MM,UNM/SKU/23-24/405,Bolt,Hardware,Product Utilities
Fastener TWO IN ONE BOLT 60X10MM,UNMPL/SKU/25-26/547,Bolt,Hardware,Product Utilities
ROOFING BOLT 50 X6 MM,,bolt,Hardware,Factory Utilities
15MM NUT BOLT,UNMPL/SKU/25-26/460,Bolt,Hardware,Product Utilities
BOLT 8X35 BLACK,UNMPL/SKU/25-26/1906,Bolt,Hardware,Product Utilities
BOLT TWO IN ONE 3/8*4 INCH,UNMPL/SKU/25-26/812,Bolt,Hardware,Product Utilities
BOLT CUTTER 14 INCH,UNMPL/SKU/25-26/751,BOLT,Hardware,Product Utilities
HEX BOLT BLACK 8X35,UNMPL/SKU/25-26/2053,BOLT,Hardware,Product Utilities
HI NUT BOLT,UNMPL/SKU/25-26/1568,Bolt,Hardware,Product Utilities
ROOFING Bolt 60 X6 MM,UNM/SKU/24-25/1488,Bolt,Hardware,Factory Utilities
Hex Bolt 8x20mm (Silver),UM-000725,Bolt,Hardware,Product Utilities
6X25 HEXA Bolt,UNM/SKU/23-24/865,Bolt,Hardware,Product Utilities
SILVER Bolt 20X4,UNM/SKU/24-25/583,Bolt,Hardware,Product Utilities
Bolt 4.5 FT,UNMPL/SKU/26-27/130,Bolt,Hardware,Product Utilities
S.S NUT JCB M-6,UNM/SKU/24-25/908,Bolt ,Hardware,Product Utilities
S. S.ALKEY BOLT BUTTON HEAD 6X25MM,UNMPL/SKU/25-26/1846,Bolt ,Hardware,Product Utilities
BOLT 6MM X 25MM BLOT (WITH OUT NUT),UNMPL/SKU/25-26/1998,BOLT ,Hardware,Product Utilities
BOLT ( SANJAY TEKTEAM),UNMPL/SKU/25-26/2133,BOLT ,Hardware,Product Utilities
REGISTER JODHANA 196 PAGE,UNM/SKU/24-25/1960,Book,Stationery,Office Utilities
SPRIAL NOTEBOOK BIG,UNM/SKU/24-25/744,Book,Consumables,Office Supplies
CG26021 W ENCLOSURE WITH 16A 3M,UNMPL/SKU/25-26/1364,BOX,Electrical,Factory Utilities
PVC MODULAR GANG BOX 12M,UNM/SKU/24-25/408,Box,Electrical,Factory Utilities
PVC MODULAR GANG BOX 6M,UNM/SKU/24-25/710,Box,Electrical,Factory Utilities
VIBCON FAME GANG BOX 6M,UNMPL/SKU/25-26/71,BOX,Electrical,Factory Utilities
GOLDEN BRASS CAP 4 INCH,UNMPL/SKU/25-26/1129,Brass Cap ,Hardware,Product Utilities
BROOM BAMBOO HEAVY,UNMPL/SKU/25-26/1914,Broom,Housekeeping,Factory Utilities
SOFT BROOM,UNMPL/SKU/25-26/1425,Broom,Housekeeping,Factory Utilities
Brush KALAM 5 NO,UNM/SKU/24-25/1402,Brush,Consumables,Factory Utilities
Brush KALAM ROUND 6 NO.,UNM/SKU/24-25/832,Brush,Consumables,Factory Utilities
"Brush 3""""",UNM/SKU/23-24/772,Brush,Consumables,Factory Utilities
"Brush 4""""",UNM/SKU/24-25/846,Brush,Consumables,Factory Utilities
Brush kalam 0 no. - 12no.,UNM/SKU/24-25/299,Brush,Consumables,Factory Utilities
Brush KALAM 8 NO,UNMPL/SKU/25-26/1086,Brush,Consumables,Factory Utilities
Brush KALAM ROUND 12 NO.,UNM/SKU/24-25/833,Brush,Consumables,Factory Utilities
Brush KALAM ROUND 3 NO.,UNM/SKU/24-25/831,Brush,Consumables,Factory Utilities
BRUSH 2'',UNMPL/SKU/25-26/914,Brush,Consumables,Product Utilities
Brush KALAM 10 NO,UNMPL/SKU/25-26/1085,Brush ,Consumables,Factory Utilities
"Brush 5"""" 125mm",MM-01401,Brush ,Consumables,Factory Utilities
"Brush 5"""" FOR PAINT",UNM/SKU/23-24/768,Brush ,Consumables,Factory Utilities
Air Bubble 1 Mtr (50 Gsm ) Small,UM-000294,Bubble Roll,Packaging,Product Utilities
Packing Air Bubble 1.5 Mtr (50 Gsm ),UM-000970,Bubble Roll,Packaging,Product Utilities
Metal Buckle,UM-000421,BUCKLE,Hardware,Product Utilities
Buffer PVC Floor protector 15mm * 3 mm,UM-000610,Buffer,Hardware,Product Utilities
Buffer BUFFER NO 4,UNMPL/SKU/25-26/1030,Buffer,Hardware,Product Utilities
Buffer Plinth Bush ( Red Color  25mm Dia.   Buffer + Screw ),,Buffer,Hardware,Product Utilities
Buffer 5 NO BROWN BUFFER,UNMPL/SKU/25-26/2143,Buffer,Hardware,Product Utilities
Buffer PVC Floor protector 12mm * 3 mm,UNMPL/SKU/25-26/46,Buffer,Hardware,Product Utilities
Buffer Buffer 5 No.,UM-000308,Buffer,Hardware,Product Utilities
Buffer PVC Floor Protector 20x6 mm,UM-000796,Buffer,Hardware,Product Utilities
Buffer BUFFER 4 NO 4 NO,UNM/SKU/23-24/652,Buffer,Hardware,Product Utilities
Buffer calendrical black,UNM/SKU/23-24/675,Buffer,Hardware,Product Utilities
Buffer black u type 12mm,UNM/SKU/23-24/722,Buffer,Hardware,Product Utilities
Buffer 22 NO. ROUND BUFFER,UNM/SKU/24-25/1113,Buffer,Hardware,Product Utilities
Buffer NO.5 WHITE,UNMPL/SKU/26-27/280,Buffer,Hardware,Product Utilities
BUTTON DIE -7801 NO.- 36#,UNMPL/SKU/25-26/2163,Button Die,Consumables,Factory Utilities
SATA CASING/ USB TO SATA (CABLET HD2533-U3),UNMPL/SKU/25-26/1360,Cable,Electrical,Factory Utilities
USB CALBLES 3MTR,UNMPL/SKU/25-26/642,Cable,IT,IT Utilities
80SQMM 3.5C ALU ARM CABLE 1100V,UNMPL/SKU/25-26/1544,Cable,Electrical,Factory Utilities
4 SQF MM 4C CU FLEX CABLE 1100V,UNMPL/SKU/25-26/1533,Cable,Electrical,Factory Utilities
6 SQ MM 4C CU FLEX CABLE 1100V,UNMPL/SKU/25-26/1880,Cable,Electrical,Factory Utilities
HPL 1 SQ MM WIRE 2C  FLEX CABLE 1100V,UNMPL/SKU/25-26/1660,Cable,Electrical,Factory Utilities
hpl 1.5sqmm 2c flex cable UNMPL/SKU/25-26/2046,UNMPL/SKU/25-26/2046,Cable,Electrical,Factory Utilities
HPL 2.3 SQ MM FR PVC INS. CU FLEX,UNMPL/SKU/25-26/1879,Cable,Electrical,Factory Utilities
1.5 sq mm 2c cc flex cable,UNM/SKU/24-25/431,Cable,Electrical,Factory Utilities
1.5 SQ MM CU FLEX CABLE ANCHOR,UNMPL/SKU/25-26/479,Cable,Electrical,Factory Utilities
HPL 2.5 SQ MM WIRE 3C  FLEX CABLE 1100V,UNMPL/SKU/25-26/2001,Cable,Electrical,Factory Utilities
CAT-6 CABLE,UNMPL/SKU/25-26/616,Cable ,IT,IT Utilities
Cable tie 20MM,UNM/SKU/24-25/207,Cable Tie,Electrical,Factory Utilities
CABLE TIE 300 MM (12 INCH),UNMPL/SKU/25-26/659,Cable Tie,Electrical,Factory Utilities
CABLE TIE 12 INCH BLACK,UNMPL/SKU/25-26/1896,Cable Tie,Electrical,Factory Utilities
CABLE TIE 450 MM X 7.6MM,UNM/SKU/24-25/1058,Cable Tie,Electrical,Factory Utilities
CABLE TIE 762MM BLACK,,Cable Tie,Electrical,Factory Utilities
"CANE (RATTAN) JALI 600"""" X 24""""",UNM/SKU/24-25/1946,Cane,Raw Material,Product Utilities
RATTAN CANE WIRE  4.5 MM,UNMPL/SKU/25-26/756,Cane,Raw Material,Product Utilities
DISPOSABLE  NON WOVEN BUFF CAP,UNM/SKU/24-25/1517,Cap,Consumables,Factory Utilities
UBC-02-BASE CAP SILVER,UNMPL/SKU/25-26/2231,Cap,Component,Product Utilities
BOSS CARBON,UNM/SKU/24-25/1846,Carbon ,Consumables,Factory Utilities
CARBON BRUSH-2,UNMPL/SKU/25-26/905,Carbon ,Consumables,Factory Utilities
MAKITA CARBON 325,UNMPL/SKU/25-26/455,Carbon ,Consumables,Factory Utilities
BOSS CARBON 5 INCH,UNM/SKU/24-25/1537,Carbon ,Spares,Factory Utilities
Gatta Sheet 3mm - SHADE 32,UNM/SKU/24-25/1065,Cardboard Sheet ,Consumables,Product Utilities
TONNER CARTRIDGE 337,UNMPL/SKU/25-26/1845,Cartridge,IT,IT Utilities
Metal Frame CENTER TABLE,UNMPL/SKU/25-26/1580,Centre Table,Component,Product Utilities
CHAIN (SANJAY TEKTEAM),UNMPL/SKU/25-26/2125,Chain,Spares,Product Utilities
ALISON CHAIR,UNMPL/SKU/25-26/1665,Chair,Finished Goods,Product Utilities
RONSEN LOUNGE CHAIR,,Chair,Component,Product Utilities
TS-373545-DALSTON-20250722 DALSTON DINING CHAIR ( LEATHER BACK),UNMPL/SKU/25-26/1532,Chair,Finished Goods,Product Utilities
WENDELL - 199163 CHS BAR WENDELL CUIR CAMEL,UNMPL/SKU/25-26/1537,Chair,Finished Goods,Product Utilities
DUNI DINING CHAIR,UNMPL/SKU/25-26/1978,Chair,Finished Goods,Product Utilities
Ani Dining Chair,UNMPL/SKU/25-26/1979,Chair,Finished Goods,Product Utilities
Dupa Dining Chair,UNMPL/SKU/25-26/1981,Chair,Finished Goods,Product Utilities
Aart Task Chair,UNMPL/SKU/25-26/1985,Chair,Finished Goods,Product Utilities
SCALLOPED DINING CHAIR,UNMPL/SKU/25-26/784,Chair,Finished Goods,Product Utilities
CHAIN SQF (CHAKAL),UNMPL/SKU/25-26/2072,Chakal,Consumables,Factory Utilities
Channel (Drawer) Push To Open INDAUX CHANNEL 12 '',UNMPL/SKU/25-26/980,Channel (Drawer),Hardware,Product Utilities
Channel (Drawer) HETTICH PUSH 2 OPEN CHANNEL ZINC 12'',UNMPL/SKU/25-26/1686,Channel (Drawer),Hardware,Product Utilities
CDSS235-PO (CONCEALED D/SLIDES SLIM 2 PUSH  OPEN (WITH FACIA BRACKET) 350MM,UNM/SKU/24-25/1543,Channel (Drawer),Hardware,Product Utilities
Channel (Drawer) EBCO CDSS2-30-SC( CONCEALED DRWER SLIDE SIIM 2) SOFT CLOSE,UNMPL/SKU/25-26/435,Channel (Drawer),Hardware,Product Utilities
Channel (Drawer) Push To Open CDSS230-PO (CONCEALED D/ SILDE- SLIM 2 PUSH OPEN),UNMPL/SKU/25-26/380,Channel (Drawer),Hardware,Product Utilities
Channel (Drawer) SOFT CLOSE Zinc EBCO STDS35-35-SC-2W KG = 350MM ZW,UNMPL/SKU/25-26/8,Channel (Drawer),Hardware,Product Utilities
Channel (Drawer) STDS 25(I) 35 ZW 250 MM ZW,UNMPL/SKU/25-26/354,Channel (Drawer),Hardware,Product Utilities
Channel (Drawer) Push To Open 422.02.061 PUSH TO OPEN TELE ZINK,UNMPL/SKU/25-26/317,Channel (Drawer),Hardware,Product Utilities
Channel (Drawer) SOFT CLOSE Zinc Hafele 12 inch - 432.02.191,UNM/SKU/24-25/1981,Channel (Drawer),Hardware,Product Utilities
Hafele hydraulic cannel 14'',UNM/SKU/24-25/139,Channel (Drawer),Hardware,Product Utilities
Channel (Drawer) Push To Open AZALEA AZ QUADRO CHANNEL300MM,UNMPL/SKU/25-26/981,Channel (Drawer) ,Hardware,Product Utilities
Channel (Drawer) Push To Open Hettich AZ QUADRAO CHANNEL300MM,,Channel (Drawer) ,Hardware,Product Utilities
Channel (Drawer) Push To Open Hettich AZ QUADRO CHANNEL300MM,,Channel (Drawer) ,Hardware,Product Utilities
Channel (Drawer) Push To Open Zinc EBCO - 14'',,Channel (Drawer) ,Hardware,Product Utilities
Channel (Drawer) SOFT CLOSE Zinc EBCO 45KG = 350MM ZW,,Channel (Drawer) ,Hardware,Product Utilities
Channel (Drawer) 12 INCH SOFT CLOSE 432.02.191,,Channel (Drawer) ,Hardware,Product Utilities
Channel (Drawer) Push To Open Zinc EBCO STDS35 I-35-PO-ZW 14'',UNM/SKU/24-25/633,Channel (Drawer) ,Hardware,Product Utilities
Channel (Drawer) 433.09.532 UM RUNNER SC F 14'' 35 KG,UNMPL/SKU/25-26/1689,Channel (Drawer) ,Hardware,Product Utilities
Channel (Drawer) 433.31.102 UM 25 P RUNNER 25 KG 350 MM,,Channel (Drawer) ,Hardware,Product Utilities
Channel (Drawer) Quadra Zinc Hafele 433.31.102 UM 25 P RUNNER 25 KG 350 MM,UNMPL/SKU/25-26/565,Channel (Drawer) ,Hardware,Product Utilities
Channel (Drawer) QUDRA 12'' PTO,UNMPL/SKU/25-26/1685,Channel (Drawer) ,Hardware,Product Utilities
BOSCH DRILL CHARGER 12V -,UNMPL/SKU/25-26/1347,CHARGER 12V -,Electrical,IT Utilities
LOBA  HYDROCHORIC ACID 37% EO 500ML,,Chemical,Consumables,Factory Utilities
ETHANOL @5% FOR LAB USE ONLY,UNMPL/SKU/25-26/1449,Chemical,Consumables,Product Utilities
Hardener AcrylicSV4310.,UNMPL/SKU/25-26/2210,Chemical,Consumables,Product Utilities
HYDROCLORIC ACID 5 LTR,,Chemical,Consumables,Office Supplies
CHISEL(CHORSI) TAPARIYA 19MM,UNMPL/SKU/25-26/1135,Chisel,Tool,Factory Utilities
CHORSI 12MM,UNM/SKU/24-25/1425,Chisel,Tool,Factory Utilities
CHUCK NUT 45MM,UNMPL/SKU/25-26/379,Chuck Nut ,Hardware,Product Utilities
CHUCK NUT Bolt 35MM,UNMPL/SKU/25-26/2166,Chuck Nut ,Hardware,Product Utilities
CHUCK NUT Bolt 45 MM,UNMPL/SKU/25-26/2167,Chuck Nut ,Hardware,Product Utilities
CHUCK NUT 35MM,UNM/SKU/24-25/1394,Chuck Nut ,Hardware,Product Utilities
HOSE CLAMP 5'',UNMPL/SKU/25-26/1313,Clamp,Tool,Factory Utilities
Toggle  HAND CLAMP big size,UNMPL/SKU/25-26/1472,Clamp,Tool,Factory Utilities
HOLD DOWN CE--6AS-H,UNMPL/SKU/25-26/1471,Clamp ,Tool,Factory Utilities
LAYRING CLAMP,UNM/SKU/24-25/1832,Clamp ,Tool,Factory Utilities
36'' MEDIUM DUTY E-Z HOLD SPREADER/CLAMP EXPANDABLE,UNMPL/SKU/25-26/1661,Clamp ,Tool,Factory Utilities
TISSUE PAPER SOFT PAPER 15 GSM (26*30)(65/70) APPRO,UNMPL/SKU/25-26/1753,Cleaning Aids,Housekeeping,Factory Utilities
TOILET BLOCKS VARKLIN 300 GM,UNMPL/SKU/25-26/1432,Cleaning Aids,Housekeeping,Factory Utilities
TOILET BRUSH,UNMPL/SKU/25-26/1764,Cleaning Aids,Housekeeping,Factory Utilities
TOILET CLEANER 5LTR,UNMPL/SKU/25-26/1427,Cleaning Aids,Housekeeping,Factory Utilities
URINAL SCREEN MAT,UNMPL/SKU/25-26/1913,Cleaning Aids,Housekeeping,Factory Utilities
WHITE FLOOR CLEANER 5LTR,UNMPL/SKU/25-26/1424,Cleaning Aids,Housekeeping,Factory Utilities
DABUR ODONIL ZIPPER,UNMPL/SKU/25-26/1426,Cleaning Aids,Housekeeping,Factory Utilities
DISH WASH LIQUD,UNMPL/SKU/25-26/1423,Cleaning Aids,Housekeeping,Factory Utilities
ODONIL ROOM SPRAY 240GM,UNMPL/SKU/25-26/1434,Cleaning Aids,Housekeeping,Factory Utilities
POLYBAG 36X48 BIG FOR DUSTBIN,UNMPL/SKU/25-26/1422,Cleaning Aids,Housekeeping,Factory Utilities
WET MOP,UNMPL/SKU/25-26/1437,Cleaning Aids,Housekeeping,Factory Utilities
DUSTPAN SUPARI,UNMPL/SKU/25-26/2086,Cleaning Aids,Housekeeping,Factory Utilities
Spring Tie Clincing clip MS (PCS),,Clip,Hardware,Product Utilities
PVC WIRE CLIP 25 MM,UNMPL/SKU/25-26/1585,Clip,Electrical,Factory Utilities
D CLIP 3 INCH 3 HOL,UNMPL/SKU/25-26/394,Clip,Hardware,Product Utilities
PVC CLIP 20MM (PKT),UNMPL/SKU/25-26/1886,Clip,Electrical,Factory Utilities
"L-Clip Black 1x1""""",UNM/SKU/23-24/317,Clip,Hardware,Product Utilities
SIFM-VL-F3 (LOW PROFILE FEMALE CILP),UNMPL/SKU/25-26/446,Clip,Hardware,Product Utilities
SIFM-VL-M3 VERY LOW PROFILE MALE CLIP,UNMPL/SKU/25-26/447,Clip,Hardware,Product Utilities
ANGLE L BRACKET 20MM*20MM CLIP,UNMPL/SKU/25-26/1081,Clip ,Hardware,Product Utilities
M66 /CL72 - CLINCHING CLIPPER MACHINE,UNMPL/SKU/25-26/1345,Clipper Machine,Asset,Factory Utilities
Safety clutch push button /b131256300a,UNM/SKU/24-25/1967,Clutch ,Electrical,Factory Utilities
SAFTY CLUTH KNOB SLEEVE / B1313055000,UNM/SKU/24-25/1973,Clutch ,Electrical,Factory Utilities
SKY AIR PU (PVC) COIL 8*12MM,UNM/SKU/24-25/590,Coil ,Spares,Factory Utilities
SKY AIR PU COIL 8MM,UNMPL/SKU/25-26/1553,Coil ,Spares,Factory Utilities
Metal Frame LOGAN BENCH,UNMPL/SKU/25-26/925,Component,Component,Product Utilities
External Metal Frame clapper chair back frame 14 gauge,UNM/SKU/24-25/1699,Component,Component,Product Utilities
External Metal Frame Clapper chair seat frame 14 GAUGE,UNM/SKU/24-25/1716,Component,Component,Product Utilities
External Metal Frame CLAPPER COUNTER/BAR J PIPE 14 GAUGE,UNM/SKU/24-25/1718,Component,Component,Product Utilities
INTEL PROCESSOR CORE I5 8TH GENRATION,UNMPL/SKU/25-26/549,Computer Component,Asset,IT Utilities
LED MONITOR MSI PRO MP223 E2,UNMPL/SKU/25-26/490,Computer Component,Electrical,Factory Utilities
OPTICAL MOUSE DELL,UNM/SKU/24-25/440,Computer Component,Asset,IT Utilities
COOLING FAN / HEATSINK,UNMPL/SKU/25-26/550,Computer Component ,IT,IT Utilities
DDR3 8GB RAM,UNM/SKU/24-25/1654,Computer Component ,Asset,IT Utilities
DDR4 8GB,UNM/SKU/24-25/429,Computer Component ,Asset,IT Utilities
DESKTOP PC DELL OPTIPLEX 3070 (9GM),UNMPL/SKU/25-26/548,Computer Component ,Asset,IT Utilities
COPPER TERMINAL 25MM,UNMPL/SKU/25-26/1541,Computer Component ,Spares,Factory Utilities
POWER CABLE,UNM/SKU/24-25/1705,Computer Parts,Electrical,Factory Utilities
L BOW 12MM,UNMPL/SKU/25-26/2196,Connector,Consumables,Factory Utilities
PU CONECTOR 8MM,UNM/SKU/24-25/1877,Connector,Consumables,Factory Utilities
PU TEE 8MM,UNMPL/SKU/25-26/1502,Connector,Consumables,Factory Utilities
12X12X8MM T JOINT,UNMPL/SKU/25-26/343,Connector,Consumables,Factory Utilities
GUN HUG 8MM SP-20,UNMPL/SKU/25-26/1563,Connector,Consumables,Factory Utilities
WATER PIPE JOINT (PLASTIC),UNMPL/SKU/25-26/48,Connector,Consumables,Factory Utilities
8MM PVC T FOR AIR COMPRESSOR,UNMPL/SKU/25-26/340,Connector,Consumables,Factory Utilities
GUN HUG 12MM ( GUN ITEM) SP-40,UNMPL/SKU/25-26/1859,Connector,Consumables,Factory Utilities
HUG ADAPTOR 1/4 PM 20,UNMPL/SKU/25-26/583,Connector,Consumables,Factory Utilities
PVC TEE 20MM,UNMPL/SKU/25-26/1885,Connector,Consumables,Factory Utilities
PVC TEE 25MM,UNMPL/SKU/25-26/442,Connector,Consumables,Factory Utilities
SIBAS CONTRACTOR SE 1D 1810,UNMPL/SKU/25-26/1825,Connector,Consumables,Factory Utilities
T.C. CONTACTOR D RANGE 9A NO,UNMPL/SKU/25-26/1148,Connector,Consumables,Factory Utilities
"U Corner BIG SIZE - 20.75""""X5""""X6.5"""" + 40MM FOAM - WITH ANGLE BOARD",UNMPL/SKU/25-26/1033,Connector,Consumables,Product Utilities
EQUAL STRAIGHT UNION 1620X1620,UNMPL/SKU/25-26/1702,Connector,Consumables,Factory Utilities
BRASS CONNECTOR 8*12*1/2,UNM/SKU/24-25/592,Connector,Consumables,Factory Utilities
PU EQUAL TEE 12X12MM,UNMPL/SKU/25-26/1551,Connector,Consumables,Factory Utilities
PU EQUAL TEE 8X8MM,UNMPL/SKU/25-26/1552,Connector,Consumables,Factory Utilities
PU STR. UNION 8MM,UNMPL/SKU/25-26/1947,Connector,Consumables,Factory Utilities
UNEQUAL TEE  2532 X 1620 X 1620,UNMPL/SKU/25-26/1681,Connector,Consumables,Factory Utilities
WALL PLATED ELBO 1620X1/2'',UNM/SKU/24-25/961,Connector,Consumables,Factory Utilities
PUSH CONNECTOR 12X12MM,UNMPL/SKU/25-26/1550,Connector,Consumables,Factory Utilities
PUSH CONNECTOR 8MM X 8MM,UNMPL/SKU/25-26/1549,Connector,Consumables,Factory Utilities
PU CONCTER 6MM,UNM/SKU/24-25/1692,Connector,Consumables,Factory Utilities
CONNECTOR QRC APAPTOR,UNM/SKU/24-25/595,Connector,Consumables,Factory Utilities
Pvc connector strip 10A,UNMPL/SKU/26-27/229,Connector,Consumables,Factory Utilities
AIR COMPRESSOR JOINT 12X8MM,UNM/SKU/24-25/1760,Connector,Spares,Factory Utilities
AIR COMPRESSOR JOINT 8MM,UNM/SKU/24-25/1761,Connector,Spares,Factory Utilities
PNUMATIC CONNETOR PLASTIC 8MM (T),UNM/SKU/24-25/607,Connector,Spares,Factory Utilities
STAPLE GUN ADEPTER PF-20,UNM/SKU/24-25/1849,Connector,Spares,Factory Utilities
BRASS GUN ITEM 1/4X12MM,UNM/SKU/24-25/748,Connector,Spares,Factory Utilities
1/4*1/4 INNER CHUDI SOCKET (GUN ITEM),UNM/SKU/24-25/749,Connector,Spares,Factory Utilities
12X8X8 PVC T JOINT,UNMPL/SKU/25-26/344,Connector ,Consumables,Factory Utilities
8 MM PVC JOINT,UNMPL/SKU/25-26/342,Connector ,Consumables,Factory Utilities
PVC PIPE JOINTER,UNMPL/SKU/25-26/269,Connector ,Consumables,Factory Utilities
PVC CONNECTOR 6A,UNM/SKU/24-25/1256,Connector ,Consumables,Factory Utilities
CONECTOR STRIP,UNMPL/SKU/25-26/1892,Connector ,Consumables,Factory Utilities
PVC BAND 25MM (W),UNMPL/SKU/25-26/443,Connector ,Consumables,Factory Utilities
CONTROL PANEL WITH WIRING,UNMPL/SKU/25-26/1487,Control Panel ,Asset,Factory Utilities
WATER COOLER PUMP SMAL;,,Cooler,Asset,Factory Utilities
"20MM SOFA Corner 4X4 - 5""""L - 60MM GAPE + ANGLE BOARD",UNMPL/SKU/25-26/1215,Corner,Packaging,Product Utilities
"20MM SOFA Corner 6X5 10L - 4"""" GAPE + ANGLE BOARD",UNMPL/SKU/25-26/1216,Corner,Packaging,Product Utilities
"20MM U CLIP 5X5 - 3"""" GAPE 10""""L+ANGLE BOARD",UNMPL/SKU/25-26/1214,Corner,Packaging,Product Utilities
25 mm foam Corner with angle 5x5x5,UNM/SKU/23-24/1065,Corner,Packaging,Product Utilities
25mm foam L Corner,UNM/SKU/23-24/299,Corner,Packaging,Product Utilities
"25MM FOAM U CLIP 5''GAPE 10""""L 5""""X5""""5",UNMPL/SKU/25-26/422,Corner,Packaging,Product Utilities
"40MM U CLIP 5X5X -2"""" GAPE 10""""L+ANGLE BOARD",UNMPL/SKU/25-26/1217,Corner,Packaging,Product Utilities
50MM L Corner 5X5,UNMPL/SKU/25-26/1169,Corner,Packaging,Product Utilities
50MM/25MM Corner 5X5 + ANGLE BOARD,UNMPL/SKU/25-26/1168,Corner,Packaging,Product Utilities
"ADHESIVE BATTA 7""""X3.5""""X5""""",UNMPL/SKU/25-26/1269,Corner,Packaging,Product Utilities
"ADHESIVE EPE FOAM 8.5""""X4""""X20MM",UNMPL/SKU/25-26/1268,Corner,Packaging,Product Utilities
Corner 5''x5''x5x20mm with angle board,UNM/SKU/23-24/758,Corner,Packaging,Product Utilities
"DTC Corner 5""""GAPE 5""""X5""""X5"""" WITH ANGLE 25MM FOAM",UNMPL/SKU/25-26/420,Corner,Packaging,Product Utilities
"Packing (Imogene Chair) Foam 25mm L-Corner 5""""X5""""X10""""",UM-000638,Corner,Packaging,Product Utilities
"Packing (Imogene Chair) Foam Pipe Corner 25/45 Pipe=6"""" Cut  25mm 70x70=1Pc",,Corner,Packaging,Product Utilities
Packing Corner 20MM 80x17 with 8 inch AB,UM-000347,Corner,Packaging,Product Utilities
"Packing EPE C-Section Length=8""""  Size: 55x25mm   ( Inner gap-25mm ) ( P-3 ROD)",,Corner,Packaging,Product Utilities
"Packing L Corner 10 """"X 5"""" X5"""" 20mm with Angle Board",UM-000299,Corner,Packaging,Product Utilities
"Packing NS Muirified Chair Front Side Corner (Left+Right)  (5""""x5"""")",,Corner,Packaging,Product Utilities
110 MM U CLIP 10'' WITH ANGLE,UNMPL/SKU/25-26/1127,Corner,Packaging,Product Utilities
"35/55 PIPE = 45MM LENGTH 20MM FOAM 2""""X2""""",UNMPL/SKU/25-26/423,Corner,Packaging,Product Utilities
40MM+25MM L Corner 10X4X4 WITH ANGLE,UNMPL/SKU/25-26/295,Corner,Packaging,Product Utilities
"ADHESIVE EPE FOAM 4""""X4""""X75MM",UNMPL/SKU/25-26/296,Corner,Packaging,Product Utilities
"Corner 5''x5''x3"""" 20mm with one side angle board",UNMPL/SKU/25-26/1465,Corner,Packaging,Product Utilities
"Packing (Imogene Chair) Foam Corner 65mm 4""""x4""""=1Pc  65mm 170x4""""=1Pc   50mm 170x4""""=1Pc  25mm 8""""x170=1Pc",,Corner,Packaging,Product Utilities
"Packing Center SUPPORT IRON Leg Box Cap Outer Size : 4.50""""x5.50""""x5""""  Internal Gap : 2.50""""x3.50""""x4"""" (P-3)",,Corner,Packaging,Product Utilities
"Packing Center SUPPORT Leg Box Cap Outer Size : 3.50""""x3.50""""x5""""  Internal Gap : 1.50""""x1.50""""x4""""",,Corner,Packaging,Product Utilities
"Packing Corner Dahlia Bed Size : 9""""x7X""""5""""  Left+Right ( p-1 &2)",,Corner,Packaging,Product Utilities
PACKING Corner DAHLIYA 7X8X5 40MM BOTTOM 50MM,UNMPL/SKU/25-26/1405,Corner,Packaging,Product Utilities
Packing EPE Adhesive Block Size: 100x100x100mm (P-3 FOR BOX),UM-000773,Corner,Packaging,Product Utilities
"Packing EPE Block Dahlia King Bed P3 5.50""""""""x4""""x3.50"""" (P-3 FOR SLATS PACKING)",,Corner,Packaging,Product Utilities
"Packing EPE-Block Size : 22""""X4""""X80MM ADHESIVE ( P-3 SIDE RAILS)",UM-000772,Corner,Packaging,Product Utilities
"Packing Leg Box Cap Size : 4""""x5""""x5"""" (HB/FB)",UM-000769,Corner,Packaging,Product Utilities
"Packing Packing EPE-Block Size : 9""""x2.50"""" (65mm)",UNMPL/SKU/25-26/1071,Corner,Packaging,Product Utilities
"Packing Side U-Corner Dahlia Bed Size : 7""""x7""""x5"""" (P-1 &2 SIDE)",UM-000767,Corner,Packaging,Product Utilities
"Packing U-Corner Dahlia Bed Size : 8""""x7""""x5"""" (P-1&2 TOP)",UM-000766,Corner,Packaging,Product Utilities
Pipe Corner clapper chair,UNM/SKU/24-25/1648,Corner,Packaging,Product Utilities
"10""""L WITH 40MM 4""""X4"""" INNER Spack",UNM/SKU/24-25/101,Corner,Packaging,Product Utilities
15MM FOAM 12.5X10.75X3 INCH,UNMPL/SKU/25-26/1124,Corner,Packaging,Product Utilities
"40MM FOAM Corner BIG SIZE - 20.75""""X7""""X7""""+ TWO SIDE - WITH ANGLE BOARD",UNMPL/SKU/25-26/1034,Corner,Packaging,Product Utilities
40MM SOFA Corner,UNMPL/SKU/25-26/1125,Corner,Packaging,Product Utilities
40MM U CLIP Corner,UNMPL/SKU/25-26/1126,Corner,Packaging,Product Utilities
50mm + 25mm foam L Corner wth Angle Board,UNM/SKU/23-24/301,Corner,Packaging,Product Utilities
50mm foam+25mm foam Corner with angle board,UNM/SKU/23-24/296,Corner,Packaging,Product Utilities
65mm foam + 25mm foam Corner with angle board,UNM/SKU/23-24/297,Corner,Packaging,Product Utilities
"batta EPE 4""""X3""""",,Corner,Packaging,Product Utilities
"DTC Corner 5""""X5""""X5"""" WITH ANGLE 25MM FOAM",,corner,Packaging,Product Utilities
"l Corner 10""""x4""""x40mm",,corner,Packaging,Product Utilities
Packing (Maraba Bed P-1) Foam 40mm Box Corner 55x55 Gap 100x100=4Pc  140x140=1Pc,,corner,Packaging,Product Utilities
Packing Athena Dining Chair 125x125x105x200 (20mm) + 105x105 (115mm) (Left + Right),UM-000714,corner,Packaging,Product Utilities
Packing NS Muirified Chair Back Side Corner (Left+Right) (200x180-65mm)  (180x100-65mm)  (135x100-25mm),,corner,Packaging,Product Utilities
Packing NS Muirified Chair L-Corner (140x140-65mm)   (140x100-25mm),,corner,Packaging,Product Utilities
5mm(75x75) angle board 2000mm,UNMPL/SKU/25-26/1301,Corner,Packaging,Product Utilities
Packing EPS CUT SHEET D-16 39.5X23X12.5MM,UNMPL/SKU/25-26/611,Corner,Packaging,Product Utilities
Packing EPS CUT SHEET D-16 39X23X12.5MM,UNMPL/SKU/25-26/605,Corner,Packaging,Product Utilities
Packing EPS CUT SHEET D-16 41X23X12.5MM,UNMPL/SKU/25-26/604,Corner,Packaging,Product Utilities
Packing EPS HAND MOULDING D-16 28X22.25X5,UNMPL/SKU/25-26/606,Corner,Packaging,Product Utilities
Packing EPS HAND MOULDING D-16 28X22.25X5+5,UNMPL/SKU/25-26/599,Corner,Packaging,Product Utilities
Packing EPS HAND MOULDING D-16 50.5X34.5X2.75+1.5,UNMPL/SKU/25-26/603,Corner,Packaging,Product Utilities
Packing EPS HAND MOULDING D-16 50.75X35X2.75 LEATHER FRAME,UNMPL/SKU/25-26/610,Corner,Packaging,Product Utilities
Packing EPS HAND MOULDING D-16 51.5X33X2.75+1.5 (WOODEN FRAME),UNMPL/SKU/25-26/608,Corner,Packaging,Product Utilities
Packing EPS HAND MOULDING D-16 51X32.75X3+1.5,UNMPL/SKU/25-26/602,Corner,Packaging,Product Utilities
Packing EPS HAND MOULDING D-16 67.5X23X5,UNMPL/SKU/25-26/607,Corner,Packaging,Product Utilities
Packing EPS HAND MOULDING D-16 67.5X23X5+5,UNMPL/SKU/25-26/601,Corner,Packaging,Product Utilities
"Packing Thermacol Block - Dahlia King Footboard Bed-D20- 75""""x8""""x2.50""""",UM-000801,corner,Packaging,Product Utilities
"Packing EPE-Block Size : 22""""X4""""X80MM Adhesive ( P-3 SIDE RAILS) FOR DHALIA QUEEN BED USE",UNM/SKU/24-25/1487,corner,Packaging,Product Utilities
"50MM L CORNER WITH ANGLE BOARD - 10""""X5""""X4""""",UNMPL/SKU/25-26/2066,corner,Packaging,Product Utilities
Packing 65MM - 4*4-50MM 4*7*2PC-25MMM 9*7-20MM 4*4 LEFT+RIGHT,UNMPL/SKU/25-26/2149,corner,Packaging,Product Utilities
Packing 40MM X 10*4 L CORNER 25MM X10*6,UNMPL/SKU/25-26/2150,corner,Packaging,Product Utilities
Packing 50MM 3.5*7 - 3.5*3 Adhesive LEFT + RIGHT,UNMPL/SKU/25-26/2151,corner,Packaging,Product Utilities
Corrugated Box LAILA 6 DRAWER 65X21X32,UNMPL/SKU/25-26/521,Corrogated Box,Packaging,Product Utilities
"Corrugated Box LAILA BED P1 - 77""""X7""""X56""""",UNMPL/SKU/25-26/632,Corrogated Box,Packaging,Product Utilities
Corrugated Box LAILA BED P1 82X8X53,UNMPL/SKU/25-26/724,Corrogated Box,Packaging,Product Utilities
"Corrugated Box LAILA BED P2 - 78""""X6.5""""X31.5""""",UNMPL/SKU/25-26/633,Corrogated Box,Packaging,Product Utilities
Corrugated Box LAILA BED P2 82X8X32,UNMPL/SKU/25-26/725,Corrogated Box,Packaging,Product Utilities
"Corrugated Box LAILA BED P3 - 84.5""""X15.5""""X18.5""""",UNMPL/SKU/25-26/634,Corrogated Box,Packaging,Product Utilities
"Corrugated Box LAILA BENCH 64.5""""X21.25""""X21"""" - 5 PLY",UNM/SKU/24-25/1660,Corrogated Box,Packaging,Product Utilities
Corrugated Box LAILA BN0523-02B 64X21X22.5,UNMPL/SKU/25-26/731,Corrogated Box,Packaging,Product Utilities
Corrugated Box LAILA MIRROR 50X5X34,,Corrogated Box,Packaging,Product Utilities
"Corrugated Box LAILA MIRROR 53.5""""X7""""X37.5"""" - 5PLY",UNMPL/SKU/25-26/520,Corrogated Box,Packaging,Product Utilities
Corrugated Box LAILA P3 OUTER BOX 84.5X15X18 5 PLY,UNMPL/SKU/25-26/761,Corrogated Box,Packaging,Product Utilities
"Corrugated Box LAILA SIDE BOARD 6 DRAWER 70""""X27""""X37.5"""" - 5 PLY",UNMPL/SKU/25-26/776,Corrogated Box,Packaging,Product Utilities
Corrugated Box LAILA SIDE TABLE 27X21X20.5,UNMPL/SKU/25-26/522,Corrogated Box,Packaging,Product Utilities
Corrugated Box L SHAPE BOX 37X26X22 INCH 5PLY 275 LBS,UNMPL/SKU/25-26/902,Corrogated Box,Packaging,Product Utilities
Corrugated Box LAILA 6 DRAWER 70.75X26.5X38 5PLY,UNMPL/SKU/25-26/990,Corrogated Box,Packaging,Product Utilities
Corrugated Box LAILA BED P1 67X7X57,UNM/SKU/24-25/1089,Corrogated Box,Packaging,Product Utilities
Corrugated Box LAILA BED P1 76.5X6.X55.5 (C&M) 5PLY,,Corrogated Box,Packaging,Product Utilities
Corrugated Box LAILA BED P2 67X7X32,UNM/SKU/24-25/1090,Corrogated Box,Packaging,Product Utilities
Corrugated Box LAILA BED P2 77.75X6.5X31 (C&M)- 5PLY,UNMPL/SKU/25-26/982,Corrogated Box,Packaging,Product Utilities
Corrugated Box LAILA BED P3 84.5X15X18 (C&M) 5PLY,,Corrogated Box,Packaging,Product Utilities
Corrugated Box LAILA BED P3 89X16X17.5 - 5 ply,UNM/SKU/24-25/1091,Corrogated Box,Packaging,Product Utilities
PACKING LEG BOX 4X5X5 40MM 3 SIDE AND BOTTOM 2MM GATTA,UNMPL/SKU/25-26/1404,Corrogated Sheet ,Packaging,Product Utilities
Corrugated paper roll 48 inch (roll),,Corrugate paper roll,Packaging,Product Utilities
Corrugated Box 24.75X23.25X40.75 5 PLY,UNMPL/SKU/25-26/1863,Corrugated Box,Packaging,Product Utilities
"Corrugated Box 249321 NS MUIRFIELD CHAIR (Outer) 37.5"""" x 32.5"""" x 29.50"""" RSC",UM-000754,Corrugated Box,Packaging,Product Utilities
Corrugated Box 25X23.5X41 5 PLY,UNMPL/SKU/25-26/1864,Corrugated Box,Packaging,Product Utilities
Corrugated Box 27X23X36 BRAYNAT DINING CHAIR 5 PLY,UNMPL/SKU/25-26/695,Corrugated Box,Packaging,Product Utilities
"Corrugated Box 288042 FA24 RODIN CHAIR 21.5"""" X 23"""" X 37.5""""",UNM/SKU/24-25/148,Corrugated Box,Packaging,Product Utilities
"Corrugated Box 339422 Brussels Dining Chair - Master 22.5"""" x 26"""" x 33"""" RSC 5 ply",UNM/SKU/24-25/480,Corrugated Box,Packaging,Product Utilities
Corrugated Box 34.75X74X7.5,UNMPL/SKU/25-26/2162,Corrugated Box,Packaging,Product Utilities
Corrugated Box 455597-NS IMOGENE CHR HAIR ON HIDE (OUTER) 35x29x37 RSC,UM-000491,Corrugated Box,Packaging,Product Utilities
Corrugated Box 48191010,UNMPL/SKU/25-26/1950,Corrugated Box,Packaging,Product Utilities
"Corrugated Box 601920 NEUE DINING ARM CHAIR 27.5""""X26.25""""X37.25"""" RSC  5 PLY",,Corrugated Box,Packaging,Product Utilities
"Corrugated Box 676313 Rodin Bench - (Outer) 63.75"""" x 20.25"""" x 21.25"""" RSC",UM-000670,Corrugated Box,Packaging,Product Utilities
Corrugated Box 69.75X2.5X10,UNMPL/SKU/25-26/2164,Corrugated Box,Packaging,Product Utilities
Corrugated Box 78X9X54 (NYRA BED P1),UNMPL/SKU/25-26/635,Corrugated Box,Packaging,Product Utilities
Corrugated Box 83.75X74X7.25,UNMPL/SKU/25-26/2161,Corrugated Box,Packaging,Product Utilities
Corrugated Box 84.5X74.75X7.5,UNMPL/SKU/25-26/2160,Corrugated Box,Packaging,Product Utilities
"Corrugated Box Amber Queen Headboard 65""""X7.5""""x31.5"""" RSC 5 PLY",UNMPL/SKU/25-26/43,Corrugated Box,Packaging,Product Utilities
"Corrugated Box Amber Twin Headboard 46""""x7.5""""x31.5"""" RSC 5 ply",UNMPL/SKU/25-26/42,Corrugated Box,Packaging,Product Utilities
"Corrugated Box ARNAS CHAIR 38""""X28""""X39.5 - 5 PLY",UNM/SKU/24-25/1087,Corrugated Box,Packaging,Product Utilities
Corrugated Box BETSY CHAIR DUMMY 19''X15''X15.5'' (3ply) RSC,UNM/SKU/23-24/552,Corrugated Box,Packaging,Product Utilities
Corrugated Box M&D 3 seater 87.5X39X29,UNM/SKU/24-25/109,Corrugated Box,Packaging,Product Utilities
"Corrugated Box Nikki Queen Headboard 64""""x6.5""""x31"""" RSC 5 PLY",UNMPL/SKU/25-26/44,Corrugated Box,Packaging,Product Utilities
"Corrugated Box NIKKI TWIN HEADBOARD 42.5""""X6.5""""X31"""" RSC 5 PLY",UNMPL/SKU/25-26/45,Corrugated Box,Packaging,Product Utilities
"Corrugated Box NYOMI CHAIR -CORRUGATED BOX- 33.5""""X33""""X34""""",UNM/SKU/24-25/1332,Corrugated Box,Packaging,Product Utilities
"Corrugated Box NYOMI STOOL - CORRUGATED BOX- 27""""X21""""X21""""",UNMPL/SKU/25-26/433,Corrugated Box,Packaging,Product Utilities
"Corrugated Box NYRA BED P1 5 PLY - 78.25""""X10""""X54""""",UNM/SKU/24-25/116,Corrugated Box,Packaging,Product Utilities
"Corrugated Box NYRA BED P2 - 5 PLY - 78.25""""X8""""X21.5""""",UNM/SKU/24-25/117,Corrugated Box,Packaging,Product Utilities
"Corrugated Box NYRA BED P3 Outer - 5 PLY - 84.5""""X13""""X17.25""""",UNM/SKU/24-25/119,Corrugated Box,Packaging,Product Utilities
"Corrugated Box POST King BED BOX P3 - 84""""X12""""X15"""" - 5 PLY",UNMPL/SKU/25-26/1060,Corrugated Box,Packaging,Product Utilities
Corrugated Box UD354 SPPL WAL BETSY CHAIR OUTER 26.75''X22.75 X 39.25'' ( 5ply) RSC,UNM/SKU/24-25/1757,Corrugated Box,Packaging,Product Utilities
Corrugated Box UD354 SPSK WAL BETSY CHAIR OUTER - 26.75''X22.75 X 39.25'' ( 5ply) RSC,UNM/SKU/23-24/551,Corrugated Box,Packaging,Product Utilities
"Corrugated Box Valle chair (Outer) 557691 35.5""""x33.5""""x28.5"""" RSC",UM-000848,Corrugated Box,Packaging,Product Utilities
Corrugated Box 160076 - Imogene White Fabric Lounge chair - 35x29x37 RSC,UNM/SKU/24-25/1642,Corrugated Box,Packaging,Product Utilities
Corrugated Box 19.5X19X9.5,UNMPL/SKU/25-26/623,Corrugated Box,Packaging,Product Utilities
Corrugated Box 21X12.75X14,UNMPL/SKU/25-26/625,Corrugated Box,Packaging,Product Utilities
Corrugated Box 23.75X21X43,UNMPL/SKU/25-26/621,Corrugated Box,Packaging,Product Utilities
Corrugated Box 23X18X12,UNMPL/SKU/25-26/622,Corrugated Box,Packaging,Product Utilities
Corrugated Box 24X21X45,UNMPL/SKU/25-26/624,Corrugated Box,Packaging,Product Utilities
Corrugated Box 25.5x8x.25.75,UNMPL/SKU/25-26/619,Corrugated Box,Packaging,Product Utilities
Corrugated Box 25X20X19,UNMPL/SKU/25-26/620,Corrugated Box,Packaging,Product Utilities
Corrugated Box 25x21x21 (NYRA BEDSIDE),UNMPL/SKU/25-26/638,Corrugated Box,Packaging,Product Utilities
Corrugated Box 26.5X20.25X21.5,UNMPL/SKU/25-26/627,Corrugated Box,Packaging,Product Utilities
Corrugated Box 27X25.25X21.5,UNMPL/SKU/25-26/631,Corrugated Box,Packaging,Product Utilities
Corrugated Box 32.5X24X10,UNMPL/SKU/25-26/1951,Corrugated Box,Packaging,Product Utilities
Corrugated Box 32.5X27.5X8.5,UNMPL/SKU/25-26/1952,Corrugated Box,Packaging,Product Utilities
Corrugated Box 32x28.5x34,UNMPL/SKU/25-26/618,Corrugated Box,Packaging,Product Utilities
Corrugated Box 38.5X33.5X34 ENZO CHAIR 5PLY,UNMPL/SKU/25-26/692,Corrugated Box,Packaging,Product Utilities
Corrugated Box 39X29X31.5 ARNAS CHAIR 5PLY,UNMPL/SKU/25-26/694,Corrugated Box,Packaging,Product Utilities
Corrugated Box 39X37X34 NEIL CHAIR 5 PLY,UNMPL/SKU/25-26/693,Corrugated Box,Packaging,Product Utilities
Corrugated Box 455597-IMOGENE LOUNGE CHAIR (OUTER) 35x29x37 RSC,,Corrugated Box,Packaging,Product Utilities
Corrugated Box 5 PLY LAILA BENCH 50X5X4,UNMPL/SKU/25-26/519,Corrugated Box,Packaging,Product Utilities
Corrugated Box 51.25x4.75x33.25,UNMPL/SKU/25-26/629,Corrugated Box,Packaging,Product Utilities
Corrugated Box 51X4.5X35.5,UNMPL/SKU/25-26/630,Corrugated Box,Packaging,Product Utilities
Corrugated Box 53.5X6.5X35,UNMPL/SKU/25-26/615,Corrugated Box,Packaging,Product Utilities
Corrugated Box 53.5X6.5X37.5,UNMPL/SKU/25-26/614,Corrugated Box,Packaging,Product Utilities
"Corrugated Box 601941 NEUE COUNTER STOOL 24.25""""X21""""X40"""" RSC   5 PLY",,Corrugated Box,Packaging,Product Utilities
Corrugated Box 60X5X15.5 5PLY,UNMPL/SKU/25-26/1177,Corrugated Box,Packaging,Product Utilities
Corrugated Box 65.25X21.25X35.5,UNMPL/SKU/25-26/626,Corrugated Box,Packaging,Product Utilities
Corrugated Box 70.25X26.25X37.25,UNMPL/SKU/25-26/613,Corrugated Box,Packaging,Product Utilities
Corrugated Box 73X5X11.5 INCH 3PLY DUMMY,UNMPL/SKU/25-26/2063,Corrugated Box,Packaging,Product Utilities
Corrugated Box 78X7X32 (LAILA BED P2),,Corrugated Box,Packaging,Product Utilities
Corrugated Box 78X7X56 (P1 LAILA BED),,Corrugated Box,Packaging,Product Utilities
Corrugated Box 78X9X22 (NYRA BED P2),UNMPL/SKU/25-26/636,Corrugated Box,Packaging,Product Utilities
Corrugated Box 82.5X6X23 INCH 5 PLY,UNMPL/SKU/25-26/2062,Corrugated Box,Packaging,Product Utilities
Corrugated Box 82.5X6X73.5 INCH 5 PLY,UNMPL/SKU/25-26/2060,Corrugated Box,Packaging,Product Utilities
Corrugated Box 82X10X16.5 (LAILA BED P3),,Corrugated Box,Packaging,Product Utilities
Corrugated Box 84X10X10 INCH 5PLY,UNMPL/SKU/25-26/2064,Corrugated Box,Packaging,Product Utilities
Corrugated Box 84X18X20 (NYRA BED P3),UNMPL/SKU/25-26/637,Corrugated Box,Packaging,Product Utilities
"Corrugated Box Aloff 40""""X38""""X34"""" - 5ply",UNMPL/SKU/25-26/75,Corrugated Box,Packaging,Product Utilities
Corrugated Box ARNAS CHAIR 37X29X31.25,,Corrugated Box,Packaging,Product Utilities
"Corrugated Box automn - 23""""x""""23""""x19""""",UNMPL/SKU/25-26/1285,Corrugated Box,Packaging,Product Utilities
"Corrugated Box BELLA CHAIR 34.5""""X29.75""""X35""""",UNMPL/SKU/25-26/657,Corrugated Box,Packaging,Product Utilities
Corrugated Box BELLA CHAIR 34X29.5X34.5 5PLY,UNMPL/SKU/25-26/1005,Corrugated Box,Packaging,Product Utilities
"Corrugated Box BONITA ARM CHAIR 36""""X30""""X32""""",UNM/SKU/24-25/1665,Corrugated Box,Packaging,Product Utilities
Corrugated Box BOX LAILA P3 82X20X18 5PLY,UNMPL/SKU/25-26/1001,Corrugated Box,Packaging,Product Utilities
Corrugated Box BOX NAYRA P3 86X20X20.5 5PLY,UNMPL/SKU/25-26/1002,Corrugated Box,Packaging,Product Utilities
Corrugated Box BOX RN0325-14 25.25X25X37 5PLY,UNMPL/SKU/25-26/998,Corrugated Box,Packaging,Product Utilities
Corrugated Box BRAYANT CHAIR 24.5X22.75X40,UNMPL/SKU/25-26/992,Corrugated Box,Packaging,Product Utilities
Corrugated Box BRAYANT CHAIR BOX 31.5X29.5X33,UNMPL/SKU/25-26/728,Corrugated Box,Packaging,Product Utilities
"Corrugated Box CAMPAIGN CHAIR 36""""X33""""X34",UNMPL/SKU/25-26/647,Corrugated Box,Packaging,Product Utilities
Corrugated Box CAP FOR MODULAR SOFA 3 SEATER 83.75X40.75X6,UNM/SKU/24-25/1365,Corrugated Box,Packaging,Product Utilities
"Corrugated Box custom 1s sofa - 37""""37""""x37",UNMPL/SKU/25-26/1280,Corrugated Box,Packaging,Product Utilities
"Corrugated Box custom long chair - 33""""29.5""""x31""""",UNMPL/SKU/25-26/1281,Corrugated Box,Packaging,Product Utilities
"Corrugated Box custom long chair 30A - 33""""28.5""""x36""""",UNMPL/SKU/25-26/1282,Corrugated Box,Packaging,Product Utilities
"Corrugated Box custom sofa 57""""34""""x37",UNMPL/SKU/25-26/1279,Corrugated Box,Packaging,Product Utilities
"Corrugated Box DANNY CHAIR 5 PLY - 39""""X35""""X32"""" RSC",UNM/SKU/24-25/723,Corrugated Box,Packaging,Product Utilities
Corrugated Box DANNY CHAIR WOFEX CHAIR 83X39X37,UNMPL/SKU/25-26/1781,Corrugated Box,Packaging,Product Utilities
Corrugated Box DARCY SOFA 70X33.5X35,UNMPL/SKU/25-26/1778,Corrugated Box,Packaging,Product Utilities
"Corrugated Box day bed - 79""""x31""""x28""""",UNMPL/SKU/25-26/1284,Corrugated Box,Packaging,Product Utilities
"Corrugated Box desk chair 1- 26.5""""x21.5""""x37""""",UNMPL/SKU/25-26/1288,Corrugated Box,Packaging,Product Utilities
"Corrugated Box desk chair 27""""x25""""x31""""",UNMPL/SKU/25-26/1287,Corrugated Box,Packaging,Product Utilities
Corrugated Box FLORA BED P1 73X15X57,UNMPL/SKU/25-26/1782,Corrugated Box,Packaging,Product Utilities
"Corrugated Box GG CHAIR - 5ply- 37.5""""X29.25""""X31""""",UNMPL/SKU/25-26/645,Corrugated Box,Packaging,Product Utilities
Corrugated Box HENA CHAIR 33X31.5X35.5 5PLY,UNMPL/SKU/25-26/1717,Corrugated Box,Packaging,Product Utilities
"Corrugated Box hsc sofa 83""""X40""""X37""""",UNMPL/SKU/25-26/646,Corrugated Box,Packaging,Product Utilities
"Corrugated Box LAILA SIDE TABLES 30.25""""X24.5""""X27.25"""" - 5PLY",UNM/SKU/24-25/1092,Corrugated Box,Packaging,Product Utilities
"Corrugated Box longe chair 36.5""""x31.5""""x37""""",UNMPL/SKU/25-26/1286,Corrugated Box,Packaging,Product Utilities
"Corrugated Box NEUE COUNTER STOOL LOWER DUMMY 16""""X19""""X8.75"""" RSC   3 PLY",,Corrugated Box,Packaging,Product Utilities
Corrugated Box NEW CHESTERFIELD SOFA 89X34X33,UNMPL/SKU/25-26/1776,Corrugated Box,Packaging,Product Utilities
"Corrugated Box Nyra 2 drawer 25""""X21""""X23.5"""" - 5 PLY RSC",UNMPL/SKU/25-26/793,Corrugated Box,Packaging,Product Utilities
"Corrugated Box NYRA 6 DRAWER 63.5""""X21.5""""X34.5"""" - 5 ply",UNMPL/SKU/25-26/524,Corrugated Box,Packaging,Product Utilities
Corrugated Box NYRA 6 DRAWER 63.5X21X28,,Corrugated Box,Packaging,Product Utilities
Corrugated Box NYRA 6 DRAWER SAMPLE 63.75X21.75X35 5 PLY,UNMPL/SKU/25-26/760,Corrugated Box,Packaging,Product Utilities
Corrugated Box NYRA CD0623-01 63X21X25,UNMPL/SKU/25-26/738,Corrugated Box,Packaging,Product Utilities
Corrugated Box NYRA MIRROR 51X5X31,,Corrugated Box,Packaging,Product Utilities
"Corrugated Box NYRA MIRROR 53.5""""X6.5""""X35"""" - 5 PLY",UNMPL/SKU/25-26/523,Corrugated Box,Packaging,Product Utilities
Corrugated Box NYRA P2 82X8X21,UNMPL/SKU/25-26/726,Corrugated Box,Packaging,Product Utilities
Corrugated Box NYRA P2 82X8X21 IN 5PLY,UNMPL/SKU/25-26/927,Corrugated Box,Packaging,Product Utilities
Corrugated Box NYRA ST SAMPLE 27.75X21.5X24 5PLY,UNMPL/SKU/25-26/759,Corrugated Box,Packaging,Product Utilities
Corrugated Box NYRA ST0623-01 22.5X16X6,UNMPL/SKU/25-26/735,Corrugated Box,Packaging,Product Utilities
"Corrugated Box pillow bench 58""""x9""""x35",UNMPL/SKU/25-26/1278,Corrugated Box,Packaging,Product Utilities
Corrugated Box RN0325-13 28.25X24.75X41.25 PLY5,UNMPL/SKU/25-26/995,Corrugated Box,Packaging,Product Utilities
"Corrugated Box RORI CHAIR 39.25""""X33.5""""X31.75""""",UNM/SKU/24-25/1333,Corrugated Box,Packaging,Product Utilities
Corrugated Box SAHO BED P1 82X8X61 5PLY,UNMPL/SKU/25-26/1003,Corrugated Box,Packaging,Product Utilities
Corrugated Box SAHO BED P2 82X8X40,UNMPL/SKU/25-26/727,Corrugated Box,Packaging,Product Utilities
Corrugated Box SAHO BED P3 85X21X20 5PLY,UNMPL/SKU/25-26/1004,Corrugated Box,Packaging,Product Utilities
Corrugated Box SARAI SOFA 43X33.5X31.5,UNMPL/SKU/25-26/1777,Corrugated Box,Packaging,Product Utilities
Corrugated Box SOFA 82X38X28,UNMPL/SKU/25-26/1775,Corrugated Box,Packaging,Product Utilities
Corrugated Box ST0824-02 30.25X24.5X27.25,UNMPL/SKU/25-26/733,Corrugated Box,Packaging,Product Utilities
Corrugated Box THEA CHAIR 35X35X44 FOR WOFEX FAIR 2025,UNMPL/SKU/25-26/1779,Corrugated Box,Packaging,Product Utilities
"Corrugated Box TURI CHAIR -1-5 PLY - 32.75""""X30.5""""X34.5"""" RSC",UNMPL/SKU/25-26/285,Corrugated Box,Packaging,Product Utilities
Corrugated Box VANI BED P1 80X6X63,UNMPL/SKU/25-26/1780,Corrugated Box,Packaging,Product Utilities
"Corrugated Box vanity stool - 23""""21""""x28""""",UNMPL/SKU/25-26/1283,Corrugated Box,Packaging,Product Utilities
"Corrugated Box 125034299 Boden Dining Chair- Smokey Ta 24.5""""x22""""x32.5"""" RSC 5 PLY",UNMPL/SKU/25-26/1252,Corrugated Box,Packaging,Product Utilities
"Corrugated Box 125038484 JOSHUA ACCENT CHAIR 33.50""""X33.50""""X34"""" 5 PLY RSC",UNMPL/SKU/25-26/2080,Corrugated Box,Packaging,Product Utilities
"Corrugated Box 248364 Clapper dining chair 5PLY OUTER - 23"""" x 21"""" x 39.5"""" RSC",UNM/SKU/24-25/1655,Corrugated Box,Packaging,Product Utilities
"Corrugated Box 248365 CLAPPER BAR chair 5 PLY 23""""X20""""X50"""" OUTER RSC",UNM/SKU/24-25/1576,Corrugated Box,Packaging,Product Utilities
"Corrugated Box 248366 CLAPPER COUNTER RSC 5 PLY OUTER 23""""X20""""X46""""",UNM/SKU/24-25/1577,Corrugated Box,Packaging,Product Utilities
Corrugated Box 35.5X33.5X38.5 5PLY,UNMPL/SKU/25-26/1718,Corrugated Box,Packaging,Product Utilities
Corrugated Box 39X29.5X43X5 5PLY,UNMPL/SKU/26-27/15,Corrugated Box,Packaging,Product Utilities
Corrugated Box 84X7.5X64.5 5 PLY BALLARD BED,UNMPL/SKU/26-27/14,Corrugated Box,Packaging,Product Utilities
"Corrugated Box AARA 2 SEATER 57""""x34""""x28""""",UNM/SKU/24-25/1123,Corrugated Box,Packaging,Product Utilities
Corrugated Box AARA SOFA 3 SEATER 82X34X28-5PLY,UNM/SKU/24-25/258,Corrugated Box,Packaging,Product Utilities
Corrugated Box Aara sofa singal seater 35.5x34x28 - 5 ply,UNM/SKU/24-25/257,Corrugated Box,Packaging,Product Utilities
"Corrugated Box alden 2 seater 79""""x41""""x30"""" 7 ply RSC",UNM/SKU/24-25/1899,Corrugated Box,Packaging,Product Utilities
"Corrugated Box alden sofa 3 seater 93""""x41""""x30"""" 7 ply rsc",UNM/SKU/24-25/1898,Corrugated Box,Packaging,Product Utilities
Corrugated Box CHESTER FIELD 4 SEATER 112X38X34 5PLY,UNMPL/SKU/25-26/2174,Corrugated Box,Packaging,Product Utilities
"Corrugated Box chesterfield 2 seater 68.5""""X38.5""""X36""""",UNM/SKU/24-25/105,Corrugated Box,Packaging,Product Utilities
"Corrugated Box Chesterfield 3 seater 88""""x38.5""""x36""""",UNM/SKU/24-25/104,Corrugated Box,Packaging,Product Utilities
Corrugated Box CHESTERFIELD SOFA 1 SEATER 48X38.5X36 RSC,UNM/SKU/24-25/106,Corrugated Box,Packaging,Product Utilities
"Corrugated Box DARCY CHAIR 5PLY- 32""""X31.5""""X35.75"""" RSC",UNM/SKU/24-25/728,Corrugated Box,Packaging,Product Utilities
"Corrugated Box DUMMY P3 - 83""""X8.5""""X16.5"""" RSC 3PLY",UNM/SKU/24-25/1715,Corrugated Box,Packaging,Product Utilities
"Corrugated Box FERRIS DINING CHAIR - 24""""X24""""37""""",UNMPL/SKU/25-26/1328,Corrugated Box,Packaging,Product Utilities
"Corrugated Box GG CHAIR 1- 35.5""""X31.3""""X35.5"""" - 5 PLY",UNM/SKU/24-25/1088,Corrugated Box,Packaging,Product Utilities
"Corrugated Box HEATH BENCH 60.5"""" x 15.50"""" x 9.20"""" 3PLY",UNMPL/SKU/25-26/2364,Corrugated Box,Packaging,Product Utilities
"Corrugated Box HEATH BENCH 63.50"""" x 21"""" x 21.50"""" 5 ply",UNMPL/SKU/25-26/2363,Corrugated Box,Packaging,Product Utilities
Corrugated Box HOG 3 SEATER 89X38X27-5PLY,UNM/SKU/24-25/107,Corrugated Box,Packaging,Product Utilities
Corrugated Box Hog Sofa 1 seater 40x38x27,UNM/SKU/24-25/108,Corrugated Box,Packaging,Product Utilities
Corrugated Box LUCAYA OTTOMAN DUMMY 18.5''X18.5''X13'' (3PLY) RSC,UNM/SKU/23-24/549,Corrugated Box,Packaging,Product Utilities
"Corrugated Box LUCID BED BOTTOM PLY BOX - 82""""X3""""X46""""",UNMPL/SKU/25-26/1327,Corrugated Box,Packaging,Product Utilities
"Corrugated Box LUCID BED P2 - 89""""X7""""X19'"""" RSC 5 PLY",UNM/SKU/24-25/1712,Corrugated Box,Packaging,Product Utilities
"Corrugated Box LUCID BED TOP PLY - 81""""X4""""X77"""" -",UNMPL/SKU/25-26/1326,Corrugated Box,Packaging,Product Utilities
"Corrugated Box LUCID P1 - 89""""X7""""X57"""" RSC 5 PLY",UNM/SKU/24-25/1711,Corrugated Box,Packaging,Product Utilities
"Corrugated Box LUCID P3 - 84""""X17""""X19"""" RSC 5 PLY",UNM/SKU/24-25/1713,Corrugated Box,Packaging,Product Utilities
"Corrugated Box MALONE DINING CHAIR - OUTER - 25.50'X22.50""""X36""""",UNMPL/SKU/25-26/2369,Corrugated Box,Packaging,Product Utilities
"Corrugated Box MALONE DINING CHAIR - T D - 20.75""""X19""""X16"""" - PLY",UNMPL/SKU/25-26/2368,Corrugated Box,Packaging,Product Utilities
"Corrugated Box MALONE DINING CHAIR B D - 21.50""""X19.20""""X7"""" - 3PLY 3 PLY",UNMPL/SKU/25-26/2367,Corrugated Box,Packaging,Product Utilities
"Corrugated Box Mid Century king Bed P1 - 81""""X5""""X46"""" 5 - PLY",UNMPL/SKU/25-26/1339,Corrugated Box,Packaging,Product Utilities
"Corrugated Box Mid Century king Bed P2 - 82""""X5""""X21"""" 5 - PLY",UNMPL/SKU/25-26/1340,Corrugated Box,Packaging,Product Utilities
"Corrugated Box Mid Century king Bed P3 - 83""""X10""""X61"""" 5 - PLY",UNMPL/SKU/25-26/1341,Corrugated Box,Packaging,Product Utilities
Corrugated Box NAYOMI CHAIR -1-5 PLY - 33.5X33X34 RSC,UNM/SKU/24-25/727,Corrugated Box,Packaging,Product Utilities
"Corrugated Box RIBE 3 SEATER 93""""X37""""X32.5""""",UNMPL/SKU/25-26/833,Corrugated Box,Packaging,Product Utilities
"Corrugated Box SEIGE 3 SEATER 96""""X40""""30"""" RSC 7 PLY",UNM/SKU/24-25/1900,Corrugated Box,Packaging,Product Utilities
Corrugated Box SEIGE SOFA 3 SEATER 92X37X29 7PLY 275LBS,UNMPL/SKU/25-26/2175,Corrugated Box,Packaging,Product Utilities
Corrugated Box SEIRA SOFA 100X37X31.25 INCH 7 PLY 275,UNMPL/SKU/25-26/2195,Corrugated Box,Packaging,Product Utilities
"Corrugated Box SIERRA 3 SEATER 100""""X36""""X32"""" - 7 PLY",UNMPL/SKU/25-26/830,Corrugated Box,Packaging,Product Utilities
"Corrugated Box Sofa Madeleine 98""""X38""""X33"""" - 7 PLY",UNMPL/SKU/25-26/840,Corrugated Box,Packaging,Product Utilities
"Corrugated Box Sofa ORA Main 95""""X38.5""""X33"""" - 7 PLY",UNMPL/SKU/25-26/837,Corrugated Box,Packaging,Product Utilities
"Corrugated Box SPELLO 3 SEATER 75""""X36""""X27 - 7 PLY",UNMPL/SKU/25-26/835,Corrugated Box,Packaging,Product Utilities
Corrugated Box SPELLO SOFA 3 SEATER 98X38X27 7PLY -275,UNMPL/SKU/25-26/2176,Corrugated Box,Packaging,Product Utilities
"Corrugated Box Stone Henge bed P1 78""""X7""""X68.5""""",UNM/SKU/24-25/1661,Corrugated Box,Packaging,Product Utilities
"Corrugated Box Stone Henge bed P2 78""""X7""""X23.5""""",UNM/SKU/24-25/1662,Corrugated Box,Packaging,Product Utilities
"Corrugated Box Stone Henge bed P3 82""""X5""""X18""""",UNM/SKU/24-25/1663,Corrugated Box,Packaging,Product Utilities
"Corrugated Box TARLO 3 SEATER 93""""X38""""X35"""" - 7 PLY",UNMPL/SKU/25-26/826,Corrugated Box,Packaging,Product Utilities
"Corrugated Box THEA CHAIR 5 PLY - 35""""X35""""X43"""" RSC",UNM/SKU/24-25/733,Corrugated Box,Packaging,Product Utilities
Corrugated Box UO265 AZA VBR AZIZA BLUE GREEN LUCAYA OTTOMAN OUTER 46x46x20.5'' RSC,UNM/SKU/23-24/548,Corrugated Box,Packaging,Product Utilities
"Corrugated Box WALDEN CHAIR BROWN HAIR ON 25""""X20.5""""X12"""" - 5 PLY -",UNMPL/SKU/25-26/2366,Corrugated Box,Packaging,Product Utilities
"Corrugated Box WALDEN CHAIR BROWN HAIR ON- 39""""X40""""X31"""" - 5 PLY",UNMPL/SKU/25-26/2365,Corrugated Box,Packaging,Product Utilities
Corrugated Box (S) ARNAS CHAIR MASTER BOX 37X29.5X34 5PLY,UNMPL/SKU/25-26/1019,Corrugated Box,Packaging,Product Utilities
Corrugated Box (S) ENZO CHAIR MASTER BOX 37.5X32X33 5PLY,UNMPL/SKU/25-26/1022,Corrugated Box,Packaging,Product Utilities
Corrugated Box (S) GG CHAIR MASTER BOX 33X29X34.5 5PLY,UNMPL/SKU/25-26/1014,Corrugated Box,Packaging,Product Utilities
Corrugated Box (S) MOUCINA CHAIR MASTER BOX 38X28X33 5 PLY,UNMPL/SKU/25-26/1017,Corrugated Box,Packaging,Product Utilities
Corrugated Box (S) STONE HENGE BED P1 78X6X67 5PLY,UNMPL/SKU/25-26/1024,Corrugated Box,Packaging,Product Utilities
Corrugated Box (S) STONE HENGE BED P2 MASTER BOX 78X6X22 5PLY,UNMPL/SKU/25-26/1027,Corrugated Box,Packaging,Product Utilities
Corrugated Box (S) STONE HENGE BED P3 MASTER 80X12X12 5PLY,UNMPL/SKU/25-26/1029,Corrugated Box,Packaging,Product Utilities
Corrugated Box (S) THEA CHAIR MASTER BOX 35X34.5X43 5PLY,UNMPL/SKU/25-26/1011,Corrugated Box,Packaging,Product Utilities
"Corrugated Box 125034304 Boden Counter Stool- Smokey T 24.5""""X22""""X38.25"""" RSC 5 PLY",UNMPL/SKU/25-26/1255,Corrugated Box,Packaging,Product Utilities
"Corrugated Box 125034308 Boden Barstool - Smokey Taupe 24.5""""X22""""X42.5"""" RSC 5 PLY",UNMPL/SKU/25-26/1258,Corrugated Box,Packaging,Product Utilities
Corrugated Box 26.75X22.75X39.25 5 PLY 275 LBS,UNMPL/SKU/25-26/2087,Corrugated Box,Packaging,Product Utilities
Corrugated Box 27.25X23.25X39.75 5PLY 275LBS,UNMPL/SKU/25-26/2088,Corrugated Box,Packaging,Product Utilities
Corrugated Box 27X22X36.5 5 PLY WOOD AND LEAHTER CHAIR,UNMPL/SKU/25-26/1956,Corrugated Box,Packaging,Product Utilities
Corrugated Box 30.25X24.5X27.25,UNMPL/SKU/25-26/612,Corrugated Box,Packaging,Product Utilities
Corrugated Box 33.25X27.25X32.25 5PLY 275 LBS,UNMPL/SKU/25-26/2089,Corrugated Box,Packaging,Product Utilities
Corrugated Box 33.5x33.5x34 inch 5ply,UNMPL/SKU/25-26/2069,Corrugated Box,Packaging,Product Utilities
Corrugated Box 33.75X27.75X33.25 5PLY 275 LBS,UNMPL/SKU/25-26/2090,Corrugated Box,Packaging,Product Utilities
Corrugated Box 33X23X23,,Corrugated Box,Packaging,Product Utilities
Corrugated Box 37.5x31.5x30.5,UNMPL/SKU/25-26/101,Corrugated Box,Packaging,Product Utilities
Corrugated Box 40.5X35X24.5,,Corrugated Box,Packaging,Product Utilities
Corrugated Box 40.75X37X31.755 PLY,UNMPL/SKU/25-26/991,Corrugated Box,Packaging,Product Utilities
Corrugated Box 50X38X28.5,,Corrugated Box,Packaging,Product Utilities
Corrugated Box 60 X15.5X5 INCH 7 PKT,UNMPL/SKU/25-26/1146,Corrugated Box,Packaging,Product Utilities
Corrugated Box 68X69 34X33X34,UNMPL/SKU/25-26/1938,Corrugated Box,Packaging,Product Utilities
Corrugated Box 73X37.5X31,UNMPL/SKU/25-26/309,Corrugated Box,Packaging,Product Utilities
Corrugated Box 78x10x55,UNM/SKU/24-25/113,Corrugated Box,Packaging,Product Utilities
Corrugated Box 78X8X17 p2,UNM/SKU/24-25/114,Corrugated Box,Packaging,Product Utilities
Corrugated Box 79X37X31,UNMPL/SKU/25-26/310,Corrugated Box,Packaging,Product Utilities
Corrugated Box 81X18X16,UNM/SKU/24-25/115,Corrugated Box,Packaging,Product Utilities
Corrugated Box 91.5x26.5x12 5ply,UNMPL/SKU/25-26/1076,Corrugated Box,Packaging,Product Utilities
Corrugated Box 96X25X31,UNMPL/SKU/25-26/311,Corrugated Box,Packaging,Product Utilities
Corrugated Box 96X36X30,UNMPL/SKU/25-26/312,Corrugated Box,Packaging,Product Utilities
Corrugated Box 96X36X31,UNMPL/SKU/25-26/313,Corrugated Box,Packaging,Product Utilities
Corrugated Box 96X42X28 INCH 7 PLY,UNMPL/SKU/25-26/1811,Corrugated Box,Packaging,Product Utilities
Corrugated Box 97X38X29.5,UNMPL/SKU/25-26/1810,Corrugated Box,Packaging,Product Utilities
"Corrugated Box aghori bench - 5ply 63"""" x 21"""" x 20"""" RSC",UNMPL/SKU/25-26/288,Corrugated Box,Packaging,Product Utilities
Corrugated Box AJ 12 CHAIR 33X32X33.5,UNMPL/SKU/25-26/76,Corrugated Box,Packaging,Product Utilities
Corrugated Box AJ 27 BED P1 47X7.75X35.25,UNMPL/SKU/25-26/77,Corrugated Box,Packaging,Product Utilities
Corrugated Box AJ 27 BED P2 47X7X17,UNMPL/SKU/25-26/78,Corrugated Box,Packaging,Product Utilities
Corrugated Box AJ 27 BED P3 79.25X16X14,UNMPL/SKU/25-26/79,Corrugated Box,Packaging,Product Utilities
Corrugated Box ALDEN 3 SEATER 91X42X25,UNMPL/SKU/25-26/307,Corrugated Box,Packaging,Product Utilities
Corrugated Box ALISON SOFA 80X38X29.5,UNMPL/SKU/25-26/2116,Corrugated Box,Packaging,Product Utilities
Corrugated Box ALOF CHAIR 40.75X37X31.75,,Corrugated Box,Packaging,Product Utilities
"Corrugated Box Aloff 2 seater 59.5""""X38""""X34"""" - 5ply",UNMPL/SKU/25-26/1078,Corrugated Box,Packaging,Product Utilities
"Corrugated Box Aloff 3 seater 82.5""""X38""""X34"""" - 5ply",UNMPL/SKU/25-26/1079,Corrugated Box,Packaging,Product Utilities
Corrugated Box ARNAS CHAIR FOR IFGH 2025 37X29X.31.5,UNMPL/SKU/25-26/74,Corrugated Box,Packaging,Product Utilities
Corrugated Box AT HOME SAMPLE ated Box SAMPLE FOR JOSHUA ACCENT CHAIR 30.5X27.5X8.5 3PLY,UNMPL/SKU/25-26/1867,Corrugated Box,Packaging,Product Utilities
Corrugated Box BAR STOOL MASTER BOX 38X21.5X23 5 PLY,UNMPL/SKU/25-26/1073,Corrugated Box,Packaging,Product Utilities
"Corrugated Box BETSY BAR CHAIR - 22""""X22""""X33""""",UNMPL/SKU/25-26/1333,Corrugated Box,Packaging,Product Utilities
Corrugated Box BOX IN BOX FOR LEATHER AND WOOD CHAIR 29X24X38.5 INCH IN 7 PLY,UNMPL/SKU/25-26/1957,Corrugated Box,Packaging,Product Utilities
Corrugated Box Box SAMPLE FOR JOSHUA ACCENT CHAIR 37.75X31X32 5 PLY,UNMPL/SKU/25-26/1868,Corrugated Box,Packaging,Product Utilities
"Corrugated Box CANAPE 3 SEATER 98""""X38.5""""X28"""" - 7 PLY",UNMPL/SKU/25-26/832,Corrugated Box,Packaging,Product Utilities
"Corrugated Box COUNTER CHAIR BETSY- 22""""X22""""X29.5""""",UNMPL/SKU/25-26/1331,Corrugated Box,Packaging,Product Utilities
Corrugated Box Dali Wing Chair Outer-33X31X40.25,UNM/SKU/23-24/578,Corrugated Box,Packaging,Product Utilities
Corrugated Box DARCY SOFA 70.5X31X34 5PLY,UNMPL/SKU/25-26/1958,Corrugated Box,Packaging,Product Utilities
Corrugated Box DARCY SOFA BOX IN BOX 72X33X35.5 IN 7PLY,UNMPL/SKU/25-26/1959,Corrugated Box,Packaging,Product Utilities
Corrugated Box DESIGN PLUSE SIDE TABLE BOX 23X19X19.52,UNMPL/SKU/25-26/1569,Corrugated Box,Packaging,Product Utilities
"Corrugated Box Enzo Chair - 39.5""""x33""""x34.5"""" RSC 5 ply",,Corrugated Box,Packaging,Product Utilities
Corrugated Box FLORA BED P1 72X14X57 5PLY 275 LBS,UNMPL/SKU/25-26/2113,Corrugated Box,Packaging,Product Utilities
Corrugated Box FLORA BED P2 69X6.5X18.5 5PLY 275,UNMPL/SKU/25-26/2114,Corrugated Box,Packaging,Product Utilities
Corrugated Box FLORA BED P3 84X12X12 5PLY 275 LBS,UNMPL/SKU/25-26/2115,Corrugated Box,Packaging,Product Utilities
Corrugated Box FLORA KNIGHT STAND 21X18X18 5 PLY 275 LBS,UNMPL/SKU/25-26/2120,Corrugated Box,Packaging,Product Utilities
"Corrugated Box GG CHAIR 34""""X31""""X34""""",,Corrugated Box,Packaging,Product Utilities
"Corrugated Box HARRIS OFFICE CHAIR - 30'X28""""X37"""" - 5 PLY",UNMPL/SKU/25-26/1344,Corrugated Box,Packaging,Product Utilities
Corrugated Box jamison chair sample 34x32x36,UNM/SKU/23-24/779,Corrugated Box,Packaging,Product Utilities
"Corrugated Box JOYCE 2 SEATER 75""""X35""""X28"""" - 7 PLY",UNMPL/SKU/25-26/828,Corrugated Box,Packaging,Product Utilities
"Corrugated Box JOYCE 3 SEATER - 90""""x34.5""""x29"""" - 7 ply 275 + LBS",UNMPL/SKU/25-26/825,Corrugated Box,Packaging,Product Utilities
Corrugated Box DANNY CHAIR 37X36X32,UNMPL/SKU/25-26/73,Corrugated Box,Packaging,Product Utilities
Corrugated Box Laurie Dinning Chair (Outer) 28x30.5x37 RSC,UM-000137,Corrugated Box,Packaging,Product Utilities
Corrugated Box LUCAYA OTTOMAN OUTER 46x46x20.5'' RSC,,Corrugated Box,Packaging,Product Utilities
"Corrugated Box lucid side table - 5 PLY - 25"""" x 19.5"""" x 22.5"""" RSC",UNMPL/SKU/25-26/289,Corrugated Box,Packaging,Product Utilities
"Corrugated Box LUCID STAND 22.75""""X20.5""""X21""""",UNM/SKU/24-25/1342,Corrugated Box,Packaging,Product Utilities
"Corrugated Box MALONE COUNTER STOOL - BD- 20.5""""X19""""X5.75 - 3PLY",UNMPL/SKU/25-26/2370,Corrugated Box,Packaging,Product Utilities
"Corrugated Box MALONE COUNTER STOOL - OUTER - 24.50""""X21.50""""X40.50"""" - 5 PLY",UNMPL/SKU/25-26/2372,Corrugated Box,Packaging,Product Utilities
"Corrugated Box MALONE COUNTER STOOL - TD - 19.20""""X18""""X13"""" - 3 PLY",UNMPL/SKU/25-26/2371,Corrugated Box,Packaging,Product Utilities
"Corrugated Box maxwell chair master - 44.5"""" x 28.25"""" x 37.5"""" 5 ply 275 lbs",UNM/SKU/24-25/534,Corrugated Box,Packaging,Product Utilities
"Corrugated Box MOUCINA CHAIR 39.5""""X28.75""""X34.5"""" 5 PLY",UNM/SKU/24-25/1659,Corrugated Box,Packaging,Product Utilities
"Corrugated Box Moucina Chair Dummy- 26""""X24""""X16.5"""" 3 ply",UNMPL/SKU/25-26/930,Corrugated Box,Packaging,Product Utilities
Corrugated Box MOUCINA CHAIR DUMMY 26X24X17.5 3PLY,UNMPL/SKU/25-26/1018,Corrugated Box,Packaging,Product Utilities
"Corrugated Box MT SOFA 2 SEATER - 5PLY - 275 - 72.5""""X37""""X26"""" RSC  5PLY",,Corrugated Box,Packaging,Product Utilities
"Corrugated Box MT SOFA 2.5 SEATER - 5PLY - 275LBS - 77.78""""X37""""X26"""" RSC  5PLY",,Corrugated Box,Packaging,Product Utilities
Corrugated Box MUIRFIELD CHAIR BOX IN BOX 39.5X33X31.5 7PLY,UNMPL/SKU/25-26/1961,Corrugated Box,Packaging,Product Utilities
"Corrugated Box NAYOMI 2 SEATER CHAIR -1-5 PLY - 62""""X33""""X34"""" RSC",UNMPL/SKU/25-26/286,Corrugated Box,Packaging,Product Utilities
Corrugated Box NYRA BED P1 76X6.5X52 -5PLY (C&M),UNMPL/SKU/25-26/984,Corrugated Box,Packaging,Product Utilities
Corrugated Box NYRA BED P2 75.5X6.5X20 (C&M) 5 PLY,UNMPL/SKU/25-26/986,Corrugated Box,Packaging,Product Utilities
Corrugated Box NYRA BED P3 DUMMY 83X9.75X7 3PLY (C&M),UNMPL/SKU/25-26/989,Corrugated Box,Packaging,Product Utilities
Corrugated Box NYRA BED P3 OUTER 84X12.75X17 (C&M)- 5PLY,UNMPL/SKU/25-26/985,Corrugated Box,Packaging,Product Utilities
"Corrugated Box PETRIGNA Chair Outer- 31.5""""X30""""X40.5""""- 275 LBS 5 PLY",UNMPL/SKU/25-26/389,Corrugated Box,Packaging,Product Utilities
Corrugated Box POST BED P2 77.5X6X89 5PLY,UNMPL/SKU/25-26/894,Corrugated Box,Packaging,Product Utilities
Corrugated Box POST KING BED P1 77.5X6X70.5 5PLY,UNMPL/SKU/25-26/892,Corrugated Box,Packaging,Product Utilities
Corrugated Box POST KING BED P3 83X6X10 5PLY,UNMPL/SKU/25-26/896,Corrugated Box,Packaging,Product Utilities
"Corrugated Box PRESTON CHAIR LARGE - 37.5""""X28""""X37.5""""",UNMPL/SKU/25-26/1334,Corrugated Box,Packaging,Product Utilities
"Corrugated Box PRESTON CHAIR SMALL 37.5""""X28""""X29.5""""",UNMPL/SKU/25-26/1336,Corrugated Box,Packaging,Product Utilities
"Corrugated Box RONSEN CHAIR 33""""X32.5""""X33 RSC  5PLY",,Corrugated Box,Packaging,Product Utilities
"Corrugated Box SABITO ARM CHAIR 36.75""""X31""""X34.5"""" - 5Ply",UNM/SKU/24-25/1667,Corrugated Box,Packaging,Product Utilities
Corrugated Box SABITO CHAIR OUTER 36X30X34 5 PLY,UNMPL/SKU/25-26/1008,Corrugated Box,Packaging,Product Utilities
Corrugated Box SAMPLE FOR JOSHUA ACCENT CHAIR 30X24X10,UNMPL/SKU/25-26/1866,Corrugated Box,Packaging,Product Utilities
Corrugated Box SEIGE 3 SEATER SOFA 91X36.5X23,UNMPL/SKU/25-26/308,Corrugated Box,Packaging,Product Utilities
"Corrugated Box SERGE OTTOMAN - 23""""X23""""X19"""" 5 - PLY",UNMPL/SKU/25-26/1338,Corrugated Box,Packaging,Product Utilities
"Corrugated Box SF04DV Dove Sofa 96""""X30""""X25"""" - 7 PLY",UNMPL/SKU/25-26/827,Corrugated Box,Packaging,Product Utilities
"Corrugated Box SPELLO 2 SEATER 81""""X36""""X27"""" - 7 PLY",UNMPL/SKU/25-26/829,Corrugated Box,Packaging,Product Utilities
"Corrugated Box Stonehenge King Bed MASTER BOX P1 - 78""""X6""""X67"""" - 5 PLY",UNMPL/SKU/25-26/1047,Corrugated Box,Packaging,Product Utilities
"Corrugated Box Stonehenge King Bed P2- 78""""X6""""X22"""" - 5 PLY",UNMPL/SKU/25-26/1049,Corrugated Box,Packaging,Product Utilities
"Corrugated Box Stonehenge King Bed P3- 82""""X12""""X15"""" - 5 PLY",UNMPL/SKU/25-26/1051,Corrugated Box,Packaging,Product Utilities
"Corrugated Box TV CONSOLE 5 PLY - 63""""X21""""X23"""" RSC",UNMPL/SKU/25-26/287,Corrugated Box,Packaging,Product Utilities
"Corrugated Box UD379 SPPL WAL KIRSTY CHAIR 5 ply (Outer) 28.5"""" x 23.5"""" x 42.5"""" RSC",UNM/SKU/24-25/635,Corrugated Box,Packaging,Product Utilities
Corrugated Box ZION BED P1 66X6X53 P1 5PLY 275 LBS,UNMPL/SKU/25-26/2117,Corrugated Box,Packaging,Product Utilities
Corrugated Box ZION BED P2 66X6X21 5PLY 275 LBS,UNMPL/SKU/25-26/2118,Corrugated Box,Packaging,Product Utilities
Corrugated Box ZION BED P3 84.5X12X15 5PLY 275 LBS,UNMPL/SKU/25-26/2119,Corrugated Box,Packaging,Product Utilities
Corrugated Box Safi Chair outer- 30.5X28.5X33,UNM/SKU/23-24/572,Corrugated Box,Packaging,Product Utilities
Corrugated Box LUCID BED P2 5 PLY - 89X7X19 RSC,UNM/SKU/24-25/738,Corrugated Box,Packaging,Product Utilities
"Corrugated Box BN0725-15BD LOGAN BENCH - 29.25""""X19.75""""X22.25"""" 5ply",UNMPL/SKU/25-26/1446,Corrugated Box,Packaging,Product Utilities
Corrugated Box UO265 DEN VBR LUCAYA OTTOMAN DENBY FLAX W/VINTAGE BROWN 46x46x20.5'' RSC,UNMPL/SKU/25-26/2247,Corrugated Box,Packaging,Product Utilities
"Corrugated Box MU-1002-34 HARRIS ACCENT CHAIR OAT - OUTER - 34.5""""X32""""X35.5"""" - 5 PLY",UNMPL/SKU/25-26/2382,Corrugated Box,Packaging,Product Utilities
"Corrugated Box MU-1008-03-B CROSBY QUEEN BED BROWN FOOTBOARD - P2 - OUTER - 67.5""""X6.25""""X22.50"""" - FOL - 5 PLY",UNMPL/SKU/25-26/2398,Corrugated Box,Packaging,Product Utilities
"Corrugated Box MU-1008-03-C CROSBY QUEEN BED BROWN SIDERAILS - P3 - OUTER - 84""""X12.25""""X15"""" - FOL - 5 PLY",UNMPL/SKU/25-26/2406,Corrugated Box,Packaging,Product Utilities
"Corrugated Box CROSBY KING/QUEEN BED BROWN HEADBOARD - P3 - INNER - 83.20""""X6""""X10"""" - FOL - 3 PLY",UNMPL/SKU/25-26/2407,Corrugated Box,Packaging,Product Utilities
"Corrugated Box MU-1009-03-C CROSBY KING BED BROWN SIDERAILS - P3 - OUTER - 84""""X12""""X15"""" - FOL - 5 PLY",UNMPL/SKU/25-26/2408,Corrugated Box,Packaging,Product Utilities
"Corrugated Box MU-1009-03-A CROSBY KING BED BROWN HEADBOARD - P1 - OUTER - 84""""X6.5""""X45"""" - FOL - 5 PLY",UNMPL/SKU/25-26/2410,Corrugated Box,Packaging,Product Utilities
"Corrugated Box MU-1009-03-B CROSBY KING BED BROWN FOOTBOARD - P2 - OUTER - 84""""X6.5""""X22.25"""" - FOL - 5 PLY",UNMPL/SKU/25-26/2411,Corrugated Box,Packaging,Product Utilities
"Corrugated Box UT263 SPWL COU Betsy Counter Stool Specter Pearl W/ Walnut OUTER 25""""X22.75""""X37.75"""" RSC 5 PLY",UNMPL/SKU/26-27/100,Corrugated Box,Packaging,Product Utilities
"Corrugated Box 125043138 Edison Counter Stool - Sapphir - OUTER - 24.5""""X22.5""""X39.5"""" - 5 PLY",UNMPL/SKU/26-27/72,Corrugated Box,Packaging,Product Utilities
"Corrugated Box UT263 SSWL COU Betsy Counter Stool Specter Sky W/ Walnut 25""""X22.75""""X37.75"""" RSC 5 PLY",UNMPL/SKU/26-27/97,Corrugated Box,Packaging,Product Utilities
"Corrugated Box BETSY COUNTER STOOL BOTTOM DUMMY 23.5""""X14""""X7"""" - FOL 3 PLY",UNMPL/SKU/26-27/98,Corrugated Box,Packaging,Product Utilities
"Corrugated Box BETSY Counter Stool Top Dummy 19""""x16.5""""x10"""" RSC 3 ply",UNMPL/SKU/26-27/99,Corrugated Box,Packaging,Product Utilities
"Corrugated Box 125034304 Boden Counter STools- Smokey T 24.5""""X22""""X38.25"""" RSC 5 PLY",,Corrugated Box,Packaging,Product Utilities
"Corrugated Box 125034308 Boden BarsTools - Smokey Taupe 24.5""""X22""""X42.5"""" RSC 5 PLY",,Corrugated Box,Packaging,Product Utilities
"Corrugated Box MALONE COUNTER STools - BD- 20.5""""X19""""X5.75 - 3PLY",,Corrugated Box,Packaging,Product Utilities
"Corrugated Box MALONE COUNTER STools - OUTER - 24.50""""X21.50""""X40.50"""" - 5 PLY",,Corrugated Box,Packaging,Product Utilities
"Corrugated Box MALONE COUNTER STools - TD - 19.20""""X18""""X13"""" - 3 PLY",,Corrugated Box,Packaging,Product Utilities
"Corrugated Box NYOMI STools - CORRUGATED BOX- 27""""X21""""X21""""",,Corrugated Box,Packaging,Product Utilities
CORRUGATED ROLL 46 INCH,UNM/SKU/24-25/1449,Corrugated Paper,Packaging,Product Utilities
CELLO QUEEN CUP SET,UNMPL/SKU/25-26/1372,Cup ,Gift,Factory Utilities
CELLO TAURUS 2 OCS GIFT SET(),UNMPL/SKU/25-26/1371,Cup ,Gift,Factory Utilities
TRANSPRENT CURTAIN,UNMPL/SKU/25-26/591,Curtain ,Consumables,Factory Utilities
Katta Patti,UM-000545,Curvy Strip ,Consumables,Product Utilities
PLIERS CUTTER ( KATTA PATTI CUTTING POPAT ),UNM/SKU/24-25/847,Cutter,Tool,Factory Utilities
350X3.5X30XXZ72 A  CUTTER,UNMPL/SKU/25-26/1937,Cutter,Tool,Factory Utilities
Cutter X GROVING CUTTER 4'' CODE 604,UNMPL/SKU/25-26/2415,Cutter,Tool,Factory Utilities
Tending cuttet grinding + repting 3 pcs teth,UNMPL/SKU/25-26/1473,Cutter,Tool,Factory Utilities
KATTA PATTI CUTTER 8 INCH,UNMPL/SKU/25-26/518,Cutter,Tool,Factory Utilities
WOOD CUTTER 5X30,UNMPL/SKU/25-26/1294,Cutter,Tool,Factory Utilities
PYE 910 WIRE STRIPPER & CUTTER,UNMPL/SKU/25-26/709,Cutter,Tool,Factory Utilities
Thread/leather cutter BIG,UNM/SKU/24-25/289,Cutter,Tool,Factory Utilities
Thread/leather cutter SMALL,UNM/SKU/24-25/770,Cutter,Tool,Factory Utilities
Drill amry 1.5*1.5,UNM/SKU/24-25/718,Cutter,Consumables,Product Utilities
Cutter 350x3.5x30xT-54,UNM/SKU/23-24/919,Cutter,Consumables,Product Utilities
CUTTER FOR KATTA PATI 10'',UNM/SKU/24-25/1426,Cutter ,Tool,Factory Utilities
IRON CUTTER WHEEL 4 INCH,UNMPL/SKU/25-26/534,cutter wheel,Consumables,Product Utilities
Iron cutter wheel 4'',UNM/SKU/23-24/334,Cutter Wheel ,Consumables,Product Utilities
Mabel cutter wheel 4'',UNM/SKU/24-25/716,Cutter wheel ,Consumables,Product Utilities
PAPER ROPE 2 PLY (danish cord natural brown),UNM/SKU/24-25/1325,Danish Cord,Consumables,Product Utilities
D-clip,UNM/SKU/24-25/1840,D-clip,Consumables,Factory Utilities
Antique brass nailhead 36,UM-000967,Decorative Nails,Hardware,Product Utilities
"Tray square 10"""" (guniya)",UNMPL/SKU/25-26/1158,Dig Angle,Tool,Factory Utilities
"Tray square 8"""" (guniya)",UNMPL/SKU/25-26/1159,Dig Angle,Tool,Factory Utilities
Single shelf option 1,UNM/SKU/24-25/1965,Display Shelf ,Asset,Factory Utilities
Single shelf option 2,UNM/SKU/24-25/1964,Display Shelf ,Asset,Factory Utilities
20X8 D NUT,UNM/SKU/23-24/650,D-Nut,Hardware,Product Utilities
25X8 D NUT,UNM/SKU/23-24/651,D-Nut,Hardware,Product Utilities
D NUT 25X10MM,UNMPL/SKU/25-26/546,D-Nut,Hardware,Product Utilities
D NUT 25X6,UNMPL/SKU/25-26/1222,D-Nut,Hardware,Product Utilities
T NUT10x6mm,UNM/SKU/23-24/950,D-Nut,Hardware,Product Utilities
15X6 D NUT,UNM/SKU/23-24/648,D-Nut,Hardware,Product Utilities
15X8 D NUT,UNM/SKU/23-24/649,D-Nut,Hardware,Product Utilities
D nut 12x6mm,UNM/SKU/23-24/949,D-Nut,Hardware,Product Utilities
D-Nut 20x6 MM,UNM/SKU/23-24/574,D-Nut,Hardware,Product Utilities
Door Closer RMC DOOR CLOSER,UNMPL/SKU/25-26/2414,Door Closer,Hardware,Product Utilities
PVC DOBLI 38MM,UNM/SKU/24-25/310,Dowel / Dobli,Consumables,Factory Utilities
PVC DOBLI 50MM,UNM/SKU/24-25/311,Dowel / Dobli,Electrical,Factory Utilities
Dowel Wood,UNM/SKU/24-25/302,Dowel / Dobli,Consumables,Product Utilities
"STAND DRILL MACHINE 1/2""""  WITH MOTOR 1/2 HP",UNMPL/SKU/25-26/1707,Drill,Asset,Factory Utilities
DRILL MACHINE BOSCH GSB-501,UNM/SKU/24-25/462,Drill,Asset,Factory Utilities
IMPECT DRILL DZHO2-13,UNM/SKU/24-25/241,Drill,Asset,Factory Utilities
Drill machine chargeble BOSCH,UNM/SKU/24-25/1743,Drill,Asset,Factory Utilities
DRILL MACHINE MAKITA - TD101,UNM/SKU/24-25/319,Drill ,Asset,Factory Utilities
Drill machine chargeble DCA,UNM/SKU/24-25/323,Drill ,Asset,Factory Utilities
Drill Machine ADJZ120ZE CORDLESS DRILL,UNMPL/SKU/26-27/30,Drill ,Consumables,Product Utilities
BOSCH DRILL BATTERY -12V,UNMPL/SKU/25-26/1346,DRILL BATTERY -12V,Asset,Factory Utilities
Bit HATHYAR JOBBER DRILL 12MM,UNMPL/SKU/25-26/1317,Drill bit,Consumables,Product Utilities
"Bit Star PH2 6""""",UNM/SKU/24-25/484,Drill bit,Consumables,Product Utilities
Bit 10mm 3/8 hss barma ultra fast,UNM/SKU/24-25/1182,Drill bit,Consumables,Product Utilities
Bit Drill 8mm,UNM/SKU/23-24/357,Drill bit,Consumables,Product Utilities
Bit Hammer Drill 25MM X310MM,UNMPL/SKU/25-26/1197,Drill bit,Consumables,Product Utilities
Bit Drill 12mm JK HSS Drill Bit (AUGER) Overall Length: 155mm,UNM/SKU/24-25/307,Drill bit,Consumables,Product Utilities
Bit Star PH2,UNM/SKU/23-24/257,Drill bit,Consumables,Product Utilities
Bit AS PER REQ BIT 12 MM,UNMPL/SKU/25-26/100,Drill bit,Consumables,Product Utilities
Bit AT.ST.5.6.15. CNC ROUTER BIT 5MMS6MMX15,UNMPL/SKU/25-26/129,Drill bit,Consumables,Product Utilities
Bit AT.ST.6.6.25 SOLID CRABID BIT 6X6X25,UNM/SKU/24-25/1768,Drill bit,Consumables,Product Utilities
Bit AT.ST.8.8.25 SOLID CARBIDR BIT 8X8X25X60X-Z2,UNM/SKU/24-25/1747,Drill bit,Consumables,Product Utilities
Bit CODE 262 TCT ROUTER BIT,UNMPL/SKU/25-26/61,Drill bit,Consumables,Product Utilities
Bit CODE NO 261 ROUTER BIT 15X15X8X8,UNMPL/SKU/25-26/102,Drill bit,Consumables,Product Utilities
"Bit CODE NO 267-A ''V"""" GROVING BIT 8X4X90X8",UNMPL/SKU/25-26/130,Drill bit,Consumables,Product Utilities
Bit CODE NO 267B ROUTER BIT 10X90X8,UNMPL/SKU/25-26/131,Drill bit,Consumables,Product Utilities
Bit CODE NO 402C TCT GROVING CUTTER 6X19XZ-4,UNMPL/SKU/25-26/60,Drill bit,Consumables,Product Utilities
Bit CODE NO 440 ROUTER BIT 51X19X12,UNM/SKU/24-25/1611,Drill bit,Consumables,Product Utilities
Bit CODE NO 781 CUTTER 125 X 25.4 X 8MM X Z4,UNMPL/SKU/25-26/26,Drill bit,Consumables,Product Utilities
Bit CODE NO 857 IN SIDE MOLEM CUTTER 125X25.4X27XZ-3,UNMPL/SKU/25-26/1558,Drill bit,Consumables,Product Utilities
Bit CODE NO 902 HING BORING BIT 19MM,UNMPL/SKU/25-26/378,Drill bit,Consumables,Product Utilities
Bit CODE NO BIT 432B DOVTEL BIT 25.4X26X8,UNMPL/SKU/25-26/537,Drill bit,Consumables,Product Utilities
Bit CODE NO. 907 HING BORING BIT 30X10X55,UNMPL/SKU/25-26/376,Drill bit,Consumables,Product Utilities
Bit CODE NO. 910 HINGS BORING BIT 35X10X55,UNMPL/SKU/25-26/377,Drill bit,Consumables,Product Utilities
Bit DRAWING BIT AT.ST.8.8.30 SOLID CARBID BIT 8X8X30X65Z2,UNM/SKU/24-25/1390,Drill bit,Consumables,Product Utilities
Bit HINGE BORING BIT CODE -912 38MMX10X55,UNMPL/SKU/25-26/877,Drill bit,Consumables,Product Utilities
Bit morting 8mm,UNM/SKU/23-24/920,Drill bit,Consumables,Product Utilities
Bit MORTISING DRILL BIT 15MM X 60 MMX100MMX13MMXZ-2,UNMPL/SKU/25-26/1733,Drill bit,Consumables,Product Utilities
Bit Router 19x25x8 code no. 124 TCT,UNM/SKU/24-25/398,Drill bit,Consumables,Product Utilities
Bit Router AT.CR.3.008,UNMPL/SKU/25-26/2169,Drill bit,Consumables,Product Utilities
Bit Router AT.CR.4.008,UNMPL/SKU/25-26/2170,Drill bit,Consumables,Product Utilities
Bit Router ATB. HR.05.2512 HALF RADIUS CUTTER 125X30X15 Z-4,UNMPL/SKU/25-26/1380,Drill bit,Consumables,Product Utilities
Bit Router CODE NO 124-A ROUTER BIT 15X20X8,UNMPL/SKU/25-26/875,Drill bit,Consumables,Product Utilities
Bit Solid Carbid Bit 10x10x50x120xZ-2,UNM/SKU/23-24/520,Drill bit,Consumables,Product Utilities
Bit AT. ST. 10.10.50. SOLID BIT 10X10X50X100XZ-2,UNM/SKU/24-25/1746,Drill bit,Consumables,Product Utilities
Bit AT.SB.1472A-G TCT CUTTER 350X3.5X30XZ-72,UNMPL/SKU/25-26/2264,Drill bit,Consumables,Product Utilities
Bit AT.SBC.084020 TCTY CUTTER 200X2.0X25XZ-4,UNMPL/SKU/25-26/910,Drill bit,Consumables,Product Utilities
Bit AT.SBC.104825 CUTTER 250X2.5X25.4X48,UNMPL/SKU/25-26/911,Drill bit,Consumables,Product Utilities
Bit AT.ST.10.10.30 SOLID CRABID 10X10X30X65XZ-2,UNMPL/SKU/25-26/1291,Drill bit,Consumables,Product Utilities
Bit AT.ST.6.6.30 SOLID CRABID BIT 6X6X30Z-2,UNM/SKU/24-25/1767,Drill bit,Consumables,Product Utilities
Bit AT.ST.8.8.30 SOLID CARBID BIT 8X8X30X65XZ2,UNMPL/SKU/25-26/2324,Drill bit,Consumables,Product Utilities
Bit BH-03 BLADE HODER 4''X1''X1 1/4'',UNMPL/SKU/25-26/909,Drill bit,Consumables,Product Utilities
Bit CODE NO 901 HINGS BIT 15X10X55,UNM/SKU/24-25/1457,Drill bit,Consumables,Product Utilities
Bit CODE NO. 439 ROUTER BIT 45X16X12,UNMPL/SKU/25-26/59,Drill bit,Consumables,Product Utilities
Bit COLLECT 12MM,UNMPL/SKU/25-26/2323,Drill bit,Consumables,Product Utilities
Bit HINGE BORING BIT CODE NO 919 55X10X55,UNMPL/SKU/25-26/2322,Drill bit,Consumables,Product Utilities
Bit MORTISING DRILL BIT 10MMX13MMX60MMX100MMZ-2,UNMPL/SKU/25-26/2336,Drill bit,Consumables,Product Utilities
Bit Router CODE NO 123 12X20X8,UNMPL/SKU/25-26/878,Drill bit,Consumables,Product Utilities
Bit Router CODE NO 158A 26X12X6X8,UNMPL/SKU/25-26/1358,Drill bit,Consumables,Product Utilities
Bit T-20 BITS TOMI,UNM/SKU/24-25/1078,Drill bit,Consumables,Product Utilities
Bit LAMELLO INVIS MX2 STARTER SET SKU- 6100302,UNMPL/SKU/25-26/80,Drill bit,Consumables,Product Utilities
Bit Drill 1.5MM 5/64 JK STUB,UNM/SKU/24-25/1276,Drill bit,Consumables,Product Utilities
Bit DRILL BITS 7/16 INCH (12MM),UNMPL/SKU/25-26/587,Drill bit,Consumables,Product Utilities
Bit Drill 3/16 JK H,UNMPL/SKU/25-26/1309,Drill bit,Consumables,Product Utilities
MANGNETIC NUT 8MM,UNMPL/SKU/25-26/700,Drill bit,Spares,Factory Utilities
Bit 3/8 HSS BARMA,UNMPL/SKU/25-26/105,Drill bit,Consumables,Product Utilities
Bit 9MM JK SUTB,UNMPL/SKU/25-26/104,Drill bit,Consumables,Product Utilities
Bit COLET RB 9502 (6.35MM),UNMPL/SKU/25-26/907,Drill bit,Consumables,Product Utilities
Bit Drill 10mm JK STUB,,Drill bit,Consumables,Product Utilities
Bit Drill 5MM JK STUB,UNM/SKU/23-24/655,Drill bit,Consumables,Product Utilities
Bit DRILL CHUCK 16MM X 5/8,UNMPL/SKU/25-26/1499,Drill bit,Consumables,Product Utilities
Bit FWB 35MM TRISHUL BIT,UNMPL/SKU/25-26/653,Drill bit,Consumables,Product Utilities
Bit HAMMER BITS 12X210,UNMPL/SKU/25-26/2135,Drill bit,Consumables,Product Utilities
Bit Router 5004,UNMPL/SKU/25-26/1715,Drill bit,Consumables,Product Utilities
Bit Router PPT-9033,UNMPL/SKU/25-26/651,Drill bit,Consumables,Product Utilities
3/16 hss barma,UNM/SKU/24-25/953,Drill bit,Consumables,Product Utilities
Bit 10MM JK JOBBER,UNM/SKU/24-25/1651,Drill bit,Consumables,Product Utilities
Bit 11 MM JK STUB,UNMPL/SKU/25-26/1267,Drill bit,Consumables,Product Utilities
Bit 12MM JK STUB IRON BIT,UNMPL/SKU/25-26/1277,Drill bit,Consumables,Product Utilities
Bit 3MM JK STUB,UNM/SKU/24-25/1400,Drill bit,Consumables,Product Utilities
Bit 4MM JK STUB,UNM/SKU/24-25/1584,Drill bit,Consumables,Product Utilities
Bit 5 MM BIT JK JOBBER,UNMPL/SKU/25-26/1093,Drill bit,Consumables,Product Utilities
Bit 5 MM JK JOBBER,UNMPL/SKU/25-26/598,Drill bit,Consumables,Product Utilities
Bit 6MM JK STUB,UNM/SKU/24-25/1404,Drill bit,Consumables,Product Utilities
Bit 8MM JK STUB,UNM/SKU/24-25/1401,Drill bit,Consumables,Product Utilities
Bit Drill 10mm JK STUB (IRON),UNM/SKU/23-24/360,Drill bit,Consumables,Product Utilities
Bit Drill 6MM STUB TOTAM,UNM/SKU/23-24/656,Drill bit,Consumables,Product Utilities
Bit HINGE BORING BIT 35MM,UNM/SKU/24-25/296,Drill bit,Consumables,Product Utilities
Bit HINGS 35 MM,UNMPL/SKU/25-26/1295,Drill bit,Consumables,Product Utilities
Bit JK STU BIT 2MM,UNMPL/SKU/25-26/1400,Drill bit,Consumables,Product Utilities
Bit Router - 9505,UNMPL/SKU/25-26/1157,Drill bit,Consumables,Product Utilities
Bit Router 9092,UNMPL/SKU/25-26/906,Drill bit,Consumables,Product Utilities
Bit ROUTER BIT 9503,UNMPL/SKU/25-26/2335,Drill bit,Consumables,Product Utilities
Bit T-20 BIT,UNMPL/SKU/25-26/1409,Drill bit,Consumables,Product Utilities
Bit tap set 6mm,UNMPL/SKU/25-26/110,Drill bit,Consumables,Product Utilities
HARDWARE ITEM (8204),UNMPL/SKU/25-26/908,Drill bit,Consumables,Product Utilities
PH2 BIT 4 INCH,UNMPL/SKU/25-26/720,Drill bit,Consumables,Product Utilities
SCREW DRIVER T 25,UNMPL/SKU/25-26/1729,Drill bit,Consumables,Product Utilities
TAB SET 6MM,UNM/SKU/24-25/604,Drill bit,Consumables,Product Utilities
Bit Hammer Drill 6*110,UNM/SKU/24-25/1179,Drill bit,Consumables,Product Utilities
Bit Hammer Drill 8*160,UNM/SKU/24-25/314,Drill bit,Consumables,Product Utilities
Bit 640 GROVING JARI 150(6'')XB20X8MM,UNMPL/SKU/25-26/117,Drill bit,Consumables,Product Utilities
Bit HSS WOODEN 7/32,UNMPL/SKU/25-26/396,Drill bit,Consumables,Product Utilities
T-20 HANDLE,UNMPL/SKU/25-26/1829,Drill bit,Consumables,Product Utilities
PH 2 65ML,,Drill Bit,Consumables,Product Utilities
Magnetic nut 11mm,UNM/SKU/24-25/1445,drill bit,Spares,Product Utilities
Bit AT.ST.8.8.50 TCT SOLID CARBID BIT 8X8X50X100X-2,UNMPL/SKU/26-27/274,Drill Bit,Consumables,Product Utilities
Bit Drill PH 2 65,UNM/SKU/23-24/767,Drill Bit,Consumables,Product Utilities
Bit Drill 8MM ITI JK STUB,UNM/SKU/24-25/1022,Drill Bit,Consumables,Product Utilities
Bit CODE NO 127A TCT BEBATING ROUTER BIT 9X12XZ-4X8,UNMPL/SKU/26-27/51,Drill Bit,Consumables,Product Utilities
NEW DUCTING SHEET 6 MM,UNM/SKU/24-25/861,Ducting sheet,Electrical,Factory Utilities
DUCTING SHIFTING,UNMPL/SKU/25-26/1623,DUCTING SHIFTING,Service,Factory Utilities
Corrugated Box NYRA CD0623-01 DUMMY 60X16X6,UNMPL/SKU/25-26/739,Dummy Box,Packaging,Product Utilities
Corrugated Box NYRA ST0623-01 DUMMY 22.5X16X6,UNMPL/SKU/25-26/737,Dummy Box,Packaging,Product Utilities
"Corrugated Box P3 Dummy 84 x 8 x 11""""",UNM/SKU/24-25/118,Dummy Box,Packaging,Product Utilities
Corrugated Box valle chair Dummy 33x27.5x11,UNM/SKU/23-24/365,Dummy Box,Packaging,Product Utilities
Corrugated Box 3 ply Rodin Chiair Dummy -A 19x15x12,UNM/SKU/24-25/175,Dummy Box,Packaging,Product Utilities
Corrugated Box 3PLY DUMMY RN0325-13 18X17X13,UNMPL/SKU/25-26/996,Dummy Box,Packaging,Product Utilities
"Corrugated Box 455597-IMOGENE LOUNGE CHAIR (Bottom Dummy) 32""""X10""""X19.50"""" FOL",,Dummy Box,Packaging,Product Utilities
Corrugated Box 455597-IMOGENE LOUNGE CHAIR (Top Dummy) 28.5X21.5X10.5 RSC,,Dummy Box,Packaging,Product Utilities
Corrugated Box 73.5X5X11.5 DUMMY 3PLY,UNMPL/SKU/25-26/2061,Dummy Box,Packaging,Product Utilities
Corrugated Box 83.5X6.5X8 INCH 3PLY DUMMY,UNMPL/SKU/25-26/2065,Dummy Box,Packaging,Product Utilities
Corrugated Box BELLA CHAIR DUMMY 25.75X25.5X8,UNMPL/SKU/25-26/1007,Dummy Box,Packaging,Product Utilities
Corrugated Box BELLA CHAIR DUMMY 25X20X19 3PLY,UNMPL/SKU/25-26/1006,Dummy Box,Packaging,Product Utilities
Corrugated Box BRAYANT CHAIR DUMMY 19X17X11 3 PLY,UNMPL/SKU/25-26/993,Dummy Box,Packaging,Product Utilities
Corrugated Box BRAYANT CHAIR DUMMY 23.5X13X7.5 3 PLY,UNMPL/SKU/25-26/994,Dummy Box,Packaging,Product Utilities
Corrugated Box BRAYANT DINING CHAIR DUMMY 14.5X9X14,UNMPL/SKU/25-26/729,Dummy Box,Packaging,Product Utilities
Corrugated Box BRAYANT DINING CHAIR DUMMY 22X13X14.75,UNMPL/SKU/25-26/730,Dummy Box,Packaging,Product Utilities
Corrugated Box DUMMY RN0325-13 27.25X17.5X8.25 3PLY,UNMPL/SKU/25-26/997,Dummy Box,Packaging,Product Utilities
Corrugated Box DUMMY RN0325-14 18X18X9 3PLY,UNMPL/SKU/25-26/999,Dummy Box,Packaging,Product Utilities
Corrugated Box DUMMY RN0325-14 24X16X8 3PLY,UNMPL/SKU/25-26/1000,Dummy Box,Packaging,Product Utilities
"Corrugated Box KEY HOLE COUNTER UPPER DUMMY 18.25""""X16.25""""X11.25"""" RSC   3 PLY",,Dummy Box,Packaging,Product Utilities
"Corrugated Box LAILA BENCH DUMMY - 60.5""""X16.5""""X10.5"""" - 5 PLY",UNMPL/SKU/25-26/732,Dummy Box,Packaging,Product Utilities
Corrugated Box LAILA DUMMY BN0523-2B 60.5X16.5X10,,Dummy Box,Packaging,Product Utilities
"Corrugated Box LAILA SIDE BOARD 6 DRAWER DUMMY - 21.5""""X6.5""""X5"""" - 5 PLY",UNMPL/SKU/25-26/778,Dummy Box,Packaging,Product Utilities
"Corrugated Box LAILA SIDE TABLE LEGS 25""""X10.5""""X6"""" - 5 PLY DUMMY",UNMPL/SKU/25-26/658,Dummy Box,Packaging,Product Utilities
Corrugated Box LAILA ST0824 DUMMY 25X10.5X6,UNMPL/SKU/25-26/734,Dummy Box,Packaging,Product Utilities
Corrugated Box 17.5X14X7 DUMMY 3PLY,UNMPL/SKU/25-26/1861,Dummy Box,Packaging,Product Utilities
Corrugated Box 20.5X17X12 3PLY DUMMY,UNMPL/SKU/25-26/1862,Dummy Box,Packaging,Product Utilities
Corrugated Box AMBER QUEEN DUMMY 63.75''X6.5''X4.5'' (3PLY),UNMPL/SKU/25-26/413,Dummy Box,Packaging,Product Utilities
Corrugated Box AMBER TWIN DUMMY 44''X6.5''X4.5'' (3PLY),UNMPL/SKU/25-26/411,Dummy Box,Packaging,Product Utilities
"Corrugated Box Brussels Dining chair - Bottom Dummy 20""""x16.5""""x16.25"""" RSC 3 PLY",UNM/SKU/24-25/481,Dummy Box,Packaging,Product Utilities
"Corrugated Box Brussels Dining chair - Top dummy 21.5""""x19""""x11.5"""" RSC 3 PLY",UNM/SKU/24-25/482,Dummy Box,Packaging,Product Utilities
"Corrugated Box FA24 RODIN CHAIR BOTTOM DUMMY 18"""" X 15"""" X 12""""",UNM/SKU/24-25/150,Dummy Box,Packaging,Product Utilities
"Corrugated Box FA24 RODIN CHAIR UPPER DUMMY 18"""" X 15"""" X 16""""",UNM/SKU/24-25/149,Dummy Box,Packaging,Product Utilities
"Corrugated Box IMOGENE LOUNGE CHAIR (Bottom Dummy) 32""""X10""""X19.50"""" FOL",UM-000492,Dummy Box,Packaging,Product Utilities
Corrugated Box IMOGENE LOUNGE CHAIR (Top Dummy) 28.5X21.5X10.5 RSC,UM-000613,Dummy Box,Packaging,Product Utilities
"Corrugated Box Keyhole Arm chair bottom dummy 25"""" x 13.5"""" x 16.5"""" RSC   3 PLY",,Dummy Box,Packaging,Product Utilities
"Corrugated Box NEUE DINING CHAIR UPPER DUMMY 15""""X20.5""""X15"""" RSC  3 PLY",,Dummy Box,Packaging,Product Utilities
"Corrugated Box NS MUIRFIELD CHAIR (Dummy 1) 30"""" x 8"""" x 7.75"""" FOL",UM-000753,Dummy Box,Packaging,Product Utilities
"Corrugated Box NS MUIRFIELD CHAIR (Dummy 2) 3 PLY FULL FLAP BOX 30"""" x 18"""" x 7"""" FOL",UM-000761,Dummy Box,Packaging,Product Utilities
"Corrugated Box NS MUIRFIELD CHAIR (Dummy 3) 15"""" x 7.75"""" x 7"""" FOL",UM-000762,Dummy Box,Packaging,Product Utilities
"Corrugated Box NS MUIRFIELD CHAIR (Dummy 4) 30.50"""" x 10.50"""" x 7"""" FOL",UM-000776,Dummy Box,Packaging,Product Utilities
"Corrugated Box Rodin Bench - (Dummy) 56.75"""" X 16.5"""" X 12.9"""" FOL",UM-000671,Dummy Box,Packaging,Product Utilities
"Corrugated Box PETRIGNA Chair Dummy- 3PLY - 23.75""""X25.5""""X14",UNMPL/SKU/25-26/390,Dummy Box,Packaging,Product Utilities
Corrugated Box POST BED P1 DUMMY 70.75X6X70.5 5PLY,UNMPL/SKU/25-26/893,Dummy Box,Packaging,Product Utilities
"Corrugated Box POST King BED INNER BOX P3 - 82""""X7""""X10"""" - 3 PLY",UNMPL/SKU/25-26/1061,Dummy Box,Packaging,Product Utilities
Corrugated Box POST KING BED P3 DUMMY 84X10X12 5 PLY,UNMPL/SKU/25-26/895,Dummy Box,Packaging,Product Utilities
Corrugated Box RONSON CHAIR DUMMY 30X22.5X8 5PLY,UNMPL/SKU/25-26/557,Dummy Box,Packaging,Product Utilities
"Corrugated Box sabito chair top dummy - 30""""X18""""X15"""" - 3 PLY",UNMPL/SKU/25-26/879,Dummy Box,Packaging,Product Utilities
Corrugated Box SABITO CHAIR TOP DUMMY 30X18X15 3 PLY,UNMPL/SKU/25-26/1009,Dummy Box,Packaging,Product Utilities
"Corrugated Box Stonehenge King Bed DUMMY P2- 70""""X5""""X10"""" - 5 PLY",UNMPL/SKU/25-26/1050,Dummy Box,Packaging,Product Utilities
"Corrugated Box Stonehenge King Bed INNER BOX P3- 81""""X6""""X9"""" - 5 PLY",UNMPL/SKU/25-26/1052,Dummy Box,Packaging,Product Utilities
"Corrugated Box Stonehenge King Bed TOP DUMMY P1 - 70""""X5""""X17"""" - 5 PLY",UNMPL/SKU/25-26/1048,Dummy Box,Packaging,Product Utilities
Corrugated Box (S) ARNAS CHAIR BOTTOM DUMMY 31.5X19X13.5 5PLY,UNMPL/SKU/25-26/1021,Dummy Box,Packaging,Product Utilities
Corrugated Box (S) ENZO CHAIR DUMMY 24X21.5X14 3PLY,UNMPL/SKU/25-26/1023,Dummy Box,Packaging,Product Utilities
Corrugated Box (S) GG CHAIR BOTTOM DUMMY 31.5X24X9 3PLY,UNMPL/SKU/25-26/1016,Dummy Box,Packaging,Product Utilities
Corrugated Box (S) GG CHAIR TOP DUMMY 24X18X17 5PLY,UNMPL/SKU/25-26/1015,Dummy Box,Packaging,Product Utilities
Corrugated Box 30X18X7 3PLY DUMMY FOL,UNMPL/SKU/25-26/1962,Dummy Box,Packaging,Product Utilities
"Corrugated Box ARNAS CHAIR TOP DUMMY - 32""""X16""""X13.5"""" - 5 PLY",UNMPL/SKU/25-26/975,Dummy Box,Packaging,Product Utilities
Corrugated Box BAR STOOL BOTTOM DUMMY 17X14.5X9.5 5PLY,UNMPL/SKU/25-26/1074,Dummy Box,Packaging,Product Utilities
"Corrugated Box BODEN DN CHAIR DUMMY BOTTOM 21""""X14""""X14.75"""" RSC 3 PLY",,Dummy Box,Packaging,Product Utilities
Corrugated Box BOX STOOL TOP DUMMY 17X10X8 3PLY,UNMPL/SKU/25-26/1075,Dummy Box,Packaging,Product Utilities
"Corrugated Box COUNTER CHAIR BETSY DUMMY- 20.5""""X16""""X11.5""""",UNMPL/SKU/25-26/1332,Dummy Box,Packaging,Product Utilities
Corrugated Box Dali Wing Chair Dummy- A 22x22x9,UNM/SKU/23-24/579,Dummy Box,Packaging,Product Utilities
Corrugated Box Dali Wing Chair Dummy- B 17X10.5X9,UNM/SKU/23-24/580,Dummy Box,Packaging,Product Utilities
Corrugated Box DALI Wing Chair Dummy-C 18X18X20,UNM/SKU/23-24/581,Dummy Box,Packaging,Product Utilities
"Corrugated Box DARCY CHAIR DUMMY 3PLY- 22""""X20""""X16.5 RSC",UNMPL/SKU/25-26/928,Dummy Box,Packaging,Product Utilities
Corrugated Box DARCY CHAIR TOP DUMMY 22X20X16.5,UNMPL/SKU/25-26/1335,Dummy Box,Packaging,Product Utilities
Corrugated Box DARCY CHAIR TOP DUMMY 22X20X16.5 3 PLY,UNMPL/SKU/25-26/1010,Dummy Box,Packaging,Product Utilities
Corrugated Box DARCY SOFA 60X19X20 5 PLY DUMMY,UNMPL/SKU/25-26/1960,Dummy Box,Packaging,Product Utilities
Corrugated Box Dummy 30.5x10.5x7 30.5x10.5x7,UNM/SKU/23-24/502,Dummy Box,Packaging,Product Utilities
"Corrugated Box Enzo chair dummy - 24""""X21.5""""X14"""" - 5 PLY",UNMPL/SKU/25-26/1337,Dummy Box,Packaging,Product Utilities
"Corrugated Box Enzo chair dummy- 24""""X21.5""""X14"""" 3 PLY",,Dummy Box,Packaging,Product Utilities
"Corrugated Box G G CHAIR BOTTOM DUMMY- 31""""X24""""X9"""" 5 PLY",UNMPL/SKU/25-26/969,Dummy Box,Packaging,Product Utilities
"Corrugated Box G G CHAIR TOP DUMMY- 24""""X17.5""""X16"""" 5 PLY",UNMPL/SKU/25-26/973,Dummy Box,Packaging,Product Utilities
"Corrugated Box HARRIS OFFICE CHAIR BOTTOM DUMMY - 20""""X17""""X5"""" - 3 PLY",UNMPL/SKU/25-26/1343,Dummy Box,Packaging,Product Utilities
"Corrugated Box HARRIS OFFICE CHAIR TOP DUMMY - 19""""X18.5""""X16"""" - 5 PLY",UNMPL/SKU/25-26/1342,Dummy Box,Packaging,Product Utilities
"Corrugated Box KIRSTY CHAIR (Bottom Dummy) 3 ply 22.5""""X14""""X17"""" RSC",UNM/SKU/24-25/636,Dummy Box,Packaging,Product Utilities
"Corrugated Box KIRSTY CHAIR (Top Dummy) 3 ply 22.5"""" x17.25"""" x 18.75"""" RSC",UNM/SKU/24-25/637,Dummy Box,Packaging,Product Utilities
Corrugated Box LAILA BED P3 DUMMY 83.75X10.5X7 (C&M) 3PLY,UNMPL/SKU/25-26/988,Dummy Box,Packaging,Product Utilities
Corrugated Box (S) STONE HENGE BED P1 DUMMY 70X5X17 3PLY,,Dummy Box,Packaging,Product Utilities
Corrugated Box (S) THEA CHAIR BOTTOM DUMMY 28X21X11.5 3PLY,,Dummy Box,Packaging,Product Utilities
Corrugated Box (S) THEA CHAIR TOP DUMMY 30X12X15 3 PLY,,Dummy Box,Packaging,Product Utilities
Corrugated Box (S)STONE HENGE BED P1 DUMMY-2 70X5X12 3PLY,UNMPL/SKU/25-26/1026,Dummy Box,Packaging,Product Utilities
Corrugated Box (S) ARNAS CHAIR TOP DUMMY 24X22X19 3PLY,UNMPL/SKU/25-26/1020,Dummy Box,Packaging,Product Utilities
Corrugated Box (S) STONE HENGE BED P2 DUMMY 70X5X10 3PLY,UNMPL/SKU/25-26/1028,Dummy Box,Packaging,Product Utilities
"Corrugated Box ARNAS CHAIR BOTTOM DUMMY - 32""""X16""""X13.5"""" - 5 PLY",UNMPL/SKU/25-26/974,Dummy Box,Packaging,Product Utilities
"Corrugated Box BODEN BS BOTTOM DUMMY 21""""X14""""X9.75'' RSC 3 PLY",UNMPL/SKU/25-26/1259,Dummy Box,Packaging,Product Utilities
"Corrugated Box BODEN BS TOP DUMMY 21""""X17""""X13"""" RSC 3 PLY",UNMPL/SKU/25-26/1260,Dummy Box,Packaging,Product Utilities
"Corrugated Box BODEN CS BOTTOM DUMMY 21""""X14""""X5.75"""" RSC 3 PLY",UNMPL/SKU/25-26/1256,Dummy Box,Packaging,Product Utilities
"Corrugated Box BODEN CS TOP DUMMY 21""""X17""""X13"""" RSC 3 PLY",UNMPL/SKU/25-26/1257,Dummy Box,Packaging,Product Utilities
"Corrugated Box BODEN DN CHAIR DUMMY BOTTOM 21""""X14""""X14.20"""" RSC 3 PLY",UNMPL/SKU/25-26/1253,Dummy Box,Packaging,Product Utilities
"Corrugated Box BODEN DN CHAIR TOP DUMMY 21""""X17""""X12.5"""" RSC 3 PLY",UNMPL/SKU/25-26/1254,Dummy Box,Packaging,Product Utilities
Corrugated Box CLAPPER CHAIR 3 PLY DUMMY 18X16.5X7 RSC,UNM/SKU/24-25/1422,Dummy Box,Packaging,Product Utilities
"Corrugated Box FERRIS DINING CHAIR DUMMY - 19""""X18""""X15.5""""",UNMPL/SKU/25-26/1329,Dummy Box,Packaging,Product Utilities
"Corrugated Box FERRIS DINING CHAIR DUMMY - 21.5""""X19""""X17.5""""",UNMPL/SKU/25-26/1330,Dummy Box,Packaging,Product Utilities
"Corrugated Box JOSHUA ACCENT CHAIR BOTTOM DUMMY 32.50""""X24""""X10"""" 3 PLY RSC",UNMPL/SKU/25-26/2083,Dummy Box,Packaging,Product Utilities
"Corrugated Box JOSHUA ACCENT CHAIR TOP DUMMY 32.50""""X27.50""""X8.5"""" 3 PLY RSC",UNMPL/SKU/25-26/2082,Dummy Box,Packaging,Product Utilities
"Corrugated Box sabito chair bottom dummy - 34.5""""X18""""X10""""",UNMPL/SKU/25-26/880,Dummy Box,Packaging,Product Utilities
Corrugated Box Sample Dummy 30x8x7.75 30x8x7.75,UNM/SKU/23-24/503,Dummy Box,Packaging,Product Utilities
"Corrugated Box Stone Henge bed P3 DUMMY 70""""X5""""X18""""",UNM/SKU/24-25/1668,Dummy Box,Packaging,Product Utilities
"Corrugated Box THEA CHAIR BOTTOM DUMMY - 32""""X21""""X11.5"""" - 5 PLY 5 PLY",UNMPL/SKU/25-26/1013,Dummy Box,Packaging,Product Utilities
"Corrugated Box THEA CHAIR TOP DUMMY 34""""X16""""X15"""" - 5 PLY - 5 PLY",UNMPL/SKU/25-26/1012,Dummy Box,Packaging,Product Utilities
Corrugated Box Safi chair dummy- 30X14X15,UNM/SKU/23-24/573,Dummy Box,Packaging,Product Utilities
"Corrugated Box HARRIS ACCENT CHAIR - TOP DUMMY - 23""""X22.50""""X17"""" - 3 PLY",UNMPL/SKU/25-26/2384,Dummy Box,Packaging,Product Utilities
Corrugated Box VALLE DUMMY CORRUGATED BOX 33X27.5X11,UNM/SKU/24-25/776,Dummy Box,Packaging,Product Utilities
PORTABLE DUST COLLECTOR-3HP,UNM/SKU/24-25/1834,Dust Collector,Asset,Factory Utilities
DUSTER FLOOR 24*24,UNMPL/SKU/25-26/1912,Duster,Consumables,Factory Utilities
E-RING/RE0500000K0,UNM/SKU/24-25/1972,E Ring ,Spares,Factory Utilities
EAR PLUG 3M,UNM/SKU/24-25/910,Ear Plugs,Consumables,Factory Utilities
Earthing rod  2 MTR,UNMPL/SKU/25-26/1565,Earthing Rod,Electrical,Factory Utilities
Fabric cutting machine,UNMPL/SKU/25-26/1411,Electric cutter,Asset,Factory Utilities
SAW CUTTER PANEL 300X3.2X30XZ-96,UNMPL/SKU/25-26/1936,Electric Panel ,Spares,Factory Utilities
DAIKIN 0.9 TON FTL30UV16V1/RL30UV16V1 3 STAR FS,UNMPL/SKU/25-26/491,Electrical,Asset,Factory Utilities
HIGHWAY LIGHT 100W 65K,UNM/SKU/23-24/72,Electrical,Asset,Factory Utilities
PIN TYPE COPPER TERMINAL 25MM,UNMPL/SKU/25-26/1542,Electrical Connectors,Electrical,Factory Utilities
Electric board,UNM/SKU/24-25/156,Electronic Component,Electrical,Factory Utilities
Capacitor 4 MFD havells,UNM/SKU/24-25/886,Electronic Component,Electrical,Factory Utilities
CAPACITOR 8MFD,UNMPL/SKU/25-26/1220,Electronic Component,Electrical,Factory Utilities
CHANGE OVER  63 AMP,UNMPL/SKU/25-26/463,Electronic Component,Electrical,Factory Utilities
ENCLOSSURE FOR MCCB BOX,UNMPL/SKU/25-26/1538,Electronic Component,Electrical,Factory Utilities
GREEN PUSH BUTTON,UNMPL/SKU/25-26/18,Electronic Component,Electrical,Factory Utilities
PUSH BUTTON 6A SWITCH,UNMPL/SKU/25-26/1930,Electronic Component,Electrical,Factory Utilities
R R IRON HEAVYWEIGHT PLUSE,UNMPL/SKU/25-26/585,Electronic Component,Electrical,Factory Utilities
RELAY 24DC/2X21,UNMPL/SKU/25-26/1710,Electronic Component,Electrical,Factory Utilities
NUSPAK TENT COOLER 90 LTR,UNMPL/SKU/25-26/439,Electronic goods,Asset,Factory Utilities
RR WATER HEATER ARDOR QUBE+ 15LTR,UNMPL/SKU/25-26/1935,Electronic goods,Asset,Factory Utilities
Camera bullet (unv-12v),UNMPL/SKU/25-26/1438,Electronic Goods,Asset,Factory Utilities
Camera dome (uniarch-12v),UNMPL/SKU/25-26/1439,Electronic Goods,Asset,Factory Utilities
EMERGENCY LIGHT,UNM/SKU/24-25/1515,EMERGENCY LIGHT,Asset,Factory Utilities
EMERGENCY SWITCH,UNMPL/SKU/25-26/17,EMERGENCY SWITCH,Asset,Factory Utilities
EMERGENCY SWITCH -2,UNMPL/SKU/25-26/1712,EMERGENCY SWITCH,Electrical,Factory Utilities
200X10 EMERY,UNMPL/SKU/25-26/1138,Emmery ,Consumables,Factory Utilities
Cutting Machine Embrey Belt,UNMPL/SKU/25-26/1927,Emmery Belt,Consumables,Factory Utilities
RUBBER END CAP,UNMPL/SKU/25-26/1814,End Cap,Hardware,Product Utilities
END CUTTER MACHINE,UNM/SKU/24-25/1831,End Cutter,Asset,Factory Utilities
Packing NS Murified chair Back Side Bottom EPE Block (140x190-65mm) (50x50-65mm),,EPE block,Packaging,Product Utilities
"Packing EPE-Block Size : 22""""X4""""X80MM ( P-3 SIDE RAILS)",UNMPL/SKU/26-27/297,EPE Block,Packaging,Factory Utilities
EPE FOAM 12mm 1.5 MTR,UNM/SKU/24-25/1481,EPE Foam,Consumables,Product Utilities
Foam Roll E P E (Laminated) 6 MMx1.5MTRx,UNMPL/SKU/25-26/274,EPE Foam,Raw Material,Product Utilities
Valle EPE foam moulded strip,UNM/SKU/24-25/470,EPE Strip ,Consumables,Product Utilities
Foam EVA SHEET 5.5 MM BLACK  Color:  Density:,,Eva sheet,Raw Material,Product Utilities
Foam EVA SHEET 72 X 36 X 2mm  Color:BLACK  Density:,,Eva sheet ,Consumables,Product Utilities
Extention board 4 FOR 4 SOCKET,UNMPL/SKU/25-26/1596,Extention Board ,Electrical,Factory Utilities
SAFETY GOGGLES (CHASMA),UNM/SKU/24-25/936,Eye Protector,Consumables,Factory Utilities
SAFTEY GOGGLES -2,UNM/SKU/24-25/1522,Eye Protector,Consumables,Factory Utilities
EYE WASH CUP ( CRYSTAL EYE WASH CUP),UNM/SKU/24-25/1519,Eye Wash Cup ,Asset,Factory Utilities
Fabric FRANCISCO - Natural Natural,UNM/SKU/24-25/277,Fabric,Raw Material,Product Utilities
Fabric FABRIC 112UP049,UNMPL/SKU/25-26/2240,Fabric,Raw Material,Product Utilities
Fabric FABRIC 112UP070,UNMPL/SKU/25-26/2241,Fabric,Raw Material,Product Utilities
Fabric FAUX FUR DT,UNMPL/SKU/25-26/952,Fabric,Raw Material,Product Utilities
Fabric KINTTED FABRIC (FUR) BROWN,UNMPL/SKU/25-26/1849,Fabric,Raw Material,Product Utilities
Fabric KNITTED FABRIC EMB WT,UNMPL/SKU/25-26/961,Fabric,Raw Material,Product Utilities
Fabric KNITTED FABRIC PRINT FUR,UNMPL/SKU/25-26/2045,Fabric,Raw Material,Product Utilities
Fabric KNITTED FABRIC QUILT,UNMPL/SKU/25-26/955,Fabric,Raw Material,Product Utilities
Fabric KNITTED FABRIC QUILT-A,UNMPL/SKU/25-26/956,Fabric,Raw Material,Product Utilities
Fabric KNITTED FABRIC QUILT-B,UNMPL/SKU/25-26/957,Fabric,Raw Material,Product Utilities
Fabric SHERPA DS FUR BROWN,UNMPL/SKU/25-26/963,Fabric,Raw Material,Product Utilities
Fabric SHERPA JACQ,UNMPL/SKU/25-26/962,Fabric,Raw Material,Product Utilities
Fabric SOFT FUR A PLT,UNMPL/SKU/25-26/958,Fabric,Raw Material,Product Utilities
Fabric SOFT FUR A PLT FUR,UNMPL/SKU/25-26/953,Fabric,Raw Material,Product Utilities
Fabric SOFT FUR A PLT FUR-A,UNMPL/SKU/25-26/954,Fabric,Raw Material,Product Utilities
Fabric SOFT FUR CURLY BLK,UNMPL/SKU/25-26/964,Fabric,Raw Material,Product Utilities
Fabric SOFT FUR EMB PEACH,UNMPL/SKU/25-26/960,Fabric,Raw Material,Product Utilities
Fabric FAUX FUR FAUX DT,UNMPL/SKU/25-26/959,Fabric,Raw Material,Product Utilities
Fabric SOFT FUR,,Fabric,Raw Material,Product Utilities
Fabric 1369319 OMNI-18-CLOUD-OMINI,UNMPL/SKU/25-26/1600,Fabric,Raw Material,Product Utilities
Fabric 1382829 RAPTOR -08-TURTLE-RAPTOR,UNMPL/SKU/25-26/1601,Fabric,Raw Material,Product Utilities
Fabric Color Wash 17 - Angora,UNM/SKU/23-24/424,Fabric,Raw Material,Product Utilities
Fabric CHARLESTOWN ARMY-155 - SOFT CHENILLE COL SN : 34 SAGE,,Fabric,Raw Material,Product Utilities
Fabric charlestown peanut-175 SR NO- 11,UNMPL/SKU/25-26/842,Fabric,Raw Material,Product Utilities
Fabric COMFORT 2 SR NO 206 SILT,UNMPL/SKU/25-26/836,Fabric,Raw Material,Product Utilities
Fabric COMFORT 2 SR O 242,UNMPL/SKU/25-26/841,Fabric,Raw Material,Product Utilities
Fabric NEW MOLFINO SOFT CHENILLE (CHARLESTOWN-140 -DDNF-108552-220-FF TANGERINE,UNMPL/SKU/25-26/284,Fabric,Raw Material,Product Utilities
Fabric NEW MOLFINO -SOFT CHENILLE COL SN: 22 INDIGO,,Fabric,Raw Material,Product Utilities
Fabric TEXTURA VELVET SR NO 27,UNMPL/SKU/25-26/824,Fabric,Raw Material,Product Utilities
Fabric Wilbur DDHF110692 Shade 01,UNM/SKU/24-25/537,Fabric,Raw Material,Product Utilities
Fabric NEW MOLFINO SR NO- 11,,Fabric,Raw Material,Product Utilities
Fabric NEW MOLFINO-SOFT CHENILLE COL SN : 34 SAGE,,Fabric,Raw Material,Product Utilities
Fabric Sarom - Jaipur 106,UNMPL/SKU/25-26/53,Fabric,Raw Material,Product Utilities
Fabric Sarom - Levi 703,UNMPL/SKU/25-26/52,Fabric,Raw Material,Product Utilities
Fabric SABIC - 490,UNMPL/SKU/25-26/382,Fabric,Raw Material,Product Utilities
Fabric Valle Fabric - Malvern-Earth (C0+backing) Gray,UM-000844,Fabric,Raw Material,Product Utilities
Fabric AMAZON - SERIAL NO. 17 (RAIL ROADED) with TREATMENT,UNMPL/SKU/25-26/7,Fabric,Raw Material,Product Utilities
Fabric AMAZON#22,UNM/SKU/24-25/1861,Fabric,Raw Material,Product Utilities
Fabric BANARAS SPECIAL,UNMPL/SKU/25-26/355,Fabric,Raw Material,Product Utilities
Fabric BANARAS#26,UNMPL/SKU/25-26/810,Fabric,Raw Material,Product Utilities
Fabric COVER FABRIC,UNMPL/SKU/25-26/661,Fabric,Raw Material,Product Utilities
Fabric EMPEROR#04,UNMPL/SKU/25-26/946,Fabric,Raw Material,Product Utilities
Fabric EMPEROR#18,UNMPL/SKU/25-26/947,Fabric,Raw Material,Product Utilities
Fabric EMPEROR#35,UNMPL/SKU/25-26/948,Fabric,Raw Material,Product Utilities
Fabric EMPEROR#36,UNMPL/SKU/25-26/949,Fabric,Raw Material,Product Utilities
Fabric FR INTERLINER,UNMPL/SKU/25-26/1977,Fabric,Raw Material,Product Utilities
Fabric GARDEN PRINT FLOWER#10,UNMPL/SKU/25-26/937,Fabric,Raw Material,Product Utilities
Fabric GARDEN PRINT FLOWER#47,UNMPL/SKU/25-26/939,Fabric,Raw Material,Product Utilities
Fabric GARDEN PRINT FLOWER#55,UNMPL/SKU/25-26/940,Fabric,Raw Material,Product Utilities
Fabric GARDEN PRINT FLOWER#67,UNMPL/SKU/25-26/941,Fabric,Raw Material,Product Utilities
Fabric GARDEN PRINT FLOWER#71,UNMPL/SKU/25-26/942,Fabric,Raw Material,Product Utilities
Fabric GARDEN PRINT FLOWER#75,UNMPL/SKU/25-26/943,Fabric,Raw Material,Product Utilities
Fabric GOLD#11,UNMPL/SKU/25-26/41,Fabric,Raw Material,Product Utilities
Fabric KNOTS#16,UNMPL/SKU/25-26/768,Fabric,Raw Material,Product Utilities
Fabric LINEN GARDEN#43,UNMPL/SKU/25-26/931,Fabric,Raw Material,Product Utilities
Fabric LINEN GARDEN#45,UNMPL/SKU/25-26/814,Fabric,Raw Material,Product Utilities
Fabric LINEN GARDEN#46,UNMPL/SKU/25-26/933,Fabric,Raw Material,Product Utilities
Fabric LINEN GARDEN#50,UNMPL/SKU/25-26/935,Fabric,Raw Material,Product Utilities
Fabric LINEN GARDEN#60,UNMPL/SKU/25-26/936,Fabric,Raw Material,Product Utilities
Fabric LOOM#03,UNMPL/SKU/25-26/944,Fabric,Raw Material,Product Utilities
Fabric LOOM#18,UNMPL/SKU/25-26/945,Fabric,Raw Material,Product Utilities
Fabric UMNPL/FB/25-26/02/03,UNMPL/SKU/25-26/2153,Fabric,Raw Material,Product Utilities
Fabric UNMPL/FB/25-26/01/02,UNMPL/SKU/25-26/1964,Fabric,Raw Material,Product Utilities
Fabric UNMPL/FB/25-26/01/03 GAURIKA,UNMPL/SKU/25-26/1965,Fabric,Raw Material,Product Utilities
Fabric UNMPL/FB/25-26/01/04 GAURIKA,UNMPL/SKU/25-26/1966,Fabric,Raw Material,Product Utilities
Fabric UNMPL/FB/25-26/01/05 GAURIKA,UNMPL/SKU/25-26/1967,Fabric,Raw Material,Product Utilities
Fabric UNMPL/FB/25-26/01/06,UNMPL/SKU/25-26/1968,Fabric,Raw Material,Product Utilities
Fabric UNMPL/FB/25-26/02/04,UNMPL/SKU/25-26/2154,Fabric,Raw Material,Product Utilities
Fabric UNMPL/FB/25-26/02/05,UNMPL/SKU/25-26/2155,Fabric,Raw Material,Product Utilities
Fabric UNMPL/FB/25-26/03/01,UNMPL/SKU/25-26/2297,Fabric,Raw Material,Product Utilities
Fabric UNMPL/FB/25-26/03/02,UNMPL/SKU/25-26/2298,Fabric,Raw Material,Product Utilities
Fabric UNMPL/FB/25-26/03/03,UNMPL/SKU/25-26/2299,Fabric,Raw Material,Product Utilities
Fabric UNMPL/FB/25-26/03/04,UNMPL/SKU/25-26/2300,Fabric,Raw Material,Product Utilities
Fabric BANARAS SHADE NO.19 WITH TREATMENT,UNMPL/SKU/25-26/125,Fabric,Raw Material,Product Utilities
Fabric DOODLE#25,UNMPL/SKU/25-26/806,Fabric,Raw Material,Product Utilities
Fabric FLOWER#36,,Fabric,Raw Material,Product Utilities
Fabric FLOWER#41,UNMPL/SKU/25-26/817,Fabric,Raw Material,Product Utilities
Fabric flower#67,UNMPL/SKU/25-26/807,Fabric,Raw Material,Product Utilities
Fabric FLOWER#76,UNMPL/SKU/25-26/816,Fabric,Raw Material,Product Utilities
Fabric GARDEN PRINT FLOWER#36,UNMPL/SKU/25-26/938,Fabric,Raw Material,Product Utilities
Fabric KNOTS#26,UNMPL/SKU/25-26/766,Fabric,Raw Material,Product Utilities
Fabric LAWN SR NO: 01 WITH TREATMENT,UNMPL/SKU/25-26/124,Fabric,Raw Material,Product Utilities
Fabric LOOM#17,UNMPL/SKU/25-26/883,Fabric,Raw Material,Product Utilities
Fabric SPECIAL (white),UNMPL/SKU/25-26/1716,Fabric,Raw Material,Product Utilities
Fabric special print ( same disigns use in thea ),UNMPL/SKU/25-26/383,Fabric,Raw Material,Product Utilities
Fabric SPECIAL PRINT FOR WOFEX FAIR 2025 (CURTAINS),UNMPL/SKU/25-26/1616,Fabric,Raw Material,Product Utilities
Fabric SPECIAL PRINT( DESIGNING CHARGES) FOR VIKRAM MALHOTRA NIYOMI CHAIR,,Fabric,Raw Material,Product Utilities
Fabric SPECIAL SHEET ( CURTONS FOR WOFEX 2025 FAIR),UNMPL/SKU/25-26/1815,Fabric,Raw Material,Product Utilities
Fabric UNMPL/FB/25-26/02/01,UNMPL/SKU/25-26/2050,Fabric,Raw Material,Product Utilities
Fabric UNMPL/FB/25-26/03/05,UNMPL/SKU/25-26/2301,Fabric,Raw Material,Product Utilities
Fabric UNMPL/FB/25-26/03/06,UNMPL/SKU/25-26/2302,Fabric,Raw Material,Product Utilities
Fabric UNMPL/FB/25-26/03/07,UNMPL/SKU/25-26/2303,Fabric,Raw Material,Product Utilities
Fabric UNMPL/FB/25-26/03/08,UNMPL/SKU/25-26/2304,Fabric,Raw Material,Product Utilities
Fabric UNMPL/FB/25-26/03/09,UNMPL/SKU/25-26/2306,Fabric,Raw Material,Product Utilities
Fabric BANGALORE 13469-110012-1444 / B6,UNMPL/SKU/25-26/1433,Fabric,Raw Material,Product Utilities
Fabric CHROMA 140 LACOM FINISHING 18193,UNMPL/SKU/25-26/540,Fabric,Raw Material,Product Utilities
Fabric COLORADO 500,UNMPL/SKU/25-26/1306,Fabric,Raw Material,Product Utilities
Fabric COLORADO 905,UNMPL/SKU/25-26/126,Fabric,Raw Material,Product Utilities
Fabric COLORADO-903,UNMPL/SKU/25-26/1305,Fabric,Raw Material,Product Utilities
Fabric CUPCAKE AU162590 58013,UNMPL/SKU/25-26/1160,Fabric,Raw Material,Product Utilities
Fabric CUPCAKE PP/H-AU162590-56112 T8267,UNMPL/SKU/25-26/1123,Fabric,Raw Material,Product Utilities
Fabric DELHI 140 - SG43 - 19101 - 9689+ ECRU - 0097 / LOCOM FINISHING,UNMPL/SKU/25-26/2067,Fabric,Raw Material,Product Utilities
Fabric DELHI 140 - SG43-18291-8979 + ECRU-9015/ LACOM FINISHING,UNMPL/SKU/25-26/2263,Fabric,Raw Material,Product Utilities
Fabric Himalya fabric 902,UNM/SKU/23-24/1043,Fabric,Raw Material,Product Utilities
Fabric MUMBAI 140- SG44-19193-9689+ ECRU-9400/ LACOM FINISHING,,Fabric,Raw Material,Product Utilities
Fabric OLYMPUS 504,UNMPL/SKU/25-26/1091,Fabric,Raw Material,Product Utilities
Fabric OLYMPUS 900,UNMPL/SKU/25-26/1090,Fabric,Raw Material,Product Utilities
Fabric OLYMPUS-103,UNMPL/SKU/25-26/1594,Fabric,Raw Material,Product Utilities
Fabric SANTA CRUZ-700,UNMPL/SKU/25-26/2068,Fabric,Raw Material,Product Utilities
Fabric SURAT 140-13342-193903,UNMPL/SKU/25-26/1196,Fabric,Raw Material,Product Utilities
Fabric SYMPHONY MILLS   RHINE -103,,Fabric,Raw Material,Product Utilities
Fabric SYMPHONY MILLS  BERGEN-205 205,,Fabric,Raw Material,Product Utilities
Fabric SYMPHONY MILLS - COPENHAGEN - 143 - 904 - 904,UNMPL/SKU/25-26/49,Fabric,Raw Material,Product Utilities
Fabric SYMPHONY MILLS - Santa Cruz-147- 903 903,UNMPL/SKU/25-26/50,Fabric,Raw Material,Product Utilities
Fabric SYMPHONY MILLS  YUKON -901,,Fabric,Raw Material,Product Utilities
Fabric ALBERGO B 140 - 13469-58151-8253+5631 HUNTER GREEN/ LOCOM FINISHING,UNMPL/SKU/25-26/543,Fabric,Raw Material,Product Utilities
Fabric BENI 140- SG44-12191-2484 + ECRU-9015 / LACOM FINISHING,UNMPL/SKU/25-26/542,Fabric,Raw Material,Product Utilities
Fabric BENI 140-SG44-18183-8241 + ECRU-8297/ LACOM FINISHING,UNMPL/SKU/25-26/541,Fabric,Raw Material,Product Utilities
Fabric CHROMA 140 LACOM FINISHING,,Fabric,Raw Material,Product Utilities
Fabric CUPCAKE PP/H-AU162590,,Fabric,Raw Material,Product Utilities
Fabric RHINE -103,,Fabric,Raw Material,Product Utilities
Fabric SYMPHONY MILLS - COPENHAGEN-143 400,,Fabric,Raw Material,Product Utilities
Fabric YUKON -901,,Fabric,Raw Material,Product Utilities
Fabric 107106 Autumn Pearl,UNM/SKU/23-24/478,Fabric,Raw Material,Product Utilities
Fabric AUTUMN PLAIN POWDER BLUE 107136 POWDER BLUE,UNM/SKU/23-24/892,Fabric,Raw Material,Product Utilities
Fabric MIDORI MILL SHADE 2252244,UNMPL/SKU/25-26/886,Fabric,Raw Material,Product Utilities
Fabric MIDORI MILL SHADE 2552225,UNMPL/SKU/25-26/885,Fabric,Raw Material,Product Utilities
Fabric MIDORI MILL SHADE 3255253,UNMPL/SKU/25-26/884,Fabric,Raw Material,Product Utilities
Fabric BRONEXY,UNMPL/SKU/25-26/1696,Fabric,Raw Material,Product Utilities
Fabric ETHAN,UNMPL/SKU/25-26/1699,Fabric,Raw Material,Product Utilities
Fabric GM0159-J06,UNMPL/SKU/25-26/1692,Fabric,Raw Material,Product Utilities
Fabric GM2310283YD,UNMPL/SKU/25-26/1693,Fabric,Raw Material,Product Utilities
Fabric GM2409066YD,UNMPL/SKU/25-26/1700,Fabric,Raw Material,Product Utilities
Fabric GM2409271YD,UNMPL/SKU/25-26/1698,Fabric,Raw Material,Product Utilities
Fabric GM2410342YD,UNMPL/SKU/25-26/1695,Fabric,Raw Material,Product Utilities
Fabric M-1821,UNMPL/SKU/25-26/1697,Fabric,Raw Material,Product Utilities
Fabric MIDORI MILL SHADE 2252231,UNMPL/SKU/25-26/887,Fabric,Raw Material,Product Utilities
Fabric Canvas White,UM-000661,Fabric,Raw Material,Product Utilities
Fabric FABRIC CANVAS WHITE FOR SOFA PATTI CUTTING,UNMPL/SKU/25-26/2134,Fabric,Raw Material,Product Utilities
"Fabric marking cloth 54""""",UNM/SKU/24-25/1067,Fabric,Raw Material,Product Utilities
TAT BORA,UNM/SKU/23-24/16,fabric,Raw Material,Product Utilities
Non Woven Fabric White,UM-000161,Fabric,Raw Material,Product Utilities
Fabric AURORA STRIPE BLUE,UNMPL/SKU/25-26/36,Fabric,Raw Material,Product Utilities
Fabric BLOSSOM blue Floral,UNM/SKU/24-25/1934,Fabric,Raw Material,Product Utilities
Fabric MILA Floral MUSHROOM,UNM/SKU/24-25/1938,Fabric,Raw Material,Product Utilities
Fabric AURORA STRIPE MUSHROOM,UNMPL/SKU/25-26/37,Fabric,Raw Material,Product Utilities
Fabric OP24 KAKE 100% COTTON VELVET,UNMPL/SKU/25-26/1121,Fabric,Raw Material,Product Utilities
Fabric OP33 RUST 100% COTTON VELVET,UNMPL/SKU/25-26/1122,Fabric,Raw Material,Product Utilities
Fabric OP37 100% COTTON VELVET FABRIC,UNMPL/SKU/25-26/1119,Fabric,Raw Material,Product Utilities
Fabric OP22 100% COTTON VELVET FABRIC,,Fabric,Raw Material,Product Utilities
Fabric ACROPOLIS SHEPARD,UNMPL/SKU/25-26/1114,Fabric,Raw Material,Product Utilities
Fabric BONDI EAST 204,UNMPL/SKU/25-26/2146,Fabric,Raw Material,Product Utilities
Fabric CARTIER 403,UNMPL/SKU/25-26/2145,Fabric,Raw Material,Product Utilities
Fabric CHATEAU METALICA,UNMPL/SKU/25-26/1118,Fabric,Raw Material,Product Utilities
Fabric CHATEAU TROUT,UNMPL/SKU/25-26/1117,Fabric,Raw Material,Product Utilities
Fabric DORATA SHIMMER VALLEY 06,UNMPL/SKU/25-26/1514,Fabric,Raw Material,Product Utilities
Fabric OTCD CAD 19,UNMPL/SKU/25-26/1529,Fabric,Raw Material,Product Utilities
Fabric OTCD CAD 49,UNMPL/SKU/25-26/1509,Fabric,Raw Material,Product Utilities
Fabric OTG SA-MT-01 (58% POLY 42% COTTON),UNMPL/SKU/25-26/899,Fabric,Raw Material,Product Utilities
Fabric OTW-BE-032 (100% POLY),UNMPL/SKU/25-26/900,Fabric,Raw Material,Product Utilities
Fabric OTW-BE-047 (100%),UNMPL/SKU/25-26/901,Fabric,Raw Material,Product Utilities
Fabric RANGREZ NADI (100% COTTON),UNMPL/SKU/25-26/898,Fabric,Raw Material,Product Utilities
Fabric RATTAN OAK TWIG,UNMPL/SKU/25-26/1116,Fabric,Raw Material,Product Utilities
Fabric RATTAN PERSIAN MEADOW,UNMPL/SKU/25-26/1115,Fabric,Raw Material,Product Utilities
Fabric SENO 201,UNMPL/SKU/25-26/2148,Fabric,Raw Material,Product Utilities
Fabric SHER 101,UNMPL/SKU/25-26/2147,Fabric,Raw Material,Product Utilities
Fabric TOIL (85% POLY LINEN 15%),UNMPL/SKU/25-26/897,Fabric,Raw Material,Product Utilities
Fabric ALLEY AEGEAN,UNMPL/SKU/25-26/1680,Fabric,Raw Material,Product Utilities
Fabric BASILE VANILLA,UNMPL/SKU/25-26/1684,Fabric,Raw Material,Product Utilities
Fabric BOX AEGEAN,UNMPL/SKU/25-26/1679,Fabric,Raw Material,Product Utilities
Fabric DURRIE,UNMPL/SKU/25-26/338,Fabric,Raw Material,Product Utilities
Fabric MEGAPIX BRICK,,Fabric,Raw Material,Product Utilities
Fabric NATURA CLOVER,UNMPL/SKU/25-26/1683,Fabric,Raw Material,Product Utilities
Fabric NATURA ICEBERG,UNMPL/SKU/25-26/1682,Fabric,Raw Material,Product Utilities
Fabric OT-G/C ET L1-1 217,UNMPL/SKU/25-26/2044,Fabric,Raw Material,Product Utilities
Fabric RANGREZ LEAFY GREEN,UNMPL/SKU/25-26/1678,Fabric,Raw Material,Product Utilities
Fabric RANGREZ LIMESTONE,UNMPL/SKU/25-26/1676,Fabric,Raw Material,Product Utilities
Fabric SCALLORA 4502,UNMPL/SKU/25-26/2043,Fabric,Raw Material,Product Utilities
Fabric Decking Cloth Black Black,UM-000187,Fabric,Raw Material,Product Utilities
Fabric Waterproof Fabric Black,UNM/SKU/23-24/109,Fabric,Raw Material,Product Utilities
Fabric BROWN MAPLE 05,UNMPL/SKU/25-26/297,Fabric,Raw Material,Product Utilities
Fabric DEZIRE COTTAGE -03,UNMPL/SKU/25-26/1522,Fabric,Raw Material,Product Utilities
Fabric DEZIRE COTTAGE -11,UNMPL/SKU/25-26/2248,Fabric,Raw Material,Product Utilities
Fabric DEZIRE COTTAGE -5,UNMPL/SKU/25-26/2253,Fabric,Raw Material,Product Utilities
Fabric Drape Diaries S.No - 01,UNMPL/SKU/25-26/2238,Fabric,Raw Material,Product Utilities
Fabric NATURAL OAK S. NO - 14,UNMPL/SKU/25-26/2239,Fabric,Raw Material,Product Utilities
Fabric FAUX 15/ LEVIS 01 RED,UNMPL/SKU/25-26/1493,Fabric,Raw Material,Product Utilities
Fabric FAUX 20/ LEVIS 16 WHITE,UNMPL/SKU/25-26/1494,Fabric,Raw Material,Product Utilities
Fabric FABRIC SOLID VW 24999-2,UNMPL/SKU/25-26/797,Fabric,Raw Material,Product Utilities
Fabric SOLID FABRIC BOUCLE WINTER 115517,UNMPL/SKU/25-26/796,Fabric,Raw Material,Product Utilities
Fabric SOLID FABRIC BOUCLE PEBBLE 115535,UNMPL/SKU/25-26/798,Fabric,Raw Material,Product Utilities
Fabric BROWN CANVAS,UNMPL/SKU/25-26/1403,Fabric,Raw Material,Product Utilities
Fabric Canvas dye C  color - Brown,,Fabric,Raw Material,Product Utilities
Fabric FABRIC WITH DYEING IN BLACK CANVAS,UNMPL/SKU/25-26/1357,Fabric,Raw Material,Product Utilities
Fabric ABELLONE -309,UNMPL/SKU/25-26/1647,Fabric,Raw Material,Product Utilities
Fabric color,UNM/SKU/24-25/1434,Fabric,Consumables,Product Utilities
Fabric 3D QUILTED VELVED DYED BROWN,UNMPL/SKU/25-26/27,Fabric,Raw Material,Product Utilities
Fabric 3D QUILTED VELVET DYED D GREEN,UNMPL/SKU/25-26/32,Fabric,Raw Material,Product Utilities
Fabric 3D QUILTED VELVET DYED GREY,UNMPL/SKU/25-26/30,Fabric,Raw Material,Product Utilities
Fabric 3D QUILTED VELVET DYED JAQUARD BROWN,UNMPL/SKU/25-26/34,Fabric,Raw Material,Product Utilities
Fabric 3D QUILTED VELVET DYED YELLOW,UNMPL/SKU/25-26/28,Fabric,Raw Material,Product Utilities
Fabric 3D QUILTED VELVET FABRIC DYED JAQUARD BLUE,UNMPL/SKU/25-26/35,Fabric,Raw Material,Product Utilities
Fabric Decking Cloth (sartan) white,UM-000752,Fabric,Raw Material,Product Utilities
Fabric BOUCLE 002 SHADE NO 004,UNMPL/SKU/25-26/1362,Fabric,Raw Material,Product Utilities
Fabric BOUCLE 002 SHADE-001,UNM/SKU/24-25/1274,Fabric,Raw Material,Product Utilities
Fabric LEAF FAN LTX - ALOE,UNMPL/SKU/25-26/207,Fabric,Raw Material,Product Utilities
Fabric NEW GENERATION/SIENNA SIENNA,UM-000655,Fabric,Raw Material,Product Utilities
Fabric UP CYCLE -57 DUNE,UNM/SKU/24-25/1329,Fabric,Raw Material,Product Utilities
Fabric WOOLFILL-WOOD WADDING 80MM GSM SAMPLE,,Fabric,Raw Material,Product Utilities
Fabric AUTUMN DUSKY ROSE,UNMPL/SKU/25-26/818,Fabric,Raw Material,Product Utilities
Fabric FL-W-1-002 Chocolate Brown,UM-000651,Fabric,Raw Material,Product Utilities
Fabric REESE : FL-RS-29,UNM/SKU/23-24/936,Fabric,Raw Material,Product Utilities
Fabric ARAGON 3,UNMPL/SKU/25-26/1517,Fabric,Raw Material,Product Utilities
Fabric ARAGON 39,UNMPL/SKU/25-26/1620,Fabric,Raw Material,Product Utilities
Fabric ARAGON 83,UNMPL/SKU/25-26/1521,Fabric,Raw Material,Product Utilities
Fabric DAVIS MASSA 80,,Fabric,Raw Material,Product Utilities
Fabric DAVIS MOSSA 07,UNMPL/SKU/25-26/2270,Fabric,Raw Material,Product Utilities
Fabric DAVIS PUENTE 03,UNMPL/SKU/25-26/2034,Fabric,Raw Material,Product Utilities
Fabric DEVIS PUENTE 06,,Fabric,Raw Material,Product Utilities
Fabric BRISK 1,UNMPL/SKU/25-26/685,Fabric,Raw Material,Product Utilities
Fabric BRISK 2,UNMPL/SKU/25-26/684,Fabric,Raw Material,Product Utilities
Fabric S0Z016 ZO - ULTRAMARINE 16,UNM/SKU/24-25/1672,Fabric,Raw Material,Product Utilities
Fabric ZO CHARCOAL 08,UNM/SKU/23-24/743,Fabric,Raw Material,Product Utilities
Fabric #SOOS06 OSLO NUT 06,UNMPL/SKU/25-26/127,Fabric,Raw Material,Product Utilities
Fabric LEWISCOLM002,UNM/SKU/23-24/189,Fabric,Raw Material,Product Utilities
Fabric ZOUK -709,,Fabric,Raw Material,Product Utilities
Fabric 18-RO-1921 BLACK/IVORY,,Fabric,Raw Material,Product Utilities
Fabric 18-RO-1922 Multicolour,,Fabric,Raw Material,Product Utilities
Fabric 18-RO-1923 IVORY/Grey,,Fabric,Raw Material,Product Utilities
Fabric 18-RO-1924 BLACK/IVORY,,Fabric,Raw Material,Product Utilities
Fabric Himalaya-904 WHITE,,Fabric,Raw Material,Product Utilities
Fabric LEAF FAN LTX ALOE,,Fabric,Raw Material,Product Utilities
Fabric OTS -310 BLACK/WHITE,,Fabric,Raw Material,Product Utilities
Fabric OTS-410 (Blue/Green) Blue/Green,,Fabric,Raw Material,Product Utilities
Fabric OTS-411 (Seafoam/Green) Seafoam/Green,,Fabric,Raw Material,Product Utilities
Fabric UM-004,,Fabric,Raw Material,Product Utilities
Fabric UM-011,,Fabric,Raw Material,Product Utilities
Fabric VT - 1019 BROWN,,Fabric,Raw Material,Product Utilities
Fabric VT - 1039 (Beige) BEIGE,,Fabric,Raw Material,Product Utilities
Fabric VT - 1065 YELLOW,,Fabric,Raw Material,Product Utilities
Fabric VT - 1117 (Orange) ORANGE,,Fabric,Raw Material,Product Utilities
Fabric VT - 1118 RED GREEN,,Fabric,Raw Material,Product Utilities
Fabric VT - 1126 RED,,Fabric,Raw Material,Product Utilities
Fabric VT - 1128 YELLOW,,Fabric,Raw Material,Product Utilities
Fabric VT - 1141 GRREN,,Fabric,Raw Material,Product Utilities
Fabric VT - 1142 (Red) RED,,Fabric,Raw Material,Product Utilities
Fabric VT - 1143 WHITE,,Fabric,Raw Material,Product Utilities
Fabric VT - 1145 BLUE,,Fabric,Raw Material,Product Utilities
Fabric VT - 1232 (Denim) DENIM,,Fabric,Raw Material,Product Utilities
Fabric VT-1001 (Midnight Black),,Fabric,Raw Material,Product Utilities
Fabric VT-1001 (Purple Velvet),,Fabric,Raw Material,Product Utilities
Fabric VT-1012 (Denim) Denim,,Fabric,Raw Material,Product Utilities
Fabric VT-1020 (Mulicolour),,Fabric,Raw Material,Product Utilities
Fabric VT-1021 (Multicolour),,Fabric,Raw Material,Product Utilities
Fabric VT-1022-Brown,,Fabric,Raw Material,Product Utilities
Fabric VT-1026 (Turquoise),,Fabric,Raw Material,Product Utilities
Fabric VT-1029 (BRN  BLUE) BRN  BLUE,,Fabric,Raw Material,Product Utilities
Fabric VT-1057 (Beige),,Fabric,Raw Material,Product Utilities
Fabric VT-1062 (Red),,Fabric,Raw Material,Product Utilities
Fabric VT-1063 (Brown Canvas),,Fabric,Raw Material,Product Utilities
Fabric VT-1084 (Blue & Firozi) Blue & Firozi,,Fabric,Raw Material,Product Utilities
Fabric VT-1084 (Red),,Fabric,Raw Material,Product Utilities
Fabric VT-1089-Multicolour,,Fabric,Raw Material,Product Utilities
Fabric VT-1091 (Blue),,Fabric,Raw Material,Product Utilities
Fabric VT-1092 (Blue),,Fabric,Raw Material,Product Utilities
Fabric VT-1096 (Brown Canvas),,Fabric,Raw Material,Product Utilities
Fabric VT-1096 (Green),,Fabric,Raw Material,Product Utilities
Fabric VT-1108 (Original) Green,,Fabric,Raw Material,Product Utilities
Fabric VT-1111 (Green),,Fabric,Raw Material,Product Utilities
Fabric VT-1122 (khaki),,Fabric,Raw Material,Product Utilities
Fabric VT-1122 (Navy) Navy,,Fabric,Raw Material,Product Utilities
Fabric VT-1125 (Red & Yellow),,Fabric,Raw Material,Product Utilities
Fabric VT-1192 (Original),,Fabric,Raw Material,Product Utilities
Fabric VT-1199 (Canvas),,Fabric,Raw Material,Product Utilities
Fabric VT-1215 (Blue Canvas),,Fabric,Raw Material,Product Utilities
Fabric VT-1224 (Red) Red,,Fabric,Raw Material,Product Utilities
Fabric VT-1224 (Yellow) YELLOW,,Fabric,Raw Material,Product Utilities
Fabric VT-1232 (Flex),,Fabric,Raw Material,Product Utilities
Fabric VT-1239 (Black & White),,Fabric,Raw Material,Product Utilities
Fabric VT-1241 (Black & White),,Fabric,Raw Material,Product Utilities
Fabric VT-1249 (Jewel) Jewel,,Fabric,Raw Material,Product Utilities
Fabric VT-1255 (Brown) Brown,,Fabric,Raw Material,Product Utilities
Fabric ZETA LLYOD LINEN 1135 WITH FBC,,Fabric,Raw Material,Product Utilities
Fabric Rafels Chair,UM-000041,Fabric,Raw Material,Product Utilities
Fabric Rafels Sofa,UM-000043,Fabric,Raw Material,Product Utilities
Fabric OT-20192 Blue & White,UM-000059,Fabric,Raw Material,Product Utilities
Fabric OT-12007,UM-000061,Fabric,Raw Material,Product Utilities
Fabric OT-12005,UM-000063,Fabric,Raw Material,Product Utilities
Fabric OT-7023,UM-000066,Fabric,Raw Material,Product Utilities
Fabric VT-1216(BRICK) BRICK,UM-000180,Fabric,Raw Material,Product Utilities
Fabric VT-1000 (Autumn) Autumn,UM-000211,Fabric,Raw Material,Product Utilities
"Fabric OT-20194 (54"""") White & Grey",UM-000234,Fabric,Raw Material,Product Utilities
Fabric Swavelle-Harlene Ltx Champagne,UM-000466,Fabric,Raw Material,Product Utilities
Fabric LINEA - SR 03 ( 102),UM-000467,Fabric,Raw Material,Product Utilities
Fabric MEKONG 1644 (Black),UM-000550,Fabric,Raw Material,Product Utilities
Fabric BORA BORA GRANITE,UM-000612,Fabric,Raw Material,Product Utilities
Fabric R-Angeline / GP24330-CHINA3180 LINEN (Meter),,Fabric,Raw Material,Product Utilities
Fabric Reliance East India Company 03 black,UNM/SKU/23-24/26,Fabric,Raw Material,Product Utilities
Fabric merchants corporation fabric - 01 black,UNM/SKU/23-24/29,Fabric,Raw Material,Product Utilities
Fabric Wool,UNM/SKU/23-24/364,Fabric,Raw Material,Product Utilities
Fabric UNMF-231101 (Blue) Blue,UNM/SKU/23-24/399,Fabric,Raw Material,Product Utilities
Fabric bespoke - taj gray polyster 02 light gray,UNM/SKU/23-24/4,Fabric,Raw Material,Product Utilities
Fabric UNMF-231109,UNM/SKU/23-24/400,Fabric,Raw Material,Product Utilities
Fabric UNMF-231108,UNM/SKU/23-24/401,Fabric,Raw Material,Product Utilities
Fabric Farren Natural (m),,Fabric,Raw Material,Product Utilities
Fabric SKU# SOZO02 PARCHMENT 02,UNM/SKU/23-24/742,Fabric,Raw Material,Product Utilities
Fabric APOLLO,UNM/SKU/23-24/756,Fabric,Raw Material,Product Utilities
Fabric 20,UNM/SKU/23-24/775,Fabric,Raw Material,Product Utilities
Fabric CHICO-WN-DPE AKOLA 115907 Green,UNM/SKU/23-24/791,Fabric,Raw Material,Product Utilities
Fabric 3933 MIKALYA-DP,UNM/SKU/23-24/842,Fabric,Raw Material,Product Utilities
Fabric matty cloth,UNM/SKU/23-24/858,Fabric,Raw Material,Product Utilities
Fabric Bora bora different,UNM/SKU/23-24/870,Fabric,Raw Material,Product Utilities
Fabric OT-2021-312 FOR SUSHIL UDYOG CASCADE CANOPY BED,UNM/SKU/23-24/907,Fabric,Raw Material,Product Utilities
Fabric prada gray,UNM/SKU/23-24/934,Fabric,Raw Material,Product Utilities
Fabric TIAGA BIEGE (Burano Fabric) Biege,UNM/SKU/23-24/97,Fabric,Raw Material,Product Utilities
Fabric KANCHOLIYA FABRIC,UNM/SKU/23-24/979,Fabric,Raw Material,Product Utilities
Fabric Delaine 3 (Barrel chair fabric) Boucle,UNM/SKU/23-24/98,Fabric,Raw Material,Product Utilities
Fabric Panama 33 (Italian sofa fabric) greyish blue,UNM/SKU/23-24/99,Fabric,Raw Material,Product Utilities
Fabric RECYCLED-100 %,UNM/SKU/24-25/1057,Fabric,Raw Material,Product Utilities
Fabric AARA FURNITURE GREEN,UNM/SKU/24-25/1117,Fabric,Raw Material,Product Utilities
Fabric KNITTED FABRIC FUR,UNM/SKU/24-25/1183,Fabric,Raw Material,Product Utilities
Fabric LFB0308 FAUX 27/LEVIS-31,UNM/SKU/24-25/1205,Fabric,Raw Material,Product Utilities
Fabric FAUX 14/LEVIS 09 LFB0269=28/4/23,UNM/SKU/24-25/1206,Fabric,Raw Material,Product Utilities
Fabric MHVI0074 BROWN MAPLE 12,UNM/SKU/24-25/1207,Fabric,Raw Material,Product Utilities
Fabric BOUCLE SHADE 03,UNM/SKU/24-25/1275,Fabric,Raw Material,Product Utilities
Fabric PADDINION SNOW-01,UNM/SKU/24-25/1298,Fabric,Raw Material,Product Utilities
Fabric PRINTED CANVAS 05,UNM/SKU/24-25/1322,Fabric,Raw Material,Product Utilities
Fabric PRINTED CANVAS 06,UNM/SKU/24-25/1323,Fabric,Raw Material,Product Utilities
Fabric GOOD TO GO CHESTNUT,UNM/SKU/24-25/1347,Fabric,Raw Material,Product Utilities
Fabric TAKE IT EASY DECOBERRY,UNM/SKU/24-25/1349,Fabric,Raw Material,Product Utilities
Fabric RECONECT LTX (NEEDLE PUNCH) CAMEL,UNM/SKU/24-25/1350,Fabric,Raw Material,Product Utilities
Fabric TIMELY LTX TRUFFLE,UNM/SKU/24-25/1351,Fabric,Raw Material,Product Utilities
Fabric LIFELINE COSTAL,UNM/SKU/24-25/1352,Fabric,Raw Material,Product Utilities
Fabric SUGAR & SPICE EBONY,UNM/SKU/24-25/1353,Fabric,Raw Material,Product Utilities
Fabric SOCIAL STUDIES PEBBLE,UNM/SKU/24-25/1354,Fabric,Raw Material,Product Utilities
Fabric ALBANO,UNM/SKU/24-25/1355,Fabric,Raw Material,Product Utilities
Fabric AMANDA,UNM/SKU/24-25/1356,Fabric,Raw Material,Product Utilities
Fabric JEMO,UNM/SKU/24-25/1357,Fabric,Raw Material,Product Utilities
Fabric MATILDA,UNM/SKU/24-25/1358,Fabric,Raw Material,Product Utilities
Fabric MOBY,UNM/SKU/24-25/1359,Fabric,Raw Material,Product Utilities
Fabric TUTU PLUS,UNM/SKU/24-25/1360,Fabric,Raw Material,Product Utilities
Fabric TUTU PLUS -1,UNM/SKU/24-25/1362,Fabric,Raw Material,Product Utilities
Fabric NOCHE MOSS 14,UNM/SKU/24-25/1410,Fabric,Raw Material,Product Utilities
Fabric NOCHE SNOW,UNM/SKU/24-25/1412,Fabric,Raw Material,Product Utilities
Fabric NOCHE NUTMEG 05,UNM/SKU/24-25/1413,Fabric,Raw Material,Product Utilities
Fabric TAVIS SAND,UNM/SKU/24-25/1416,Fabric,Raw Material,Product Utilities
Fabric 41004D 23424-85219 CANNA,UNM/SKU/24-25/1417,Fabric,Raw Material,Product Utilities
Fabric 33157B CANNA,UNM/SKU/24-25/1439,Fabric,Raw Material,Product Utilities
Fabric GM2308440YD 101,UNM/SKU/24-25/1440,Fabric,Raw Material,Product Utilities
Fabric GM221104PD-TP FAB20243538-1,UNM/SKU/24-25/1441,Fabric,Raw Material,Product Utilities
Fabric TRANCE 116,UNM/SKU/24-25/1442,Fabric,Raw Material,Product Utilities
Fabric AGRA FAB20243425-85224,UNM/SKU/24-25/1443,Fabric,Raw Material,Product Utilities
Fabric SUS-GM0137-J04-LBR U&M-24-11-1,UNM/SKU/24-25/1444,Fabric,Raw Material,Product Utilities
Fabric JUST MINT GREEN USE IN NICCO CHAIR,UNM/SKU/24-25/1448,Fabric,Raw Material,Product Utilities
Fabric EIC-TMP-FB-31 ECRU EARTH,UNM/SKU/24-25/1461,Fabric,Raw Material,Product Utilities
Fabric ABELLONE 408,UNM/SKU/24-25/1467,Fabric,Raw Material,Product Utilities
Fabric UNM/FB/24-25/12/01,UNM/SKU/24-25/1470,Fabric,Raw Material,Product Utilities
Fabric S.N 201 SHADE 01+CUSHIN FABRIC SAROM MALTIN ABELLONE 408 USE IN BELLA ARM CHAIR,UNM/SKU/24-25/1476,Fabric,Raw Material,Product Utilities
Fabric SHEEP SKIN GL197E TERRY 06 USE IN THEA ARM CHAIR SHREYANSH BHOPAL,UNM/SKU/24-25/1477,Fabric,Raw Material,Product Utilities
Fabric Velar S. No. 22 on Chair Piping Velar S. N. 23 USE IN Mochina Arm Chair,UNM/SKU/24-25/1478,Fabric,Raw Material,Product Utilities
Fabric AARTEX ELANTE SN. 4603 FOR BONITA CHAIR,UNM/SKU/24-25/1479,Fabric,Raw Material,Product Utilities
Fabric VELAR S. NO. 14 FOR SOBITO ARM CHAIR,UNM/SKU/24-25/1480,Fabric,Raw Material,Product Utilities
Fabric Charcoal Razzaro 706 USE FOR Stone Hendge King Bed,UNM/SKU/24-25/1485,Fabric,Raw Material,Product Utilities
Fabric ALIZE BLUSH FOR AARA CALLECTION (3+2+1+1+1+1),UNM/SKU/24-25/1486,Fabric,Raw Material,Product Utilities
Fabric URBAN LIVING GRAY SARPA FABRIC FOR SQUARE MUIRFIELD,UNM/SKU/24-25/1503,Fabric,Raw Material,Product Utilities
Fabric UNM/FB/24-25/12/02,UNM/SKU/24-25/1546,Fabric,Raw Material,Product Utilities
Fabric UNM/FB/24-25/12/03,UNM/SKU/24-25/1547,Fabric,Raw Material,Product Utilities
Fabric UNM/FB/24-25/12/04,UNM/SKU/24-25/1548,Fabric,Raw Material,Product Utilities
Fabric UNM/FB/24-25/12/05,UNM/SKU/24-25/1549,Fabric,Raw Material,Product Utilities
Fabric SOLID FABRIC CARAMEL EGGSHELL,UNM/SKU/24-25/1555,Fabric,Raw Material,Product Utilities
Fabric UNM/FB/24-25/01/01,UNM/SKU/24-25/1571,Fabric,Raw Material,Product Utilities
Fabric BOTANIA SAND COLOR,UNM/SKU/24-25/1582,Fabric,Raw Material,Product Utilities
Fabric ZURI NATURAL,UNM/SKU/24-25/1599,Fabric,Raw Material,Product Utilities
Fabric PRINTED BLUE FABRIC,UNM/SKU/24-25/1607,Fabric,Raw Material,Product Utilities
Fabric Banaras 15 Natural,UNM/SKU/24-25/1671,Fabric,Raw Material,Product Utilities
Fabric UNM/FB/24-25/01/06 FOR SOFA CUM BED OBEROI HOTELS,UNM/SKU/24-25/1676,Fabric,Raw Material,Product Utilities
Fabric OPUS 714,UNM/SKU/24-25/1786,Fabric,Raw Material,Product Utilities
Fabric AMAZON#25,UNM/SKU/24-25/1852,Fabric,Raw Material,Product Utilities
Fabric LOOM#19,UNM/SKU/24-25/1853,Fabric,Raw Material,Product Utilities
Fabric SILID FABRIC BYSANTIUM ECRU 54 IN,UNM/SKU/24-25/1859,Fabric,Raw Material,Product Utilities
Fabric AMAZON#17,UNM/SKU/24-25/1870,Fabric,Raw Material,Product Utilities
Fabric BLACK CLOTH NEW FOR AARA SEAT PAD 44 INCH WIDTH,UNM/SKU/24-25/1953,Fabric,Raw Material,Product Utilities
Fabric SOLID FABRIC SH7765A-A04 MULTI,UNM/SKU/24-25/360,Fabric,Raw Material,Product Utilities
Fabric SH7766A-04 IVORY,UNM/SKU/24-25/364,Fabric,Raw Material,Product Utilities
Fabric BELUGA PARCHMENT,UNM/SKU/24-25/366,Fabric,Raw Material,Product Utilities
Fabric Lana SR.4 Light Brown,UNM/SKU/24-25/392,Fabric,Raw Material,Product Utilities
Fabric COTTON CLOTH,UNM/SKU/24-25/463,Fabric,Raw Material,Product Utilities
Fabric SOHO -145-103-103,UNM/SKU/24-25/48,Fabric,Raw Material,Product Utilities
Fabric SYMPHONY MILLS - COPENHAGEN-143 - 400 400,UNM/SKU/24-25/49,Fabric,Raw Material,Product Utilities
Fabric Z0 dune,UNM/SKU/24-25/601,Fabric,Raw Material,Product Utilities
Fabric OT-CF22018/15,UNM/SKU/24-25/672,Fabric,Raw Material,Product Utilities
Fabric UT909 518,UNM/SKU/24-25/704,Fabric,Raw Material,Product Utilities
Fabric CANVAS PRINTED,UNM/SKU/24-25/880,Fabric,Raw Material,Product Utilities
Fabric BONITA FABRIC,UNM/SKU/24-25/881,Fabric,Raw Material,Product Utilities
Fabric SOLID BELUGA OYSTER,UNM/SKU/24-25/883,Fabric,Raw Material,Product Utilities
Fabric BODY CLOTH-3 SR 000052,UNM/SKU/24-25/893,Fabric,Raw Material,Product Utilities
Fabric ZOUKE -709,UNMPL/SKU/25-26/1035,Fabric,Raw Material,Product Utilities
Fabric OP22 MUSTARD 100% COTTON VELVET FABRIC,UNMPL/SKU/25-26/1120,Fabric,Raw Material,Product Utilities
Fabric S.H RETAILS FABRIC FOR CANOPE BED SO -25-26/78,UNMPL/SKU/25-26/1232,Fabric,Raw Material,Product Utilities
Fabric FABRIC 540710,UNMPL/SKU/25-26/1233,Fabric,Raw Material,Product Utilities
Fabric F-SOULFUL-140 / JACKSON/ZB-COGNAC DDHF111698,UNMPL/SKU/25-26/1464,Fabric,Raw Material,Product Utilities
Fabric FDI02ROUG- DION ROUGE (ESPL),UNMPL/SKU/25-26/1605,Fabric,Raw Material,Product Utilities
Fabric FCP41ROSE-COPELAND ROSEBUD (ESPL),UNMPL/SKU/25-26/1607,Fabric,Raw Material,Product Utilities
Fabric DEVIS PUENTE 16,UNMPL/SKU/25-26/1619,Fabric,Raw Material,Product Utilities
Fabric COPELAND DUSK (ESPL PROJECT),UNMPL/SKU/25-26/1756,Fabric,Raw Material,Product Utilities
Fabric AMBER SJ-108 (ESPL),UNMPL/SKU/25-26/1758,Fabric,Raw Material,Product Utilities
Fabric REMBO-108 (ESPL),UNMPL/SKU/25-26/1759,Fabric,Raw Material,Product Utilities
Fabric EASTWOOD BOARDEAUX (ESPL),UNMPL/SKU/25-26/1761,Fabric,Raw Material,Product Utilities
Fabric UT-909/806 GREEN (YOD),UNMPL/SKU/25-26/1762,Fabric,Raw Material,Product Utilities
Fabric NEW MOLFINO SOFT CLENILLE,UNMPL/SKU/25-26/20,Fabric,Raw Material,Product Utilities
Fabric MUMBAI 140- SG44-19193-9689+ ECRU-9400/ LACOM FINISHING ( MUMBAI 901),UNMPL/SKU/25-26/2006,Fabric,Raw Material,Product Utilities
Fabric DOUBLE ISSUE WITH CO FINISH INDIGO,UNMPL/SKU/25-26/202,Fabric,Raw Material,Product Utilities
Fabric WARWIC CALASSIC JACQAROS NARLA NECTOR (ESPL-BUYER FOR MT SOFA ),UNMPL/SKU/25-26/2121,Fabric,Raw Material,Product Utilities
Fabric PIANO-AFRO-101,UNMPL/SKU/25-26/2182,Fabric,Raw Material,Product Utilities
Fabric AARTEX LEGO 25505 (HOME DECOR BHOPAL),UNMPL/SKU/25-26/2183,Fabric,Raw Material,Product Utilities
Fabric UNMPL/FB/25-26/02/06 (HOME DECOR BHOPAL),UNMPL/SKU/25-26/2184,Fabric,Raw Material,Product Utilities
Fabric DAVIS MOSSA 80,UNMPL/SKU/25-26/2271,Fabric,Raw Material,Product Utilities
Fabric UNM/FB/25-26/07/01,UNMPL/SKU/25-26/754,Fabric,Raw Material,Product Utilities
Fabric LEROUX LATEX MARBLE,UNMPL/SKU/25-26/769,Fabric,Raw Material,Product Utilities
Fabric CHARLESTOWN ARMY-155 - SOFT CHENILLE COL SN : 35 ARMY,UNMPL/SKU/25-26/822,Fabric,Raw Material,Product Utilities
Fabric SOFT FUR MANG FUR,UNMPL/SKU/25-26/951,Fabric,Raw Material,Product Utilities
Fabric CHENNAI 140-NO6-592900-9370+9050+WRP-9791+9370+9050+WFT/B6 ( CHENNAI-900),UNMPL/SKU/26-27/107,Fabric,Raw Material,Product Utilities
Fabric CHARLESTOWN 350,UNMPL/SKU/26-27/114,Fabric,Raw Material,Product Utilities
Fabric UNMPL/FB/26-24/04/01 (SUSHIL UDHYOG - TANAWARA,UNMPL/SKU/26-27/145,Fabric,Raw Material,Product Utilities
Fabric DAVIS MIKA 13,UNMPL/SKU/26-27/207,Fabric,Raw Material,Product Utilities
Fabric FIBERGLASS FABRIC 0.25MM,,Fabric,Raw Material,Product Utilities
Fabric spl print #108,UNMPL/SKU/26-27/282,Fabric,Raw Material,Product Utilities
Fabric PRINTED CANVAS 04,UNM/SKU/24-25/1321,Fabric,Raw Material,Product Utilities
Fabric Umbria 3073 Ivory FOR AARA SEAT PAD white,UNM/SKU/23-24/562,Fabric,Raw Material,Product Utilities
Fabric UNM/FB/05/25-26/01,UNMPL/SKU/25-26/381,Fabric,Raw Material,Product Utilities
Fabric VT-1089 (Multicolour) Old Multicolour,,Fabric,Raw Material,Product Utilities
Fabric VT-1126 (Red Canvas),,Fabric,Raw Material,Product Utilities
Fabric VT-1133 (Black & Grey),,Fabric,Raw Material,Product Utilities
Fabric VT-1199,,Fabric,Raw Material,Product Utilities
Fabric VT-1240 (Gray & White),,Fabric,Raw Material,Product Utilities
Fabric HAMZA,UNMPL/SKU/25-26/820,Fabric HAMZA,Raw Material,Product Utilities
POLYLAB BEAKER 500ML,UNMPL/SKU/25-26/2285,FABRIC HANGER,Sample,Office Utilities
17X27 ASTRID FABRIC BOOK,UNMPL/SKU/25-26/81,FABRIC HANGER,Sample,Office Utilities
BOOK 17X27 (BOUVET),UNMPL/SKU/25-26/83,FABRIC HANGER,Sample,Office Utilities
BOOK 17X27 (CHENILLE DEW),UNMPL/SKU/25-26/89,FABRIC HANGER,Sample,Office Utilities
BOOK 17X27 (ELMENTAL PLAIN),UNMPL/SKU/25-26/90,FABRIC HANGER,Sample,Office Utilities
BOOK 17X27 (LANDMARK TEXTURE),UNMPL/SKU/25-26/86,FABRIC HANGER,Sample,Office Utilities
BOOK 17X27 (MICA),UNMPL/SKU/25-26/85,FABRIC HANGER,Sample,Office Utilities
BOOK 17X27 (MUSK),UNMPL/SKU/25-26/88,FABRIC HANGER,Sample,Office Utilities
BOOK 17X27.5 (HOMBELL CALLECTION),UNMPL/SKU/25-26/82,FABRIC HANGER,Sample,Office Utilities
BOOK 17X27.5 (LAGOS COLLECTION),UNMPL/SKU/25-26/84,FABRIC HANGER,Sample,Office Utilities
BOOK 33X38 (SIGNATURE VALVETS),UNMPL/SKU/25-26/91,FABRIC HANGER,Sample,Office Utilities
BOOK 17X27 (BESPOKE TEXTURE ),UNMPL/SKU/25-26/87,FABRIC HANGER,Sample,Office Utilities
ABIA FILE,UNMPL/SKU/25-26/2280,FABRIC HANGER,Sample,Office Utilities
HOKU FILE,UNMPL/SKU/25-26/2276,FABRIC HANGER,Sample,Office Utilities
JOHAN FILE,UNMPL/SKU/25-26/2279,FABRIC HANGER,Sample,Office Utilities
MATTEO FILE,UNMPL/SKU/25-26/2273,FABRIC HANGER,Sample,Office Utilities
SAM FILE BIG,UNMPL/SKU/25-26/2274,FABRIC HANGER,Sample,Office Utilities
UNADH FILE,UNMPL/SKU/25-26/2278,FABRIC HANGER,Sample,Office Utilities
ZENITH FILES,UNMPL/SKU/25-26/2277,FABRIC HANGER,Sample,Office Utilities
ZORIN FILE BIG,UNMPL/SKU/25-26/2275,FABRIC HANGER,Sample,Office Utilities
CUPCAKE GTA HANGER,UNMPL/SKU/25-26/1103,FABRIC HANGER,Sample,Product Utilities
ALPINE SH19,UNMPL/SKU/25-26/1144,FABRIC HANGER,Sample,Office Utilities
TOUCH SH19,UNMPL/SKU/25-26/1143,FABRIC HANGER,Sample,Office Utilities
MILANO FILE,UNMPL/SKU/25-26/2269,Fabric Hanger,Swatches,Office Utilities
Fabric HAWAI-2308248YD,UNMPL/SKU/25-26/1694,Fabric HAWAI-2308248YD,Raw Material,Product Utilities
Exhaust fan 6'' RR,UNMPL/SKU/25-26/324,Fan,Asset,Factory Utilities
RR SUPERFAN ACWM 450MM (18/1/14) M,UNMPL/SKU/25-26/404,Fan,Asset,Factory Utilities
RR SUPERFAN HDEX (18/1/1400) MS GREY,UNMPL/SKU/25-26/2049,Fan,Asset,Factory Utilities
RR Wall Fan Getto 400MM,UNMPL/SKU/25-26/325,Fan,Asset,Factory Utilities
Exhaust Fan 18'',UNM/SKU/24-25/600,Fan ,Asset,Factory Utilities
MOBILE HVLS FAN S-150 MODEL 42000CMS,UNMPL/SKU/25-26/2318,Fan ,Asset,Factory Utilities
WOOD FILLER wood filler pine,UNM/SKU/24-25/40,FILLER,Consumables,Product Utilities
WOOD FILLER WOOD FILLER TEAK,UNM/SKU/24-25/18,FILLER,Consumables,Product Utilities
WOOD FILLER WOOD FILLER WALNUT,UNM/SKU/24-25/19,FILLER,Consumables,Product Utilities
WOOD FILLER WOOD FILLER WHITE,UNM/SKU/24-25/20,FILLER,Consumables,Product Utilities
MOM PUTTY,UNM/SKU/24-25/694,FILLER,Consumables,Product Utilities
LAPOX FILLO FAST RESIN 800 GM BOLT,,Filler,Consumables,Product Utilities
CHOK MATTI ( WHITE MATI),UNMPL/SKU/25-26/764,FILLER,Consumables,Product Utilities
Pili mati powder,UNM/SKU/24-25/1398,FILLER,Consumables,Product Utilities
ADHESIVE AROLIGHT BONDONE WOODFIL HARDENER 0.8 KG,UNMPL/SKU/25-26/328,Filler,Consumables,Product Utilities
ADHESIVE BONDONE WOODFIL RESIN 1 KG,UNMPL/SKU/25-26/329,Filler,Consumables,Product Utilities
WAX FILLER BLACK (MOM POTING),UNMPL/SKU/25-26/1739,Filler,Consumables,Product Utilities
WOOD FILLER CHARCOL WOOD FILLER (BLACK),UNMPL/SKU/25-26/1591,Filler,Consumables,Product Utilities
FILTER COLUMBUS,UNM/SKU/24-25/542,Filter,Consumables,Factory Utilities
FILTER PA - 50  (FOR SANDING BOOTH),UNMPL/SKU/25-26/1152,Filter,Consumables,Factory Utilities
FILTER POCKET 7P,UNM/SKU/24-25/541,Filter,Consumables,Factory Utilities
Open face spray dry booth 3.6x1.5x2.5M,UNM/SKU/23-24/37,Finishing Booth ,Asset,Factory Utilities
PRESSURE GAUGE,UNM/SKU/24-25/624,Fire Safety,Spares,Factory Utilities
Dry powder 5 kg refill,UNM/SKU/24-25/192,Fire Safety ,Consumables,Factory Utilities
FOAM NOZZLE BIG,UNMPL/SKU/25-26/1298,Fire Safety ,Spares,Factory Utilities
Flap Disc / Wheel WC 60,MM-01075,Flap Disc  Wheel,Spares,Factory Utilities
FLAP DISC 120 NO,UNMPL/SKU/25-26/1498,Flap Disc  Wheel,Spares,Factory Utilities
Flexible pipe 0.5 inch 50 mtr roll,UNM/SKU/24-25/59,Flexi Pipe,Electrical,Factory Utilities
Plywood Flexibal 8x4x4.6mm,UNM/SKU/23-24/431,Flexi Plywood,Raw Material,Product Utilities
Plywood Flexibal 8X4X7.5MM,UNM/SKU/24-25/588,Flexi Plywood,Raw Material,Product Utilities
Plywood flexible PLY 5MM 8X4,UNM0002,Flexi Plywood,Raw Material,Product Utilities
Plywood flaxible ply 4.6mm for at home sample,UNMPL/SKU/25-26/1923,Flexi Plywood,Raw Material,Product Utilities
Plywood Flexibal 8x4x5mm,,Flexi Plywood,Raw Material,Product Utilities
Plywood Flexibal 8x4x6mm,UNM/SKU/24-25/510,Flexi Plywood,Raw Material,Product Utilities
"Plywood flexible molded back - 48""""x19""""",,Flexi Plywood,Raw Material,Product Utilities
PVC FLOORING 0.65MM,UNMPL/SKU/25-26/655,Floor Covering ,Consumables,Factory Utilities
FPD-OVAL-SAOS-3-21-76-NW-700-BLACK-C,UNMPL/SKU/25-26/1315,Floor Protector,Consumables,Product Utilities
Foam   Color:  Density: 30x37x10mm yellow,,Foam,Raw Material,Product Utilities
Foam   Color:78x38x50mm yellow  Density:,,Foam,Raw Material,Product Utilities
"Foam 32 Soft  White  (Size- 55""""x61""""x25mm)  Color:White  Density: 32",,Foam,Raw Material,Product Utilities
Foam 38X30X10MM  Color:YELLOW  Density:,,Foam,Raw Material,Product Utilities
Foam 40x38x25mm yellow  Color:  Density:,,Foam,Raw Material,Product Utilities
Foam 47X36X10MM  Color:PINK  Density: 32D DIAMOND,,Foam,Raw Material,Product Utilities
Foam 52X35X50MM  Color:BLACK  Density:,,Foam,Raw Material,Product Utilities
Foam 52X36X50MM  Color:BLACK  Density:,,Foam,Raw Material,Product Utilities
Foam 52X38X50MM  Color:WHITE  Density:,,Foam,Raw Material,Product Utilities
Foam 55x38x25mm  Color:White  Density: 32,,Foam,Raw Material,Product Utilities
Foam 55x38x75mm  Color:pink  Density:,,Foam,Raw Material,Product Utilities
Foam 56X38X25MM YELLOW  Color:  Density:,,Foam,Raw Material,Product Utilities
Foam 60x40x25mm SUPER SOFT  Color:white  Density: 32,,Foam,Raw Material,Product Utilities
Foam 60x40x50mm SUPER SOFT  Color:white  Density: 32,,Foam,Raw Material,Product Utilities
Foam 60x52x50mm SS  Color:Black  Density:,,Foam,Raw Material,Product Utilities
Foam 61X38X25MM WHITE  Color:  Density:,,Foam,Raw Material,Product Utilities
Foam 72 x 36 x 50mm  Color:pink  Density: 32,,Foam,Raw Material,Product Utilities
Foam 72X48X10MM  Color:PINK  Density: 32 D,,Foam,Raw Material,Product Utilities
Foam 72X48X6MM  Color:PINK  Density:,,Foam,Raw Material,Product Utilities
Foam 88x35x75mm yellow  Color:  Density:,,Foam,Raw Material,Product Utilities
Foam Agarwal Platinum 32D 72X36X25  Color:yellow  Density: 32,,Foam,Raw Material,Product Utilities
"Foam Agarwal Platinum 32D 72'X48""""X6MM  Color:yellow  Density: 32",,Foam,Raw Material,Product Utilities
"Foam Diamond   55""""x61""""x75mm  (Color-Pink)  Color:Pink  Density: 32",,Foam,Raw Material,Product Utilities
Foam diamond 32D 64X48X50mm  Color:pink  Density: 32,,Foam,Raw Material,Product Utilities
Foam Diamond 32d 72x36x10MM  Color:pink  Density: 32,,Foam,Raw Material,Product Utilities
Foam DIAMOND 32D 72x48x6 mm  Color:PINK  Density: 32,,Foam,Raw Material,Product Utilities
"Foam G Premium 72""""x40""""x25mm Softy  Color:white  Density: 32",,Foam,Raw Material,Product Utilities
Foam G PREMIUM 72X36X25MM  Color:WHITE SOFTY  Density: 32,,Foam,Raw Material,Product Utilities
Foam G PREMIUM SOFTY 60X52X50MM  Color:WHITE  Density:,,Foam,Raw Material,Product Utilities
Foam G PREMIUM SOFTY 72 X 40 X 40mm  Color:WHITE  Density: 32,,Foam,Raw Material,Product Utilities
Foam G PREMIUM SOFTY 72x38x25mm  Color:white  Density: 32,,Foam,Raw Material,Product Utilities
Foam G Premium softy 72x48x20mm  Color:white  Density: 32,,Foam,Raw Material,Product Utilities
Foam HR - 72X36X25MM  Color:pick  Density: 40,,Foam,Raw Material,Product Utilities
Foam HR - 72X36X75MM  Color:Pink  Density: 40,,Foam,Raw Material,Product Utilities
Foam HR 72x48x25mm  Color:  Density: 40,,Foam,Raw Material,Product Utilities
Foam Memory 78x36x22mm  Color:WHITE  Density: 56,,Foam,Raw Material,Product Utilities
Foam Platinum - 60x40x25mm  Color:YELLOW  Density: 32,,Foam,Raw Material,Product Utilities
Foam Platinum (72x36x75mm)  Color:green  Density: 32,,Foam,Raw Material,Product Utilities
Foam platinum (72X48X20mm)  Color:Green  Density: 32,,Foam,Raw Material,Product Utilities
Foam Platinum (88x44x75mm)  Color:YELLOW  Density: 32,,Foam,Raw Material,Product Utilities
"Foam Platinum 32 D 72""""x40""""x25mm  Color:yellow  Density: 30",,Foam,Raw Material,Product Utilities
Foam Platinum 32D 56X53X25mm  Color:Yellow  Density: 32,,Foam,Raw Material,Product Utilities
"Foam Platinum 32D 60""""x30""""x10mm  Color:yellow  Density: 32",,Foam,Raw Material,Product Utilities
"Foam Platinum 32D 72""""x36""""x10mm (Agarwal)  Color:yellow  Density: 32",,Foam,Raw Material,Product Utilities
"Foam Platinum 32D 72""""x48""""x10mm (Agarwal)  Color:yellow  Density: 32",,Foam,Raw Material,Product Utilities
"Foam Platinum 32D 72""""x48""""x25mm (Agarwal)  Color:yellow  Density: 32",,Foam,Raw Material,Product Utilities
Foam Platinum 32D 72X61X50mm  Color:yellow  Density: 32,,Foam,Raw Material,Product Utilities
Foam Platinum 60x40x10mm  Color:yellow  Density: 32,,Foam,Raw Material,Product Utilities
"Foam Platinum 72""""x36""""x75mm  Color:yellow  Density: 32",,Foam,Raw Material,Product Utilities
Foam Platinum 72X36X10mm  Color:green  Density: 32,,Foam,Raw Material,Product Utilities
Foam Platinum 72X36X10mm  Color:YELLOW  Density: 32,,Foam,Raw Material,Product Utilities
Foam Platinum 72X36X20MM  Color:GREEN  Density: 32 D,,Foam,Raw Material,Product Utilities
Foam Platinum 72X36X20MM  Color:YELLOW  Density: 32,,Foam,Raw Material,Product Utilities
Foam Platinum 72x36x25mm  Color:Yellow  Density: 32,,Foam,Raw Material,Product Utilities
Foam Platinum 72X36X50mm  Color:green  Density:,,Foam,Raw Material,Product Utilities
Foam Platinum 72x36x6mm  Color:Yellow  Density: 32,,Foam,Raw Material,Product Utilities
Foam platinum 72X48X20MM  Color:YELLOW  Density: 32,,Foam,Raw Material,Product Utilities
Foam platinum 72X48X25MM  Color:green  Density: 32,,Foam,Raw Material,Product Utilities
Foam Platinum 72x48x25mm(O)  Color:Yellow  Density: 32,,Foam,Raw Material,Product Utilities
Foam platinum 72X48X50mm  Color:green  Density: 32,,Foam,Raw Material,Product Utilities
Foam Platinum 72x48x50mm  Color:Yellow  Density: 32,,Foam,Raw Material,Product Utilities
Foam Platinum 78x40x50mm  Color:yellow  Density: 32,,Foam,Raw Material,Product Utilities
Foam PLATINUM-72X36X50MM  Color:YELLOW  Density: 32,,Foam,Raw Material,Product Utilities
Foam PU FOAM G PREMIUM 72X36X50MM SOFTY  Color:white  Density: 32,,Foam,Raw Material,Product Utilities
Foam PU FOAM G PREMIUM 72X48X25MM  Color:WHITE SOFTY  Density: 32,,Foam,Raw Material,Product Utilities
Foam PU FOAM G PREMIUM 72x48x50MM white softy  Color:white  Density: 32,,Foam,Raw Material,Product Utilities
Foam PU PREMIUM 72X48X6MM  Color:GREEN  Density: 32 D,,Foam,Raw Material,Product Utilities
Foam Rebonded -72x36x20mm  Color:Mix  Density: 95,,Foam,Raw Material,Product Utilities
"Foam Soft 81""""x36""""x50mm  Color:White  Density: 32",,Foam,Raw Material,Product Utilities
Foam SS - 72X36X25MM  Color:BLACK  Density: 32 - SOFT,,Foam,Raw Material,Product Utilities
Foam SS - 72X36X50MM  Color:BLACK  Density: 32 - SOFT,,Foam,Raw Material,Product Utilities
Foam SSW 40X38X50MM  Color:WHITE  Density: 32 D,,Foam,Raw Material,Product Utilities
Foam white softy78x40x25mm  Color:white  Density: 32,,Foam,Raw Material,Product Utilities
Foam PLATINUM 60X36X10MM  Color:YELLOW  Density: 32,,Foam,Raw Material,Product Utilities
Foam platinum 72X48X10mm  Color:green  Density: 32,,Foam,Raw Material,Product Utilities
Foam Platinum 72x48x25mm  Color:Yellow  Density: 32,,Foam,Raw Material,Product Utilities
Foam Platinum72X36X25mm  Color:green  Density:,,Foam,Raw Material,Product Utilities
Foam Platinum72X36X6mm  Color:Green  Density: 32,,Foam,Raw Material,Product Utilities
Foam EVA SHEET 4MM BLACK  Color:  Density:,,Foam,Raw Material,Product Utilities
Foam 52x63x100mm (DLX Splash 32   Color-Yellow  Non FR)  Color:  Density: 32,,Foam,Raw Material,Product Utilities
Foam 72x36x6mm (DLX Splash 32   Color-Yellow  Non FR)  Color:Yellow  Density: 32,,Foam,Raw Material,Product Utilities
Foam 72x48x10mm (DLX Splash 32   Color-Yellow  Non FR)  Color:Yellow  Density: 32,,Foam,Raw Material,Product Utilities
Foam 72x48x25mm (DLX Splash 32   Color-Yellow  Non FR)  Color:  Density: 32,,Foam,Raw Material,Product Utilities
Foam 72X48X25MM SUPER SOFT  Color:WHITE  Density: 32,,Foam,Raw Material,Product Utilities
Foam 72x48x50mm (DLX Splash 32   Color-Yellow  Non FR)  Color:  Density: 32,,Foam,Raw Material,Product Utilities
Foam 72X48X50MM SUPER SOFT  Color:WHITE  Density: 32,,Foam,Raw Material,Product Utilities
Foam FF 35 CMS 72X35X25MM  Color:  Density:,,Foam,Raw Material,Product Utilities
Foam FF 35CMS 72X35X100MM  Color:  Density:,,Foam,Raw Material,Product Utilities
Foam FF 35CMS 72X35X10MM  Color:  Density:,,Foam,Raw Material,Product Utilities
Foam FF 35CMS 72X35X50MM  Color:  Density:,,Foam,Raw Material,Product Utilities
Foam FF 35CMS 72X35X75MM  Color:  Density:,,Foam,Raw Material,Product Utilities
Foam BRUSSELS BOLSTER  Color:white  Density:,,Foam,Raw Material,Product Utilities
Foam LOUNGE CHAIRS 23  Color:  Density:,,Foam,Raw Material,Product Utilities
Foam LOUNGE CHAIRS 26  Color:  Density:,,Foam,Raw Material,Product Utilities
Foam LOUNGE CHAIRS 26 SEAT  Color:  Density:,,Foam,Raw Material,Product Utilities
Foam LOUNGE CHAIRS 3  Color:  Density:,,Foam,Raw Material,Product Utilities
Foam Valle EPE Moulding Strips  Color:White  Density: NA (m),,Foam,Raw Material,Product Utilities
Foam 72x48x50mm (DLX Splash 30 SSF-HD   Color-White  Non FR) ( OLD PRODUCT)  Color:  Density: 30,,Foam,Raw Material,Product Utilities
Foam 72x48x25 white  Color:white  Density:,,Foam,Raw Material,Product Utilities
Foam ULR PUF 72X36X75MM  Color:BLUE  Density: 29D,,Foam,Raw Material,Product Utilities
Foam ULR PUF 72X36X100MM  Color:BLUE  Density: 29D,,Foam,Raw Material,Product Utilities
Foam ULR ULTRA RESINC PFS 72X26X25MM  Color:WHITE  Density: 35D,,Foam,Raw Material,Product Utilities
Foam UL RESILIE PUF 72X36X25MM  Color:DARK BLUE  Density: 040D,,Foam,Raw Material,Product Utilities
Foam ULR PUF 72X36X75MM  Color:DARK BLUE  Density: 40D,,Foam,Raw Material,Product Utilities
Foam ULR RESILIE PUF 72X36X100MM  Color:DARK BLUE  Density: 40D,,Foam,Raw Material,Product Utilities
Foam ULP PREMIUM PUF 72X36X25MM  Color:BROWN  Density: 32D,,Foam,Raw Material,Product Utilities
Foam ULP PREMIUM PUF 72X36X50MM  Color:BROWN  Density: 32D,,Foam,Raw Material,Product Utilities
Foam ULP PREMIUM PUF 72X36X75MM  Color:BROWN  Density: 32D,,Foam,Raw Material,Product Utilities
Foam ULP ULTRA PREMIUM PFS 72X36X100MM  Color:BROWN  Density: 32D,,Foam,Raw Material,Product Utilities
Foam SPR SEMI PREMIUM PFS 72X36X25MM  Color:YELLOW  Density: 32D,,Foam,Raw Material,Product Utilities
Foam SPR SEMI PREMIUM PFS 72X36X50MM  Color:YELLOW  Density: 32D,,Foam,Raw Material,Product Utilities
Foam SEMIPREMIUM PUF 72X36X75MM  Color:YELLOW  Density: 32D,,Foam,Raw Material,Product Utilities
Foam SPR SEMI PREMIUM PFS 72X36X100MM  Color:YELLOW  Density: 32D,,Foam,Raw Material,Product Utilities
Foam ULR ULTRA RESILIENCE PFS 72X36X100MM  Color:WHITE  Density: 35D,,Foam,Raw Material,Product Utilities
Foam 55x38x25mm  Color:pink  Density: 32,,Foam,Raw Material,Product Utilities
Foam 55x37x40mm  Color:Pink  Density: 32,,Foam,Raw Material,Product Utilities
Foam 55x38x50mm  Color:Pink  Density: 32,,Foam,Raw Material,Product Utilities
Foam Foam 72x48x40mm (DLX Splash 32   Color-Yellow  Non FR)  Color:  Density: 32  Color:  Density:,,Foam,Raw Material,Product Utilities
Foam 72’’ x 35’’ x 20mm P U Sheet T S  Color:  Density: 40,,Foam,Raw Material,Product Utilities
Foam 72X48X10MM SUPER SOFT  Color:WHITE  Density: 32,,Foam,Raw Material,Product Utilities
Foam ULX PUF 72X36X25MM  Color:ORANGE  Density: 29D,,Foam,Raw Material,Product Utilities
Foam ULX PUF 72X36X75MM  Color:ORANGE  Density: 29D,,Foam,Raw Material,Product Utilities
Foam ULX PUF72X36X100MM  Color:ORANGE  Density: 29D,,Foam,Raw Material,Product Utilities
Foam ULX PUF 72X36X25MM  Color:LIGHT GREEN  Density: 33D,,Foam,Raw Material,Product Utilities
Foam ULX PUF 72X36X75MM  Color:LIGHT GREEN  Density: 33D,,Foam,Raw Material,Product Utilities
Foam ULX PUF 72X36X100MM  Color:LIGHT GREEN  Density: 33D,,Foam,Raw Material,Product Utilities
Foam ULR PUF 72X36X25MM  Color:BLUE  Density: 29D,,Foam,Raw Material,Product Utilities
Foam 72x36x75mm agarwal  Color:white  Density:,,Foam,Raw Material,Product Utilities
Foam KEY HOLE CHAIR ARMREST  Color:WHITE  Density:,,Foam,Raw Material,Product Utilities
Foam 48X38X10MM  Color:PINK AGARWAL  Density:,,Foam,Raw Material,Product Utilities
Foam HR - 72X36X50MM  Color:pick  Density: 40,,Foam,Raw Material,Product Utilities
"Foam Platinum 32D 72""""x48""""x50mm (Agarwal)  Color:yellow  Density: 32",,Foam,Raw Material,Product Utilities
Foam 55x37x25mm Diamond pink  Color:  Density: 32,,Foam,Raw Material,Product Utilities
Foam 78x40x50mm (DLX Splash 32   Color-Yellow  Non FR)  Color:  Density: 32,,Foam,Raw Material,Product Utilities
Foam 60X26X50MM WHITE  Color:  Density:,,Foam,Raw Material,Product Utilities
Foam Platinum 88x36x25mm  Color:Yellow  Density: 32,,Foam,Raw Material,Product Utilities
Foam Platinum 88x36x10mm  Color:Yellow  Density: 32,,Foam,Raw Material,Product Utilities
Foam Platinum 88x36x6mm  Color:Yellow  Density: 32,,Foam,Raw Material,Product Utilities
Foam 78X39X25MM WHITE  Color:  Density:,,Foam,Raw Material,Product Utilities
Foam 39x52x50mm  Color:white  Density: 32,,Foam,Raw Material,Product Utilities
Foam 40X39X25MM WHITE  Color:  Density:,,Foam,Raw Material,Product Utilities
Foam 40X36X25MM YELLOW  Color:  Density:,,Foam,Raw Material,Product Utilities
Foam 53X38X25MM WHITE  Color:  Density:,,Foam,Raw Material,Product Utilities
"Foam 72""""x26""""x25mm platinum  Color:yellow  Density: 32",,Foam,Raw Material,Product Utilities
Foam FF 35CMS 72X48X10MM  Color:GREY  Density:,,Foam,Raw Material,Product Utilities
Foam FF 35CMS 72X48X25MM  Color:GREY  Density:,,Foam,Raw Material,Product Utilities
Foam FF 35CMS 72X48X50MM  Color:GREY  Density:,,Foam,Raw Material,Product Utilities
Foam FF 35CMS 72X48X75MM  Color:GREY  Density:,,Foam,Raw Material,Product Utilities
Foam 60X30X25MM YELLOW  Color:  Density:,,Foam,Raw Material,Product Utilities
Foam 45x37x25mm  Color:whte softy  Density:,,Foam,Raw Material,Product Utilities
Foam 53X36X25MM  Color:PINK  Density: 32 D PLATINIUM,,Foam,Raw Material,Product Utilities
Foam 72x36x10mm (DLX Splash 32   Color-Yellow  Non FR)  Color:  Density: 32,,Foam,Raw Material,Product Utilities
Foam 72x60x40  Color:Green  Density:,,Foam,Raw Material,Product Utilities
Foam 78X36X50MM  Color:WHITE  Density: 32 D SSW,,Foam,Raw Material,Product Utilities
Foam DLX splash 32 - 60x40x25mm  Color:YELLOW  Density: 32,,Foam,Raw Material,Product Utilities
"Foam DLX Splash 84""""x10""""x20mm  Color:Yellow  Density: 32",,Foam,Raw Material,Product Utilities
"Foam Platinum 32D 52""""x63""""x100mm  Color:yellow  Density: 32",,Foam,Raw Material,Product Utilities
"Foam Platinum 32D 84""""X10""""X20mm (Agarwal)  Color:yellow  Density: 32",,Foam,Raw Material,Product Utilities
Foam agarwal 40x37x25mm  Color:yellow  Density:,,Foam ,Raw Material,Product Utilities
Foam SSW 40X38X25MM  Color:WHITE  Density: 32 D,,Foam ,Raw Material,Product Utilities
Foam   Color:37X37X10MM YELLOW  Density:,,Foam ,Raw Material,Product Utilities
Foam 36X30X10MM  Color:YELLOW  Density: 32 D,,Foam ,Raw Material,Product Utilities
Foam 37X36X10MM YELLOW  Color:AGARWAL  Density:,,Foam ,Raw Material,Product Utilities
Foam 40x35x10mm yellow  Color:  Density:,,Foam ,Raw Material,Product Utilities
Foam 40x35x25mm yellow  Color:  Density:,,Foam ,Raw Material,Product Utilities
Foam 40x38x10mm yellow  Color:  Density:,,Foam ,Raw Material,Product Utilities
Foam 48X36X10MM  Color:PINK  Density: 32 D,,Foam ,Raw Material,Product Utilities
Foam 48X36X6 MM  Color:PINK  Density: 32 D,,Foam ,Raw Material,Product Utilities
"Foam 53""""x34""""x25mm Color-Yellow   Color:  Density: 32",,Foam ,Raw Material,Product Utilities
Foam 53X36X25MM  Color:yellow  Density: 32 D PLATINIUM,,Foam ,Raw Material,Product Utilities
Foam 55X36X25MM SOFT WHITE  Color:  Density:,,Foam ,Raw Material,Product Utilities
Foam 55X36X25MM YELLOW PLATINUM  Color:  Density:,,Foam ,Raw Material,Product Utilities
Foam 55X36X75MM  Color:PINK  Density: 32 D DIAMOND,,Foam ,Raw Material,Product Utilities
Foam 55x55x75mm PINK  Color:  Density:,,Foam ,Raw Material,Product Utilities
Foam 56X36X25MM  Color:YELLOW  Density:,,Foam ,Raw Material,Product Utilities
Foam 60x36x10mm YELLOW PLATINUM  Color:  Density:,,Foam ,Raw Material,Product Utilities
Foam 61x38x75mm  Color:pinck  Density:,,Foam ,Raw Material,Product Utilities
Foam 66x56x25MM YELLOW  Color:  Density:,,Foam ,Raw Material,Product Utilities
Foam 72x36x20mm g premium softy  Color:white  Density:,,Foam ,Raw Material,Product Utilities
Foam 72X36X50mm  Color:WHITE SOFTY    Density: 32,,Foam ,Raw Material,Product Utilities
Foam 72X48X50MM soft  Color:WHITE  Density: 32,,Foam ,Raw Material,Product Utilities
Foam 72x48x6mm  Color:YELLOW  Density: 32,,Foam ,Raw Material,Product Utilities
Foam 78x37x50mm yellow  Color:  Density:,,Foam ,Raw Material,Product Utilities
Foam 88X36X25MM YELLOW  Color:  Density:,,Foam ,Raw Material,Product Utilities
Foam 88X44X20MM YELLOW  Color:  Density:,,Foam ,Raw Material,Product Utilities
Foam agarwal 40x36x10mm  Color:yellow  Density:,,Foam ,Raw Material,Product Utilities
Foam agarwal 40x37x10mm  Color:yellow  Density:,,Foam ,Raw Material,Product Utilities
Foam diamond 32D 64X48X10mm  Color:pink  Density: 32,,Foam ,Raw Material,Product Utilities
Foam Diamond 32d 72x36x10  Color:pink  Density: 32,,Foam ,Raw Material,Product Utilities
Foam   Color:WHITE  Density: 8X5X20MM PU SHEET TS,,Foam ,Raw Material,Product Utilities
Foam   Color:WHITE  Density: 8X8X20MM PU SHEET TS,,Foam ,Raw Material,Product Utilities
72X48 PINK,UNMPL/SKU/25-26/23,Foam Block,Raw Material,Product Utilities
Foam Moulding Strip White Left Arm Half 305 mm x 60mm (Key Hole Chair Armrest),UNM/SKU/24-25/1035,Foam Moulding Strip,Raw Material,Product Utilities
Foam Moulding Strip White Right Arm Half 305 mm x 60mm (Key Hole Chair Armrest),UNM/SKU/24-25/1036,Foam Moulding Strip,Raw Material,Product Utilities
Foam Moulding Strip White Left Arm Half 305 mm x 60mm,,Foam Moulding Strip,Raw Material,Product Utilities
Foam Moulding Strip White Right Arm Half 305 mm x 60mm,,Foam Moulding Strip,Raw Material,Product Utilities
"15MM FOAM TRAY 12.5""""X10.75""""X3"""" FOAM TRAY",UNMPL/SKU/25-26/1070,foam Tray ,Packaging,Product Utilities
"20MM FOAM U CLIP 5''GAPE 10""""L 5""""X5""""5",,Foam U ,Packaging,Product Utilities
FRAME CLIT 24'' PC,UNMPL/SKU/25-26/1687,FRAME CLIT,Hardware,Product Utilities
FRAME CLIT 36'',UNMPL/SKU/25-26/1688,FRAME CLIT,Hardware,Product Utilities
QIT PATTI 15 INCH,UNMPL/SKU/25-26/586,French clit ,Hardware,Product Utilities
FRL-AFC-2000,UNMPL/SKU/25-26/2157,FRL,Spares,Factory Utilities
TERMINATOR DIMAK JIVAN JOR,UNM/SKU/24-25/1144,Fumigation ,Housekeeping,Factory Utilities
PVC OIL KUPI,UNM/SKU/24-25/290,Funnel,Consumables,Factory Utilities
GANG BOX SINGLE WAY,UNMPL/SKU/25-26/1931,gangbox,Asset,Factory Utilities
GARBAG BAG 19X21 (BLACK),UNMPL/SKU/25-26/1752,Garbage Bag,Consumables,Factory Utilities
RUBBER GASKET SOFT FOR CNC FOR WOOD,UNM/SKU/24-25/1368,Gasket ,Spares,Factory Utilities
GI SOCKET FOR SHOWROOM RANK,UNMPL/SKU/25-26/569,GI Socket,Hardware,Office Utilities
GI T FOR SHOWROOM SELF,UNMPL/SKU/25-26/568,GI TEE,Hardware,Office Utilities
GI TEE 1/2'',UNMPL/SKU/25-26/1915,GI TEE,Hardware,Factory Utilities
G I WIRE  16 NO,UNMPL/SKU/25-26/1907,GI WIRE,Consumables,Factory Utilities
GI ROPE WIRE 3MM / 4MM,UNM/SKU/24-25/1324,GI Wire,Consumables,Factory Utilities
6MM WIRE ROPE,UNM/SKU/24-25/1318,GI Wire,Consumables,Factory Utilities
BNW BROWN GLAZE,UNMPL/SKU/25-26/2186,Glaze,Consumables,Product Utilities
GX5 T 001 LT GLAZE & PATINA NEW,UNMPL/SKU/25-26/1827,Glaze,Consumables,Product Utilities
MURUDHAR MCR-298 GLAZE,UNMPL/SKU/25-26/2098,Glaze,Consumables,Product Utilities
PCG Black Glaze (75104.8A) PATINA BLACK (M),UNMPL/SKU/25-26/639,Glaze,Consumables,Product Utilities
"Gloves Rubber / Acid 14""""",UNM/SKU/24-25/282,Gloves,Consumables,Factory Utilities
Cosmos,UM-000961,Gloves,Consumables,Factory Utilities
HAND GLOVES COTTON,UNM/SKU/23-24/797,Gloves,Consumables,Factory Utilities
HAND GLOVES 14 INCH FOR POLISH USES,UNMPL/SKU/25-26/336,Gloves,Consumables,Factory Utilities
Gloves Surgical [PM.RH] GLOVES SURGICAL [PM.RH] (pc),,Gloves,Consumables,Factory Utilities
Gloves Cotton standard size heat less,UNM/SKU/23-24/796,Gloves,Consumables,Factory Utilities
GLUE GUN,UNMPL/SKU/25-26/98,Glue Gun ,Asset,Factory Utilities
GOTI 10MM,UNMPL/SKU/25-26/1506,GOTI,Hardware,Factory Utilities
GOTI 6MM,UNMPL/SKU/25-26/1505,GOTI,Hardware,Factory Utilities
GOTI 8MM,UNMPL/SKU/25-26/1504,GOTI,Hardware,Factory Utilities
L TIPE ADDETER WITH GOTI,UNMPL/SKU/25-26/1508,GOTI,Hardware,Factory Utilities
GRANITE SLABES 3X7 BLACK,UNMPL/SKU/25-26/321,Granite,Consumables,Factory Utilities
GREASE L80 NULON (1 KG),UNMPL/SKU/25-26/302,Grease,Consumables,Product Utilities
BOSCH GRINDER GWS 800,UNMPL/SKU/25-26/1237,Grinder ,Asset,Factory Utilities
GRINDER MACHINE GWS 600,UNM/SKU/24-25/317,Grinder ,Asset,Factory Utilities
"GRINDER MACHINE MAKITA-9506-4""""",UNM/SKU/24-25/1744,Grinder ,Asset,Factory Utilities
SIDM BLADE GRINDER,UNM/SKU/24-25/586,Grinder ,Asset,Factory Utilities
"Grinder Disc Disc/PAD 5""""",UNM/SKU/24-25/471,Grinder Disc,Consumables,Product Utilities
"Grinder Disc Grinder PAD CHAKI 5""""",UNM/SKU/24-25/492,Grinder Disc,Consumables,Product Utilities
Grinder Disc IRON FLAP,UM-000969,Grinder Disc,Consumables,Product Utilities
"Grinder Disc VELCRO PAD 5""""",UNM/SKU/24-25/864,Grinder Disc,Consumables,Product Utilities
"Grinder Disc Disc/PAD 5"""" (BOSCH)",UNM/SKU/24-25/489,Grinder Disc,Consumables,Product Utilities
AARI STONE 12X1 inch,UNMPL/SKU/25-26/1266,Grinder Disc,Consumables,Product Utilities
Galender paper 80 NO ROLL 4 INCH,UNM/SKU/24-25/551,Grinder Paper,Consumables,Product Utilities
Grinder Paper 60 No. 4 Inch,UNM/SKU/24-25/552,Grinder Paper,Consumables,Product Utilities
Grinding Paper 120 No.,UM-000481,Grinding Paper,Consumables,Product Utilities
Grinding Paper 60 No.,UM-000483,Grinding Paper,Consumables,Product Utilities
Grinding Paper 80 No.,UM-000482,Grinding Paper,Consumables,Product Utilities
Grinding Paper REJMAL ROLL 120 No.,UNMPL/SKU/25-26/597,Grinding Paper,Consumables,Product Utilities
Grinding Paper Velcro 120 No.,UNM/SKU/23-24/356,Grinding Paper,Consumables,Product Utilities
Grinding Paper Velcro 80 No.,UNM/SKU/23-24/355,Grinding Paper,Consumables,Product Utilities
Grinding Paper 36 No.,UNM/SKU/24-25/1116,Grinding Paper,Consumables,Product Utilities
FINGER GUARD STH MACHINE,UNMPL/SKU/25-26/1561,Guard,Consumables,Factory Utilities
NEEDLE BAR THREAD GUIDE (RED 11401619) / 40024124,UNM/SKU/24-25/1978,Guard,Spares,Factory Utilities
THREAD GUARD - LU 1510 / 10308609,UNM/SKU/24-25/1974,Guard,Spares,Factory Utilities
Gun Nail F-35,UNM/SKU/23-24/339,Gun Nail,Hardware,Product Utilities
Gun Nail F20,UM-000691,Gun Nail,Hardware,Product Utilities
Gun Nail F25,UM-000692,Gun Nail,Hardware,Product Utilities
Gun Nail F40,UM-000693,Gun Nail,Hardware,Product Utilities
Gun Nail F50,UM-000695,Gun Nail,Hardware,Product Utilities
Gun Nail F10,UNM/SKU/23-24/388,Gun Nail,Hardware,Product Utilities
Gun Nail F-15,UNM/SKU/23-24/391,Gun Nail,Hardware,Product Utilities
HALOGEN TUBE 1000W,UNMPL/SKU/25-26/1878,HALOGEN ,Electrical,Factory Utilities
PVC HAMMER 30MM,UNM/SKU/24-25/252,Hammer,Tool,Factory Utilities
50 MM PLASTIC HAMMER,UNMPL/SKU/25-26/1562,Hammer,Tool,Factory Utilities
METAL HAMMER 250 GM,UNM/SKU/24-25/1145,Hammer,Tool,Factory Utilities
METAL HAMMER 30 MM,UNM/SKU/24-25/38,Hammer,Tool,Factory Utilities
PLASTIC HAMMER 25MM,UNMPL/SKU/25-26/1651,Hammer,Tool,Factory Utilities
PLASTIC HAMMER 30 MM,UNM/SKU/24-25/1851,Hammer,Tool,Factory Utilities
Plastic hammer 30mm Gutka,UNM/SKU/24-25/926,Hammer,Tool,Factory Utilities
PVC HAMMER 30/25MM,UNM/SKU/24-25/205,Hammer,Tool,Factory Utilities
PVC HAMMER MOUTH HARDWARE ITEM 8205,UNM/SKU/24-25/254,Hammer,Tool,Factory Utilities
Plastic hammer 40mm gutka,UNM/SKU/24-25/927,Hammer,Tool,Factory Utilities
DS255HD61-A HAND LEVER VALLE,UNMPL/SKU/25-26/1503,Hand Lever,Hardware,Product Utilities
MAKITA M19202B,UNMPL/SKU/25-26/971,Hand Planner,Asset,Factory Utilities
ROUTER PARA 12 TP (INDIGO),UNMPL/SKU/25-26/103,Hand Router,Asset,Factory Utilities
ROUTER MACHINE DCA AMR 12-1600W,UNM/SKU/24-25/322,Hand Router,Asset,Factory Utilities
IORN HANDLE 10CM*4.5CM,UNMPL/SKU/25-26/1353,Handle,Hardware,Product Utilities
HANDLE (SANJAY TEKEAM),UNMPL/SKU/26-27/2,Handle,Hardware,Product Utilities
HandleSS,MM-01216,Handle,Hardware,Product Utilities
CHORSI HANDLE BILLY,UNM/SKU/24-25/920,Handle,Spares,Factory Utilities
Metal Frame METAL SHEET 6 INCH HANDLE (16 G) 150X65MM,UNMPL/SKU/25-26/660,Handle,Hardware,Product Utilities
SEGATE HARDDISK 1TB ST1000LM035,UNMPL/SKU/25-26/1361,Hard Disk ,Asset,IT Utilities
SEALTOR SWITCH (SANJAY TEKTEAM),UNMPL/SKU/25-26/2127,Hard Disk ,Asset,IT Utilities
Hardware Bag Red 5x7,MM-01028,Hardware Bag,Packaging,Product Utilities
RALLI WOLF HEAT GUN,UNMPL/SKU/25-26/1526,Heat Gun ,Asset,Factory Utilities
HEATING BOX 15 KW,UNMPL/SKU/25-26/1486,Heater,Asset,Factory Utilities
HINGES RAJA  4'',UNMPL/SKU/25-26/1722,Hinges,Hardware,Factory Utilities
Hinges / Kabza 15 Degree Normal,UNM/SKU/24-25/1980,Hinges,Hardware,Factory Utilities
HINGES 65MM (1/2*3/4-PC BLACK),UNMPL/SKU/25-26/1234,Hinges,Hardware,Factory Utilities
HINGES 4 INCH,UNMPL/SKU/25-26/1751,Hinges,Hardware,Factory Utilities
Hinges / Kabza 315.07.076 HYDRAULIC AUTO HINGES,UNM/SKU/24-25/1178,Hinges,Hardware,Factory Utilities
KABZA 1.5 INCH,UNM/SKU/24-25/554,Hinges,Hardware,Factory Utilities
Hinges / Kabza 1''X1.5'',UNMPL/SKU/26-27/59,Hinges,Hardware,Factory Utilities
Hafele Hinges hydraulic  0 Crank,UNM/SKU/24-25/137,Hinges,Hardware,Product Utilities
Hafele Hinges hydraulic  2 Crank,UNM/SKU/24-25/138,Hinges,Hardware,Product Utilities
Hinges / Kabza 5'' STEEL,UNMPL/SKU/26-27/58,Hinges,Hardware,Product Utilities
Hinges / Kabza HINGS 3 INCH,UNMPL/SKU/26-27/67,Hinges,Hardware,Product Utilities
HOLDER GL206,UNMPL/SKU/25-26/1889,Holder,Electrical,Factory Utilities
HONEY COMB PAD 100MM (46X46 INCH),UNMPL/SKU/25-26/444,Honey Comb ,Spares,Factory Utilities
"honeycomb sheet cut size - 20mm -24""""x15""""",UNMPL/SKU/25-26/1300,Honeycomb Sheet ,Packaging,Product Utilities
"honeycomb sheet cut size - 20mm -24""""x5""""",UNMPL/SKU/25-26/1299,Honeycomb Sheet ,Packaging,Product Utilities
MATERIAL HOSE PIPE 7.5 MTR,UNMPL/SKU/25-26/1858,Hose,Consumables,Factory Utilities
PU Pipe GARDEN PIPE 100FT,UNMPL/SKU/26-27/325,Hose,Consumables,Factory Utilities
MATERIAL HOSE PIPE,,Hose Pipe,Consumables,Factory Utilities
HOOTER 1 KM RANGE,UNMPL/SKU/25-26/757,Hotter,Electrical,Factory Utilities
Bora white,UNM/SKU/24-25/1558,Housekeeping Product,Consumables,Factory Utilities
DETTOL HANDWASH 675 LM,UNMPL/SKU/25-26/1430,Housekeeping Product,Housekeeping,Factory Utilities
GLASS CLEANER 5 LTR,UNMPL/SKU/25-26/1429,Housekeeping Product,Housekeeping,Factory Utilities
HAND WASH 5 LTR,UNMPL/SKU/25-26/1428,Housekeeping Product,Housekeeping,Factory Utilities
UNMPL/SKU/25-26/2344 /Housekeeping Product / GOOD NIGHT MACHINE / /,UNMPL/SKU/25-26/2344,Housekeeping Product,Housekeeping,Factory Utilities
UNMPL/SKU/25-26/2345 /Housekeeping Product / HIT BLACK / 320ML /,UNMPL/SKU/25-26/2345,Housekeeping Product,Housekeeping,Factory Utilities
UNMPL/SKU/25-26/2346 /Housekeeping Product / RAT KILLER ROBAN / 100 ML /,UNMPL/SKU/25-26/2346,Housekeeping Product,Housekeeping,Factory Utilities
UNMPL/SKU/25-26/2347 /Housekeeping Product / DRAIN CLEANER / VARKLIN 50GM /,UNMPL/SKU/25-26/2347,Housekeeping Product,Housekeeping,Factory Utilities
UNMPL/SKU/25-26/2348 /Housekeeping Product / ALL OUT REFILL / /,UNMPL/SKU/25-26/2348,Housekeeping Product,Housekeeping,Factory Utilities
UNMPL/SKU/25-26/2349 /Housekeeping Product / BCCS-Z1 / HARD Stain REMOVER /,UNMPL/SKU/25-26/2349,Housekeeping Product,Housekeeping,Factory Utilities
SHOP- JO,,Housekeeping Product,Consumables,Factory Utilities
UNMPL/SKU/26-27/228 /Housekeeping Product / GARBAGE BAG / GARBAGE BAG 36X48 BLACK /,UNMPL/SKU/26-27/228,Housekeeping Product,Housekeeping,Factory Utilities
AIR CYLINDER SPAC EMAL 40X25,UNMPL/SKU/25-26/1500,Hydraulic Cylinder,Spares,Factory Utilities
Hydraulic cylinder class 4 - 100mm,UNMPL/SKU/25-26/2219,Hydraulic Cylinder,Component,Product Utilities
Hydraulic cylinder class 4 - 120mm,UNMPL/SKU/25-26/2296,Hydraulic Cylinder,Component,Product Utilities
Hydraulic cylinder class 4 - 85mm,UNMPL/SKU/25-26/2218,Hydraulic Cylinder,Component,Product Utilities
260mm gas lift (cylinder),UNMPL/SKU/25-26/1212,Hydraulic Cylinder,Component,Product Utilities
HEIGHT ANDJUSTER 120MM,UNMPL/SKU/25-26/1374,Hydraulic Cylinder,Component,Product Utilities
RYB PANEL INDICATOR,UNMPL/SKU/25-26/2251,Indicator,Electrical,Factory Utilities
INGERSOLL-RAND MAKE DIAPHRAGM TYPE SPRAY -ALL ACCES. ETC,UNMPL/SKU/25-26/1671,Diaphram Pump,Asset,Factory Utilities
ROLLI WOLF RJS-60,UNMPL/SKU/25-26/1225,Jig Saw,Asset,Factory Utilities
JIGSAW MACHINE GST - 680 BOSCH,UNM/SKU/24-25/1492,Jigsaw Machine ,Asset,Factory Utilities
DELL KEYBOARD KB216-BK-ENG-INT,UNM/SKU/24-25/1909,Keyboard,Asset,IT Utilities
LOGITECH KEYBOARD K120,UNMPL/SKU/25-26/1873,Keyboard,Asset,IT Utilities
WIRELESS KEYBOARD MOUSE KM3322,UNM/SKU/24-25/1875,Keyboard,Asset,IT Utilities
IRON KNOBS (IK-101) 1.25'' BLACK,UNMPL/SKU/25-26/1655,Knob,Hardware,Product Utilities
IRON KOND ON HANDLE 15MM,UNMPL/SKU/25-26/1354,Knob,Hardware,Product Utilities
SS T KNOB 3'',UNMPL/SKU/25-26/1654,Knob ,Hardware,Product Utilities
OLD DRAF KUNTA 8 INCH X 14MM,UNM/SKU/24-25/1847,KUNTA,Hardware,Product Utilities
Crate & barrel Logo,,Labels,Packaging,Product Utilities
ATHENA CALDERONE DECK LABELS,UNM/SKU/24-25/545,Labels,Packaging,Product Utilities
6X4 LABEL,UNMPL/SKU/25-26/2036,Labels,Packaging,Product Utilities
Bar Code Lable 4*6 (Roll ),UNM/SKU/23-24/344,Labels,Packaging,Product Utilities
Item Tag / Item Label AT HOME LABELS 9080 AHBL QC,UNMPL/SKU/25-26/2144,Labels,Packaging,Product Utilities
Item Tag / Item Label AT HOME STICKERS 9003 P S -3 STYLE,UNMPL/SKU/25-26/2311,Labels,Packaging,Product Utilities
Item Tag / Item Label AT HOME STICKERS 9004 ANHP S-3 STYLE,UNMPL/SKU/25-26/2312,Labels,Packaging,Product Utilities
Item Tag / Item Label AT HOME TAGS 9001 AHL HT -3 STYLES,UNMPL/SKU/25-26/2310,Labels,Packaging,Product Utilities
CRAFT TAG CANADA OVEL,UNMPL/SKU/25-26/1441,Labels,Packaging,Product Utilities
IRON ITEM TAG 85X55MM,UNMPL/SKU/25-26/1387,Labels,Consumables,Product Utilities
Leather tag,UNMPL/SKU/25-26/1453,Labels,Consumables,Product Utilities
BROWN STICKER A4 PAPER,UNMPL/SKU/26-27/221,Labels,Consumables,Product Utilities
10x12 label sheet,UNMPL/SKU/25-26/1955,Lable Sheet ,Packaging,Product Utilities
A4 LABLE PRINT,UNMPL/SKU/25-26/1668,Lable Sheet ,Packaging,Product Utilities
A4 SIZE STICKER PAPPER PKT,UNM/SKU/24-25/92,Lable Sheet ,Packaging,Product Utilities
MRF METAL LEQUER,UNM/SKU/24-25/1253,Lacquer,Consumables,Product Utilities
742T (742B) MATT ACRYLIC LACQUER,UNMPL/SKU/25-26/1350,Lacquer,Consumables,Product Utilities
Lacquer MARUDHAR NC LACQUER MAT-2 RTU,UNMPL/SKU/25-26/2099,Lacquer,Consumables,Product Utilities
Nc Gloss 10% Article no- 77210.10,UNM/SKU/24-25/214,Lacquer,Consumables,Product Utilities
Nc Gloss 30% Article no- 77100.30,UNM/SKU/24-25/215,Lacquer,Consumables,Product Utilities
Nc mat Article no- 77710.05,UNM/SKU/24-25/213,Lacquer,Consumables,Product Utilities
MRF GLOSS  LACQUER METAL CAOT,UNMPL/SKU/25-26/1092,Lacquer,Consumables,Product Utilities
MT9049N NC Matt Lacquer,UNMPL/SKU/25-26/511,Lacquer,Consumables,Product Utilities
LACQURE AT 6028 G50 + HH3029 PU CLEAR HALF,UNMPL/SKU/25-26/1578,Lacquer,Consumables,Product Utilities
Lequar glossy,UNM/SKU/23-24/776,Lacquer,Consumables,Product Utilities
Lacquer Acrylic Matt Topcoat SM4006-0010.BO,UNMPL/SKU/25-26/2209,Lacquer,Consumables,Product Utilities
ZERO MATT LAC,UNMPL/SKU/25-26/1368,Lacquer,Consumables,Product Utilities
GCI LACQUOR MATT,UNM/SKU/24-25/17,Lacquer,Consumables,Product Utilities
EM0072.0010.50 (LEQUER),UNMPL/SKU/25-26/2358,Lacquer,Consumables,Product Utilities
ARTICLE NO- 72991.30,UNM/SKU/24-25/468,lacquer,Consumables,Product Utilities
IRON LACQUOR,UNM/SKU/23-24/1046,lacquer,Consumables,Product Utilities
NICKEL ANTIQUE LACQURE( FOR LAILA BED C&M ),UNMPL/SKU/25-26/1195,Lacquer,Consumables,Product Utilities
NICKEL ANTIQUE LEQURE,UNMPL/SKU/25-26/1228,Lacquer,Consumables,Product Utilities
Iron ladder railing,UNMPL/SKU/25-26/1813,Ladder,Asset,Factory Utilities
WIFI LAN ADAPTOR USB DULE 600 M + BT5.0,UNMPL/SKU/25-26/552,Lan Adapter,Asset,IT Utilities
RING TYPE LANG,UNMPL/SKU/25-26/1946,Lang ,Electrical,Factory Utilities
LAW LABEL,UNMPL/SKU/25-26/1670,LAW LABEL,Consumables,Product Utilities
Leather FINISHED LEATHER (AL REHAMAN OVERSEAS FOR SANPAN ORDER),,Leather,Leather,Product Utilities
Leather FINISHED BUFF CALF LEATHER 1.6-1.8MM HIDAYAT INTERNATIONAL,UNMPL/SKU/25-26/1321,Leather,Raw Material,Product Utilities
Leather FINISHED LEATHER @5%,UNMPL/SKU/25-26/1496,Leather,Raw Material,Product Utilities
Leather finished leather @5% (MOE'S CORSS B BED),UNMPL/SKU/25-26/1818,Leather,Raw Material,Product Utilities
Leather Finished Leather Buff calf (full hide),UNMPL/SKU/25-26/1320,Leather,Raw Material,Product Utilities
Leather FINISHED LEATHER@5% TAN WHITE (HIDAYAT),UNMPL/SKU/25-26/1924,Leather,Raw Material,Product Utilities
Leather HIDAYAT TAN HAIRON PLANE,UNMPL/SKU/25-26/2188,Leather,Raw Material,Product Utilities
Leather Imo Black Doted Hair-on,UM-000485,Leather,Raw Material,Product Utilities
Leather LEAHTER BLACK DYE,UNMPL/SKU/25-26/1871,Leather,Raw Material,Product Utilities
Leather LEATHER JEARCY BIG WHITE,UNMPL/SKU/25-26/1869,Leather,Raw Material,Product Utilities
Leather LEATHER JEARCY SMALL TAN NATURAL,UNMPL/SKU/25-26/1870,Leather,Raw Material,Product Utilities
Leather Leather WAXY GREEN TWO TONE CRUNCH (HIDAYAT),UNMPL/SKU/25-26/1588,Leather,Raw Material,Product Utilities
Leather SWAT LEATHER NUBUCK HIDAYAT KANPUR,UNMPL/SKU/25-26/1378,Leather,Raw Material,Product Utilities
Leather SWAT LEATHER OFF WHITE,UNMPL/SKU/25-26/1322,Leather,Raw Material,Product Utilities
Leather WAXY OIL PULL BROWN LEATHER (HIDAYAT),UNMPL/SKU/25-26/1576,Leather,Raw Material,Product Utilities
Leather WAXY OIL PULL OX BLOOD (HIDAYAT),UNMPL/SKU/25-26/1575,Leather,Raw Material,Product Utilities
Leather WAXY TWO TONE CRUNCH CAMEL( HIDAYAT),UNMPL/SKU/25-26/1577,Leather,Raw Material,Product Utilities
Leather WAXY TWO TONE CRUNCH GRAY (HIDAYAT),UNMPL/SKU/25-26/1574,Leather,Raw Material,Product Utilities
Leather FINISHED LEATHER1.6-1.8MM HIDHYAT KANPUR,,Leather,Leather,Product Utilities
Leather HIDES (HIDAYAT INTERNATIONAL),UNMPL/SKU/25-26/1174,Leather,Leather,Product Utilities
Leather LEAHTHER JEARCY SMALL,,Leather,Leather,Product Utilities
Leather LEATHER JEARCY BIG,,Leather,Leather,Product Utilities
Leather GLOBAL LEATHER (216) GLOBAL LEATHER -0-216,UNMPL/SKU/25-26/2165,Leather,Raw Material,Product Utilities
Leather UNM Clapper,UNM/SKU/24-25/1266,Leather,Raw Material,Product Utilities
Leather Genuine Waxy -LE1037CG ( Coganc ),UNM/SKU/23-24/285,Leather,Raw Material,Product Utilities
Leather Genuine Waxy -LE1037RD ( Red ),UNM/SKU/23-24/286,Leather,Raw Material,Product Utilities
Leather Green Waxy -LE1037OL,UNM/SKU/23-24/166,Leather,Raw Material,Product Utilities
Leather 1037 DARK BROWN,UNMPL/SKU/25-26/588,Leather,Raw Material,Product Utilities
Leather Genuine Waxy -LE1037BR,UNM/SKU/23-24/278,Leather,Leather,Product Utilities
Leather Genuine Waxy -LE1037TN,UNM/SKU/23-24/318,Leather,Leather,Product Utilities
Leather OFF WHITE PDM LEATHER,UNM/SKU/24-25/1902,Leather,Leather,Product Utilities
Leather BUFF SPCTTSDALE OATMEAL FINISH LEATHER,UNMPL/SKU/25-26/882,Leather,Raw Material,Product Utilities
Leather EL-PASO - COFFEE,UNMPL/SKU/25-26/152,Leather,Raw Material,Product Utilities
Leather GIA 0.9-1.1 MM COLOUR UM-ASH-GREY FINISH LEATHER,UNMPL/SKU/25-26/1731,Leather,Raw Material,Product Utilities
Leather K-CILE - LUR005,UNMPL/SKU/25-26/353,Leather,Raw Material,Product Utilities
Leather K-CILE UPHOLSTERY 0.9-1.1 MM COLOUR G-200 LEATHER,UNMPL/SKU/25-26/2399,Leather,Raw Material,Product Utilities
Leather LAGUNA PC BLACK,UNMPL/SKU/25-26/1099,Leather,Raw Material,Product Utilities
Leather Maxwell K-Dallas Chocolate 2 Tone,UNM/SKU/24-25/209,Leather,Raw Material,Product Utilities
Leather NUBUCK SHOE UPPER B-GRAY,UNMPL/SKU/25-26/1131,Leather,Raw Material,Product Utilities
Leather SCOTTSDALE,,Leather,Raw Material,Product Utilities
Leather SCOTTSDALE UPHOLSTERY - SADDLE,UNMPL/SKU/25-26/149,Leather,Raw Material,Product Utilities
Leather DURIAN -FW 0.9-1.1 MM COLOUR FW-DARK TAN FINISHED,UNMPL/SKU/25-26/1098,Leather,Leather,Product Utilities
Leather GIA 0.9-1.1 MM COLOUR UM- CHOCOLATE-BROWN FINISH LEATHER,UNMPL/SKU/25-26/1732,Leather,Leather,Product Utilities
Leather NUBUCK SHOE UPPER,,Leather,Leather,Product Utilities
Leather GALAXY 0.9-1.1 MM COLOR UMMDM- ORANGE,UNMPL/SKU/25-26/1593,Leather,Raw Material,Product Utilities
Leather GALAXY 0.9-1.1MM UNMMDM-MUD,UNMPL/SKU/25-26/1592,Leather,Leather,Product Utilities
Leather UM-TAN,UM-000141,Leather,Raw Material,Product Utilities
Leather reyna,UM-000836,Leather,Raw Material,Product Utilities
Leather GRAIN LEATHER FINISH BUFF NATURAL MILLED GRAY,UNM/SKU/23-24/1040,Leather,Raw Material,Product Utilities
Leather Uphostry-Re-Lpa-L-89-01HO1320 ( Banana Republic,UNM/SKU/23-24/430,Leather,Raw Material,Product Utilities
Leather Buff Crunch Black 001,UNM/SKU/23-24/507,Leather,Raw Material,Product Utilities
Leather SH-UM-TAN,UNM/SKU/23-24/725,Leather,Raw Material,Product Utilities
Leather UNM-SIGMA-Black,UNM/SKU/23-24/927,Leather,Raw Material,Product Utilities
Leather URBAN LIVING TAN LEATHER FOR ARNAS CHAIR,UNM/SKU/24-25/1502,Leather,Raw Material,Product Utilities
Leather Black hairon brazil,UNM/SKU/24-25/280,Leather,Raw Material,Product Utilities
Leather RE-LPA-L-74,UNM/SKU/24-25/285,Leather,Raw Material,Product Utilities
Leather Auckland Color Taupe,UNM/SKU/24-25/386,Leather,Raw Material,Product Utilities
Leather NUBUCK SHOE UPPER GRASS FINISH,UNMPL/SKU/25-26/1130,Leather,Raw Material,Product Utilities
Leather WAXY TWO TONE CRUNCH ORANGE,UNMPL/SKU/25-26/1608,Leather,Raw Material,Product Utilities
Leather FINISHED LEATHER (AL REHMAN OVERSEAS FOR SANPAN ORDER),UNMPL/SKU/25-26/2314,Leather,Raw Material,Product Utilities
Leather SCOTTSDALE UM-ASH- GREY,UNMPL/SKU/25-26/305,Leather,Raw Material,Product Utilities
Leather LEATHER STRIIPS TAN 3MM (HIDAYAT),UNMPL/SKU/25-26/1954,Leather Belt ,Component,Product Utilities
Leather Small Strip,UM-000245,Leather Belt ,Raw Material,Product Utilities
Leather Belt,UM-000246,Leather Belt ,Raw Material,Product Utilities
Imo Black Doted Hair-on (Imogene Lounge Chair) LeatherLeather Cover,UM-000608,Leather Cover,Component,Product Utilities
Imo Black Hair-on Leather Cover Leather Cover,UM-000863,Leather Cover,Component,Product Utilities
SIGMA CUSHION Leather Cover,UNM/SKU/23-24/731,Leather Cover,Component,Product Utilities
SIGMA Chair Cushion Buff leatherLeather Cover,UNM/SKU/23-24/782,Leather Cover,Component,Product Utilities
Black harion Brazil Leather Cover,UNM/SKU/24-25/279,Leather Cover,Component,Product Utilities
Leather Strip,UNMPL/SKU/25-26/1841,Leather Strip,Leather,Product Utilities
BULB 15WT,UNMPL/SKU/25-26/1530,Led,Electrical,Factory Utilities
LED 36W PHILIPS,UNMPL/SKU/25-26/1891,Led,Electrical,Factory Utilities
18 W LED BLUB,UNMPL/SKU/25-26/1929,Led,Electrical,Factory Utilities
STURLITE TRACK LIGHT 30W 3 IN 1 BLK,UNMPL/SKU/25-26/1366,Led,Electrical,Factory Utilities
VIBCON LED STRIP DRIVER 12VDC- 10,UNMPL/SKU/25-26/70,Led,Electrical,Factory Utilities
VIBCON LED YELLOW STRIP,UNMPL/SKU/25-26/69,Led,Electrical,Factory Utilities
VIBCON TRACK LIGHT 30W W/W BLK,UNM/SKU/24-25/766,Led,Electrical,Factory Utilities
LED BLUB 50W,UNMPL/SKU/25-26/1877,Led,Electrical,Factory Utilities
LED PATTI SLIMLINE ELITE 36WT CDL,UNMPL/SKU/25-26/441,Led,Electrical,Factory Utilities
PHILIPS LED STRIP PROFILE 25W LED,UNM/SKU/24-25/1061,Led,Electrical,Factory Utilities
PHILIPS LED STRIP25W WW,UNMPL/SKU/25-26/1365,Led,Electrical,Factory Utilities
LED TUBE LIGHT FOR CHECK MASTER,UNMPL/SKU/25-26/1949,Led,Electrical,Factory Utilities
10MM RING LAG,UNMPL/SKU/25-26/1567,Led ,Electrical,Factory Utilities
16 W BUBLE LED,UNMPL/SKU/25-26/1893,Led ,Electrical,Factory Utilities
ADEPTOR FOR ROPE LIGHT,UNMPL/SKU/25-26/1598,Led ,Electrical,Factory Utilities
CABINET LIGHT 2 FT,UNMPL/SKU/25-26/1599,Led ,Electrical,Factory Utilities
ELECTRIC SPRING 23MTR (),UNMPL/SKU/25-26/2233,Led ,Electrical,Factory Utilities
LED LAMP 9 WT PHILIPS,UNM/SKU/24-25/888,Led ,Electrical,Factory Utilities
ROP LIGHT,UNMPL/SKU/25-26/1597,Led ,Electrical,Factory Utilities
RR LED BATTEN 36WT SWANK 6500K,UNMPL/SKU/25-26/1147,Led ,Electrical,Factory Utilities
RR LED BATTEN 50WT SWANK 6500K,UNMPL/SKU/25-26/1901,Led ,Electrical,Factory Utilities
VETO GLOW ON WALL LIGHT 20W W/WBL,UNMPL/SKU/25-26/2020,Led ,Electrical,Factory Utilities
STRING LIGHT CONNECTOR 13 MTR,UNMPL/SKU/25-26/1419,Led ,Electrical,Factory Utilities
STRING LIGHTS 10MTR,UNMPL/SKU/25-26/1418,Led ,Electrical,Factory Utilities
LED LIGHT FOR EMERGENCY LIGHT,UNM/SKU/24-25/1072,Led ,Electrical,Factory Utilities
SIGNAL REVOLVING LIGHT,UNMPL/SKU/25-26/1193,Led ,Electrical,Factory Utilities
FREEMANS LEVEL PATTI BASIK 36'',UNMPL/SKU/25-26/96,LEVEL PATTI ,Tool,Factory Utilities
LEVEL SCALE 12 INCH,UNMPL/SKU/25-26/640,LEVEL SCALE ,Tool,Factory Utilities
Leveler M8x25mm,UM-000524,Leveler,Hardware,Product Utilities
LEVELER 15X6MM (MINUS),UNMPL/SKU/25-26/1101,Leveler,Hardware,Product Utilities
Leveler 8*12 flower,UNMPL/SKU/25-26/1104,Leveler,Hardware,Product Utilities
Leveler M6X25MM,UM-000296,Leveler,Hardware,Product Utilities
Mirror 2.5X2.5FT 12MM TOUGHENED GLASS,UNMPL/SKU/25-26/1589,Leveling Glass,Consumables,Factory Utilities
UPM-1 LEVER PLATE,UNMPL/SKU/25-26/2220,Liver Plate,Component,Product Utilities
"9"""" SQUARE LEVER PLATE 3.5MM (7""""X7"""" square plate with bracket){409 A}",UNMPL/SKU/25-26/1198,Liver Plate,Component,Product Utilities
Lock LOCK BIG SIZE 65MM,UNM/SKU/24-25/419,Lock,Hardware,Factory Utilities
Lock PAID LOCK 50MM,UNMPL/SKU/25-26/1308,Lock,Hardware,Product Utilities
DRAW LOCK -A,UNM/SKU/24-25/1673,Lock,Hardware,Product Utilities
Lock big,UNM/SKU/24-25/1430,Lock,Hardware,Factory Utilities
Lock small,UNM/SKU/24-25/1429,Lock,Hardware,Factory Utilities
M.P LOCK ALTRO,UNM/SKU/24-25/1453,Lock,Hardware,Factory Utilities
ALDRAF IRON 14X8'',UNM/SKU/24-25/1862,Lock,Hardware,Factory Utilities
"ALDRAPH - IRON 12X10""""",UNM/SKU/24-25/309,Lock,Hardware,Factory Utilities
DRAW LOCK,UNM/SKU/24-25/1585,Lock ,Hardware,Product Utilities
SCREW COMPRESSOR LUBRICANT -SKY 30HP,UNM/SKU/24-25/803,Lubricant,Hardware,Factory Utilities
AGLOW LUBRICANTS MULTI (PLEX EP-2) GREASE,UNMPL/SKU/25-26/1145,Lubricant ,Consumables,Factory Utilities
Hydraulic 68 No. Oil,UNM/SKU/23-24/362,Lubricant ,Consumables,Factory Utilities
Stitching Machine Oil,UNM/SKU/23-24/386,Lubricant ,Consumables,Factory Utilities
CYLENCIER,UNM/SKU/24-25/1693,Machine Part,Spares,Factory Utilities
CYLENDER WOOD PRESS PAD,UNMPL/SKU/25-26/1711,Machine Part,Consumables,Factory Utilities
FHP -2250 FEN BELT,UNMPL/SKU/25-26/2132,Machine Part,Consumables,Factory Utilities
KIRA (SANJAY TEKTEAM),UNMPL/SKU/25-26/2126,machine part,Spares,Factory Utilities
TL-Q5MC1-Z,UNMPL/SKU/25-26/1556,Machine Part,Spares,Factory Utilities
RETCH HANDLE 80XM10X40-1 (RIPSAW),UNMPL/SKU/25-26/2124,Machine Part,Asset,Factory Utilities
EQUAL ELBOW 1620 X1620 MM,UNM/SKU/24-25/960,Machine Part,Consumables,Factory Utilities
EQUAL TEE 1620 X 1620 X 1620,UNM/SKU/24-25/959,Machine Part,Consumables,Factory Utilities
MS HEX 1/2'',UNM/SKU/24-25/962,Machine Part,Hardware,Product Utilities
OIL FILTER FOR COMPRESSOR SKY 30HP,UNM/SKU/24-25/802,Machine Part,Consumables,Factory Utilities
AIR OIL SEPERATOR FOR AIR COMPRESSOR,UNMPL/SKU/25-26/1515,Machine Part,Spares,Factory Utilities
FDIAP00002 DIAPHRAGM PUMP (DPSM-90E),UNMPL/SKU/25-26/1860,Machine Part,Asset,Factory Utilities
X135AA31N,UNMPL/SKU/25-26/1713,Machine Part ,Spares,Factory Utilities
Magnet separtor (kill magnet),UNM/SKU/24-25/1839,Magnet separtor,Hardware,Factory Utilities
"LAILA 2 DRAWER MARBLE - 24""""X18"""" (612MMX464MM)",UNMPL/SKU/25-26/978,Marble,Raw Material,Product Utilities
"LAILA 6 DRAWER MARBLE - 63""""X19"""" (1607MMX484MM)",UNMPL/SKU/25-26/977,Marble,Raw Material,Product Utilities
Mask MASK -95,UNMPL/SKU/25-26/1714,Mask,Consumables,Factory Utilities
SURDICAL RESPORATOR MASK,UNM/SKU/24-25/653,Mask,Consumables,Factory Utilities
FACE MASK N 95,UNMPL/SKU/25-26/2037,Mask ,Consumables,Factory Utilities
Mask For Heavy Dust,MM-01657,Mask ,Consumables,Factory Utilities
Masking tap 2'' ABRO TAPE-48MM X 45MTR,UNM/SKU/24-25/1604,Masking Tape,Consumables,Factory Utilities
RUBBER MAT 6MM,UNM/SKU/24-25/169,Mat,Electrical,Factory Utilities
CUSHIN MATT 10.25X4X2 INCH,UNMPL/SKU/25-26/1724,Mat,Consumables,Factory Utilities
16AMP 2 POLE MCB,UNMPL/SKU/25-26/1895,MCB,Electrical,Factory Utilities
2 POLE MCB BOX,UNMPL/SKU/25-26/1894,MCB,Electrical,Factory Utilities
MCB SPC 16A SCHEIDER,UNMPL/SKU/25-26/1883,MCB,Electrical,Factory Utilities
MCB TPNC 63A,UNM/SKU/24-25/438,MCB,Electrical,Factory Utilities
SCHNIEDER MCB 4P 63A,UNMPL/SKU/25-26/1882,MCB,Electrical,Factory Utilities
VETO POWER 20A MCB SP MINI TR,UNMPL/SKU/25-26/1822,MCB,Electrical,Factory Utilities
SCH MCB 4P 20A EASY9,UNMPL/SKU/25-26/1534,MCB,Electrical,Factory Utilities
SCNNIEDER MCCB 4P 100A LV510317,UNMPL/SKU/25-26/1545,MCB,Electrical,Factory Utilities
MODULER MCB 10 AMP,UNMPL/SKU/25-26/1932,MCB,Electrical,Factory Utilities
2 AMP-SMPS (24 WALT/12V),UNMPL/SKU/25-26/965,MCB,Electrical,Factory Utilities
BENLO MCB BOX 4 WAY,UNM/SKU/23-24/759,MCB ,Electrical,Factory Utilities
MCB 32 AMP 4 POLE,UNMPL/SKU/25-26/1876,MCB ,Electrical,Factory Utilities
MCB 40 AMP 2 POLE,UNMPL/SKU/25-26/1875,MCB ,Electrical,Factory Utilities
MCB 63 AMP 4 POLE,UNMPL/SKU/25-26/1874,MCB ,Electrical,Factory Utilities
Mdf 3.3mm 8x4,UNM/SKU/24-25/509,MDF,Raw Material,Product Utilities
Mdf 8x4x10 mm 8x4,UM-000498,MDF,Raw Material,Product Utilities
Mdf 8x4x11 mdf,UNMPL/SKU/25-26/346,MDF,Raw Material,Product Utilities
Mdf 8'X4'X25MM,UNM/SKU/23-24/1059,MDF,Raw Material,Product Utilities
Mdf 8x4x6mm,UNM/SKU/23-24/946,MDF,Raw Material,Product Utilities
Mdf 7.3 MDF(8X4),UNMPL/SKU/25-26/106,MDF,Raw Material,Product Utilities
Mdf 8MM 8X4,UNM/SKU/24-25/974,MDF,Raw Material,Product Utilities
Mdf 8x4x14.5MM MDF,UNMPL/SKU/25-26/347,MDF,Raw Material,Product Utilities
MDF MANGO VEENER L 8 ft x W 4 ft T 11 mm,,MDF,Raw Material,Product Utilities
Mdf 8X4X11MM PRELAM MDF FWHITE,UNM/SKU/24-25/1370,MDF,Raw Material,Product Utilities
Mdf 8X4X16.5MM,UNM/SKU/24-25/122,MDF,Raw Material,Product Utilities
Mdf FSC 8X4X25MM,UNM/SKU/24-25/1397,MDF,Raw Material,Product Utilities
Mdf Carb Certified E zero 8x4x3mm,UNMPL/SKU/26-27/154,MDF,Raw Material,Product Utilities
Mdf,UNM/SKU/24-25/121,MDF,Raw Material,Product Utilities
INCHI TAP TRAILER -NEW,UNMPL/SKU/25-26/97,Measuring Tape,Tool,Factory Utilities
TAILER INCHITEP,UNM/SKU/24-25/1850,Measuring Tape,Tool,Factory Utilities
TAILOR INCHITAP,UNMPL/SKU/25-26/1650,Measuring Tape,Tool,Factory Utilities
INCHI TAP 3 MTR,UNM/SKU/23-24/1026,Measuring Tape,Tool,Factory Utilities
INCHI TAP 5 MTR,UNM/SKU/24-25/39,Measuring Tape,Tool,Factory Utilities
HBK-1 BL HANGER BRACKET,UNMPL/SKU/25-26/1088,Mechanism ,Hardware,Product Utilities
Raja Bad Clamp,UM-000551,Mechanism ,Hardware,Product Utilities
PLBF 150 C  (prolift for bed fitting),UNM/SKU/24-25/498,Mechanism ,Hardware,Product Utilities
PLBF -EF-E(AT) BED FITTING EASY EXT. ARM W/O GAS LIFT-AT,UNM/SKU/24-25/851,Mechanism ,Hardware,Product Utilities
PLBF 120 C  (prolift for bed fitting),UNM/SKU/24-25/1209,Mechanism ,Hardware,Product Utilities
PLBF -R-(AT) BED LIFT FITTING-REGULAR (AT),UNM/SKU/24-25/852,Mechanism ,Hardware,Product Utilities
"HANGER  Bracket Interlocking connector 1.5""""",UNMPL/SKU/25-26/1077,Mechanism ,Hardware,Product Utilities
Pro lift electric bed fittings heavy duty with remote control,UNMPL/SKU/25-26/1443,Mechanism ,Hardware,Product Utilities
HYDRILIC LIFT 100# QPQ CLASS-3,UNMPL/SKU/25-26/1040,Mechanism ,Component,Product Utilities
MECHANIZAM- MOTION CANTROL SYNCHRO,UNMPL/SKU/25-26/1039,Mechanism ,Hardware,Product Utilities
CHAIR MECHANISM WITH ACCESSORIES M,UNM/SKU/24-25/1469,Mechanism ,Component,Product Utilities
PLBF 50C PRO LIFT FOR BRD FITTING,UNM/SKU/24-25/853,Mechanism ,Component,Product Utilities
IRON ANGLE 35X5MM,UNMPL/SKU/25-26/2110,Metal Angle,Raw Material,Product Utilities
UCB-104 WAVE BASE BLACK,UNMPL/SKU/25-26/2227,Metal Base,Component,Product Utilities
UCB-112 vista base black,UNMPL/SKU/25-26/2221,Metal Base,Component,Product Utilities
UCB-114 STOOL BASE BLACK,UNMPL/SKU/25-26/2222,Metal Base,Component,Product Utilities
UCB-117 SPIDER BASE CHROME WITH BIG TAPPER FITTING,UNMPL/SKU/25-26/2224,Metal Base,Component,Product Utilities
UCB-118 WOODEN FRAME BASE,UNMPL/SKU/25-26/2225,Metal Base,Component,Product Utilities
UCB-120 MONA BASE CHORME,UNMPL/SKU/25-26/2223,Metal Base,Component,Product Utilities
UCB-124 AERO BASE,UNMPL/SKU/25-26/2226,Metal Base,Component,Product Utilities
UBC-03-BASE CAP SILVER,,Metal Base,Component,Product Utilities
JNB-254 BASE,UNMPL/SKU/25-26/1037,Metal Base,Component,Product Utilities
ALLUMINIUM BASE CHAIR PART,UNMPL/SKU/25-26/1038,Metal Base,Component,Product Utilities
Metal Frame SIDE TABLE (GUN METAL),UNMPL/SKU/25-26/1581,Metal Base,Component,Product Utilities
"27"""" square pipe + 2 side tikki pc",UNMPL/SKU/25-26/1207,Metal Base,Component,Product Utilities
"28.5"""" x 75mm round pipe + two side tikki ss",UNMPL/SKU/25-26/1204,Metal Base,Component,Product Utilities
"Base 18.5"""" x 8mm m.s + s.s",UNMPL/SKU/25-26/1203,Metal Base,Component,Product Utilities
Base 500mm x 500mm x 8mm pc,UNMPL/SKU/25-26/1206,Metal Base,Component,Product Utilities
Base mono big chome pin (502),UNMPL/SKU/25-26/1202,Metal Base,Component,Product Utilities
Cross stand (2012),UNMPL/SKU/25-26/1208,Metal Base,Component,Product Utilities
"Stand 15"""" size (2011)",UNMPL/SKU/25-26/1209,Metal Base,Component,Product Utilities
MONA BASE RAW,UNMPL/SKU/26-27/125,Metal Base,Component,Product Utilities
cross stretcher bench,UNMPL/SKU/26-27/181,Metal Base,Component,Product Utilities
"Ring 15"""" bar sTools chrome (1604)",,Metal Base,Component,Product Utilities
UCB-114 STools BASE BLACK,,Metal Base,Component,Product Utilities
"15"""" pipe + 6"""" plate + footrest chorme (1606)",UNMPL/SKU/25-26/1211,Metal Base ,Component,Product Utilities
40 no button Metal Buttons 25mm,UNM/SKU/23-24/905,Metal Buttons,Hardware,Product Utilities
RDB36M Metal Buttons 36mm,,Metal Buttons,Hardware,Product Utilities
RDB24M Metal Buttons 24mm,,Metal Buttons,Hardware,Product Utilities
RDB32M Metal Buttons 18mm,,Metal Buttons,Hardware,Product Utilities
Boden chair back metal caps ( 20mm dia   8mm deep),,Metal Cap,Hardware,Product Utilities
METAL CAP KIRSTY FRONT LEGS 30X30X52MM,UNM/SKU/24-25/775,Metal Cap,Hardware,Product Utilities
METAL CAPS KIRSTY DINING CHAIR - BACK LEGS 30X30X52MM,UNM/SKU/24-25/777,Metal Cap,Hardware,Product Utilities
CUP LEG 2''X2'',,Metal Cap,Component,Product Utilities
"IRON CAP GOLD 2""""",UNMPL/SKU/25-26/1310,Metal Cap ,Hardware,Product Utilities
"BRASS GOLDEN METAL CAP 2""""",,METAL CAP ,Hardware,Product Utilities
L CLIP (LC-112) 51X5MM,UNMPL/SKU/25-26/1656,metal clip,Hardware,Product Utilities
METAL CLIP,UNMPL/SKU/25-26/1916,METAL CLIP,Hardware,Product Utilities
HAND HELD METAL DETECTOR (PX-04),UNMPL/SKU/25-26/1918,Metal Detector,Asset,Factory Utilities
External Metal Frame CLAPPER J PIPE DINING CHAIR 14GAUGE,UNM/SKU/24-25/1717,Metal frame,Component,Product Utilities
External Metal Frame FA24 RODIN DINING CHAIR METAL FRAME,UNM/SKU/23-24/929,Metal Frame,Component,Product Utilities
Metal Frame SARITA HANDA CANOPY KING BED SIDE RAIL,UNM/SKU/24-25/355,Metal Frame,Component,Product Utilities
External Metal Frame Brussels Dining Chair,UNM/SKU/23-24/618,Metal Frame,Component,Product Utilities
Metal Frame SARITA HANDA CANOPY BED HEADBOARD,UNM/SKU/24-25/344,Metal Frame,Component,Product Utilities
Metal Frame SARITA HANDA CANOPY BED KING FRAME,UNM/SKU/23-24/953,Metal Frame,Component,Product Utilities
Metal Frame SARITA HANDA CANOPY KING BED ANGLE 50X5,UNM/SKU/24-25/356,Metal Frame,Component,Product Utilities
Metal Frame SARITA HANDA CANOPY KING BED CENTER SUPPORT,UNM/SKU/24-25/354,Metal Frame,Component,Product Utilities
Metal Frame SARITA HANDA CANOPY KING BED FOOT BOARD FLAT IRON PATTI,UNM/SKU/24-25/352,Metal Frame,Component,Product Utilities
Metal Frame SARITA HANDA CANOPY KING BED FOOTBOARD,UNM/SKU/24-25/349,Metal Frame,Component,Product Utilities
Metal Frame SARITA HANDA CANOPY KING BED FOOTBOARD BIG METAL ROD,UNM/SKU/24-25/351,Metal Frame,Component,Product Utilities
Metal Frame SARITA HANDA CANOPY KING BED FOOTBOARD METAL ROD SMALL,UNM/SKU/24-25/350,Metal Frame,Component,Product Utilities
Metal Frame SARITA HANDA CANOPY KING BED HEADBOARD BIG ROD,UNM/SKU/24-25/346,Metal Frame,Component,Product Utilities
Metal Frame SARITA HANDA CANOPY KING BED HEADBOARD SMALL ROD,UNM/SKU/24-25/345,Metal Frame,Component,Product Utilities
Metal Frame SARITA HANDA CANOPY KING BED P3 BIG ROD,UNM/SKU/24-25/358,Metal Frame,Component,Product Utilities
External Metal Frame Clapper Bar Chair,UNM/SKU/23-24/1034,Metal Frame,Component,Product Utilities
Metal Frame MS HR PLATE,UNMPL/SKU/25-26/1942,Metal Frame,Component,Product Utilities
External Metal Frame ST06CSTIC Counter Stool,UNMPL/SKU/25-26/831,Metal frame,Component,Product Utilities
"Internal Metal Frame 20mm Round Pipe Ring 21.5""""",UNMPL/SKU/25-26/742,Metal frame,Component,Product Utilities
External Metal Frame stonehenge bed Side table LEG - 390MM,UNMPL/SKU/25-26/1352,Metal frame,Component,Product Utilities
Internal Metal Frame lucid bed (PIPE 20mmX40mm),,Metal frame,Component,Product Utilities
Internal Metal Frame LUCID BED ANGLE TUKRA 8.5X8.5 - 2*2 - 5mm,UNM/SKU/24-25/1175,Metal frame,Component,Product Utilities
External Metal Frame RODIN BENCH,UM-000658,Metal Frame,Component,Product Utilities
Internal Metal Frame LUCAYA OTTOMAN,UNM/SKU/23-24/737,Metal Frame,Component,Product Utilities
Metal Frame EXTERNAL METAL BELLA CHAIR,UNM/SKU/24-25/1227,Metal Frame,Component,Product Utilities
Metal Frame LUCID BED ANGLE TUKRA,,Metal Frame,Component,Product Utilities
Metal Frame METAL LEG NYRA KNIGHT STAND,UNMPL/SKU/25-26/1139,Metal Frame,Component,Product Utilities
External Metal Frame Valle Chair CBSP23-003,UM-000843,Metal Frame,Component,Product Utilities
External Metal Frame Keyhole counter chair,UNM/SKU/24-25/1032,Metal Frame,Component,Product Utilities
External Metal Frame Keyhole Dining Arm Chair,UNM/SKU/24-25/580,Metal Frame,Component,Product Utilities
Metal Frame LOUNGE SOFA FREME,UNMPL/SKU/25-26/1388,Metal Frame,Component,Product Utilities
Metal Frame VISITOR CHAIR,UNMPL/SKU/25-26/1393,Metal Frame,Component,Product Utilities
METAL BACK 202,UNMPL/SKU/25-26/1394,Metal Frame,Component,Product Utilities
METAL BACK 204,UNMPL/SKU/25-26/1395,Metal Frame,Component,Product Utilities
METAL BACK 208,UNMPL/SKU/25-26/1396,Metal Frame,Component,Product Utilities
Metal Frame BAR STOOL FRAME D PIPE,UNMPL/SKU/25-26/1390,Metal Frame,Component,Product Utilities
Metal Frame BAR STOOL FRAME SQ PIPE,UNMPL/SKU/25-26/1391,Metal Frame,Component,Product Utilities
Metal Frame BAR STOOL FRAME UCAF 107,UNMPL/SKU/25-26/1392,Metal Frame,Component,Product Utilities
Metal Frame Storage ron Rack With Powder Coating,UNMPL/SKU/25-26/1766,Metal Frame,Component,Product Utilities
Metal Frame CHAIR FORM SHREE JHARKHAND JAIPUR-1,UNMPL/SKU/25-26/1489,Metal Frame,Component,Product Utilities
Metal Frame CHAIR FORM SHREE JHARKHAND JAIPUR-2,UNMPL/SKU/25-26/1490,Metal Frame,Component,Product Utilities
Metal Frame AT HOME METAL SAMPLE,UNMPL/SKU/25-26/1843,Metal Frame,Component,Product Utilities
External Metal Frame metal structure for IF-200 sofa,UNMPL/SKU/25-26/1624,Metal Frame,Component,Product Utilities
External Metal Frame Clapper Dining Chair,UNM/SKU/23-24/1033,Metal frame,Component,Product Utilities
External Metal Frame LAILA 6 DRAWER METAL LEG BASE,UNMPL/SKU/25-26/294,Metal frame,Component,Product Utilities
External Metal Frame Laila Bench (WITHOUT KNOBS),UNM/SKU/24-25/1027,Metal frame,Component,Product Utilities
External Metal Frame LAILA KING BED METAL FRAME (180X200),UNMPL/SKU/25-26/293,Metal frame,Component,Product Utilities
External Metal Frame LAILA MIRROR,UNMPL/SKU/25-26/278,Metal frame,Component,Product Utilities
External Metal Frame Laila side table legs BASE,UNM/SKU/24-25/1028,Metal frame,Component,Product Utilities
External Metal Frame METAL FRAME NYRA FOOTBOARD P2,UNM/SKU/24-25/904,Metal frame,Component,Product Utilities
External Metal Frame NYRA BED HEADBOARD P1,UNM/SKU/24-25/903,Metal frame,Component,Product Utilities
External Metal Frame NYRA BED SIDE RAIL L PATTI - P3,UNM/SKU/24-25/907,Metal frame,Component,Product Utilities
External Metal Frame NYRA CENTER SUPPORT P3,UNM/SKU/24-25/906,Metal frame,Component,Product Utilities
External Metal Frame NYRA MIRROR,UNMPL/SKU/25-26/279,Metal frame,Component,Product Utilities
External Metal Frame nyra side board,,Metal frame,Component,Product Utilities
External Metal Frame NYRA SIDE RAIL P3,UNM/SKU/24-25/905,Metal frame,Component,Product Utilities
External Metal Frame NYRA SIDE TABLE,UNMPL/SKU/25-26/277,Metal frame,Component,Product Utilities
External Metal Frame SABITO CHAIR,UNM/SKU/24-25/1226,Metal frame,Component,Product Utilities
External Metal Frame saho king bed,UNMPL/SKU/25-26/558,Metal frame,Component,Product Utilities
External Metal Frame TRENT ACCENT CHAIR PIPE FRAME 14 GAUGE,UNM/SKU/24-25/1815,Metal frame,Component,Product Utilities
External Metal Frame TRENT CHAIR ROUND HAMMERED,UNM/SKU/24-25/1814,Metal frame,Component,Product Utilities
External Metal Frame ARNAS CHAIR,UNM/SKU/24-25/1063,Metal Frame,Component,Product Utilities
External Metal Frame Jake Arnold,UM-000749,Metal Frame,Component,Product Utilities
External Metal Frame nyra side board- 6 DRAWERS,UNMPL/SKU/25-26/276,Metal Frame,Component,Product Utilities
Metal Frame 50X5 ANGLE TUKRA 8.5'',UNM/SKU/24-25/1238,Metal Frame,Component,Product Utilities
Metal Frame AJ 12 CHAIR BASE,UNMPL/SKU/25-26/472,Metal Frame,Component,Product Utilities
Metal Frame EXTERNAL AARA COFFEE TABLE,UNMPL/SKU/25-26/1223,Metal Frame,Component,Product Utilities
Metal Frame external bonita arm chair,UNM/SKU/24-25/1186,Metal Frame,Component,Product Utilities
Metal Frame EXTERNAL METAL AARA SIDE TABLE,UNMPL/SKU/25-26/1224,Metal Frame,Component,Product Utilities
Metal Frame NYRA STORAGE BED LOWER FRAME,UNM/SKU/24-25/1127,Metal Frame,Component,Product Utilities
External Metal Frame Clapper Counter Chair,UNM/SKU/23-24/1035,Metal Frame,Component,Product Utilities
Metal Frame CLAPPER BAR CHAIR GUIDE,UNMPL/SKU/25-26/470,Metal Frame,Component,Product Utilities
Metal Frame CLAPPER COUNTER CHAIR GUIDE,UNMPL/SKU/25-26/469,Metal Frame,Component,Product Utilities
Metal Frame CLAPPER DINING CHAIR GUIDE,UNMPL/SKU/25-26/468,Metal Frame,Component,Product Utilities
Metal Frame EXTERNAL METAL FERRIS DINING CHAIR,UNMPL/SKU/25-26/1112,Metal Frame,Component,Product Utilities
Metal Frame EXTERNAL METAL FRAM ADEPT FROM IMOGENE CHAIR,UNMPL/SKU/25-26/1175,Metal Frame,Component,Product Utilities
Metal Frame NYRA STORAGE BED BOX METAL FRAME,UNM/SKU/24-25/1126,Metal Frame,Component,Product Utilities
Metal Frame AJ 12 CHAIR,UNMPL/SKU/25-26/118,Metal Frame,Component,Product Utilities
Metal Frame ETERNAL METAL SOBITO CHAIR,,Metal Frame,Component,Product Utilities
Metal Frame external enna lounge chair,UNM/SKU/24-25/1187,Metal Frame,Component,Product Utilities
Metal Frame EXTERNAL METAL MOUCINA CHAIR,UNM/SKU/24-25/1228,Metal Frame,Component,Product Utilities
Metal Frame EXTERNAL METAL NYRA BED,UNM/SKU/23-24/956,Metal Frame,Component,Product Utilities
Metal Frame EXTERNAL MUIRFIELD SQUARE METAL CHAIR,UNM/SKU/24-25/1388,Metal Frame,Component,Product Utilities
Metal Frame EXTRNAL LAILA BED,UNM/SKU/24-25/1026,Metal Frame,Component,Product Utilities
Metal Frame ss 202 sofa stand for if200 sofa,UNMPL/SKU/25-26/1525,Metal Frame,Component,Product Utilities
External Metal Frame Edison Counter STools - Sapphir,,Metal Frame,Component,Product Utilities
External Metal Frame ST06CSTIC Counter STools,,Metal Frame,Component,Product Utilities
Metal Frame BAR STools FRAME D PIPE,,Metal Frame,Component,Product Utilities
Metal Frame BAR STools FRAME SQ PIPE,,Metal Frame,Component,Product Utilities
Metal Frame BAR STools FRAME UCAF 107,,Metal Frame,Component,Product Utilities
Metal Strip100X50MMX5MM FOR OMKAR ORDER,UNM/SKU/24-25/1753,Metal Frame,Component,Product Utilities
Metal StripJOYCI SOFA 4 INCH x 20MM,UNM/SKU/24-25/1754,Metal Frame,Component,Product Utilities
External Metal Frame Edison Counter Stool - Sapphir,UNMPL/SKU/25-26/2412,Metal Frame,Component,Product Utilities
External Metal Frame Edison Counter Stool - Sapphir - S S,UNMPL/SKU/26-27/60,Metal Frame,Component,Product Utilities
External Metal Frame Imogene Lounge Chair,UM-000464,Metal Frame ,Component,Product Utilities
betsy counter stool footrest Brass (355.6 MM x 26MM x 20 MM),UNMPL/SKU/25-26/1348,Metal Legs,Component,Product Utilities
DOVE SOFA LEGS MS (183 x 38*25 x ),UNMPL/SKU/25-26/555,Metal Legs,Component,Product Utilities
CLAPPER BAR CHAIR LEGS   20 gauge pipe MS black (36mm top dia x 15mm bottom dia x height 750mm),,Metal Legs,Component,Product Utilities
clapper counter chair legs 20gauge MS black (top dia 36mm x bottom dia 15mm x 650mm height),UNM/SKU/24-25/1695,Metal Legs,Component,Product Utilities
CLAPPER DINING CHAIR LEGS 20 gauge MS black (top dia 36mm x bottom dia 15mm x 460mm height),UNM/SKU/24-25/1698,Metal Legs,Component,Product Utilities
"aara back legs (leg size - 6.875"""" x square plate size - 0.375"""" (3 soot) x overall size - 7.25"""")",UNM/SKU/24-25/1908,Metal Legs,Component,Product Utilities
"Aara front leg MS Brass (square plate size - 0.375"""" (3 soot) x leg size - 8.375"""" x overall size - 8.75"""")",UNM/SKU/23-24/331,Metal Legs,Component,Product Utilities
hog sofa leg ms brss (3'' x 3'' x 7''),UNM/SKU/23-24/843,Metal Legs,Component,Product Utilities
LAILA 6 DRAWER LEG ( x x ),UNMPL/SKU/25-26/477,Metal Legs,Component,Product Utilities
LAILA BED SIDE TABLE LEG ( x x ),UNMPL/SKU/25-26/476,Metal Legs,Component,Product Utilities
Metal Leg Cup (RIGHT LEG ) (Crosby Tufted Bed) MS Brass (70 x 53 x 40),UM-000699,Metal Legs,Component,Product Utilities
SOFA METAL LEG ( x x ),UNM/SKU/23-24/15,Metal Legs,Component,Product Utilities
IRON LEG 6'' LIFESTYLE ( x x ),UNM/SKU/23-24/872,Metal Legs,Component,Product Utilities
LEG FINISHED FOR M&D SOFA ( x x ),UNM/SKU/24-25/199,Metal Legs,Component,Product Utilities
betsy counter sTools footrest Brass (355.6 MM x 26MM x 20 MM),,Metal Legs,Component,Product Utilities
Metal Leg 12*12*14cm ( x x ),UNM/SKU/23-24/206,Metal Legs,Component,Product Utilities
MSL02 Metal Leg MS Chrome (130 x 130 x 150),,Metal Legs,Component,Product Utilities
MSL03 Metal Leg MS Chrome (130 x 130 x 165),,Metal Legs,Component,Product Utilities
MSL04 Metal Leg MS Brass (130 x 130 x 135),,Metal Legs,Component,Product Utilities
MSL05 Metal Leg MS Brushed (280 x 100 x 130),,Metal Legs,Component,Product Utilities
MSL06 Metal Leg MS Chrome (130 x 130 x 135),,Metal Legs,Component,Product Utilities
MSL07 Metal Leg MS Chrome (165 x 55 x 150),UNM/SKU/23-24/272,Metal Legs,Component,Product Utilities
MSL08 Metal Leg MS Chrome (110 x 55 x 130),UNM/SKU/23-24/273,Metal Legs,Component,Product Utilities
MSL09 Metal Leg MS Chrome (145 x 145 x 85),,Metal Legs,Component,Product Utilities
MSL10 Metal Leg MS Chrome (120 x 120 x 75),,Metal Legs,Component,Product Utilities
MSL11 Metal Leg MS Chrome (80 x 80 x 95),,Metal Legs,Component,Product Utilities
MSL15 Metal Leg MS Chrome (125 x 125 x 125),UNM/SKU/23-24/270,Metal Legs,Component,Product Utilities
MSL16 Metal Leg MS Chrome (105 x 90 x 145),UNM/SKU/23-24/271,Metal Legs,Component,Product Utilities
MSL17 Metal Leg MS Chrome (130 x 130 x 135),UNM/SKU/23-24/274,Metal Legs,Component,Product Utilities
MSL18 Metal Leg MS Chrome (130 x 120 x 150),UNM/SKU/23-24/275,Metal Legs,Component,Product Utilities
TAWAU LEG ( x x ),UNM/SKU/23-24/818,Metal Legs,Component,Product Utilities
"Metal draw pipe round 3/4""""X16G -TUBE ITEM",UNMPL/SKU/25-26/649,Metal Pipe,Raw Material,Product Utilities
"Metal draw pipe round 3/4""""X18G -TUBE ITEM",UNMPL/SKU/25-26/1673,Metal Pipe,Raw Material,Product Utilities
"Metal draw pipe round 5/8""""X18G -TUBE ITEM",UNMPL/SKU/25-26/1675,Metal Pipe,Raw Material,Product Utilities
Metal Frame 15MM PIPE ROUND PIPE (14G),UNMPL/SKU/25-26/471,Metal Pipe,Component,Product Utilities
"Ring 15"""" bar stool chrome (1604)",UNMPL/SKU/25-26/1210,Metal Ring ,Component,Product Utilities
Metal Frame MS CC OFF WHITE SHEET 16X4,UNMPL/SKU/25-26/1941,Metal Sheet,Component,Product Utilities
Metal Frame MS CC SHEET OFF WHITE 15X4,UNMPL/SKU/25-26/1940,Metal Sheet,Component,Product Utilities
Metal StripSS 304 SH 1.5X66.36X355.6MM BESTY COUTER STOOL FOOT REST STRIP,UNMPL/SKU/25-26/1497,Metal Strip,Component,Product Utilities
Metal Strip- Ms Flat F-20x5,UNMPL/SKU/25-26/1672,Metal Strip,Component,Product Utilities
Metal Strip- Ms Flat F-25x3,UNMPL/SKU/25-26/1677,Metal Strip,Component,Product Utilities
Metal Strip- Ms Flat F-25x5,UNMPL/SKU/25-26/563,Metal Strip,Component,Product Utilities
Metal Strip- Ms Flat F-75x5,,Metal Strip,Component,Product Utilities
Metal Strip- L 150mm x W 18mm x T 4.5mm (BETSY CHAIR ),UNM/SKU/24-25/331,Metal Strip,Component,Product Utilities
Metal Strip- L 150mm x W 18mm x T 4.5mm,,Metal Strip,Component,Product Utilities
Metal Strip- L 152mm x W 12mm x T 3mm,,Metal Strip,Component,Product Utilities
Metal StripSOFA PATTI,UNMPL/SKU/25-26/1031,Metal Strip,Component,Product Utilities
Metal Strip- L 52mm x W 12mm x T 3mm,,Metal Strip,Component,Product Utilities
Metal Strip# MANGO TREE IRON PATTI NEW IN SQUARE,UNMPL/SKU/25-26/560,Metal Strip,Component,Product Utilities
Metal Strip_ SARITA HANDA SOFA 5X5 INCH 5MM,UNMPL/SKU/25-26/752,Metal Strip,Component,Product Utilities
Metal Strip_ SS U SHAPE STRIPE,UNMPL/SKU/25-26/2059,Metal Strip,Component,Product Utilities
Metal StripIRON STIRP 5X2 INCH,UNMPL/SKU/25-26/753,Metal Strip,Component,Product Utilities
Metal Strip102mm x 12mm x 2.5mm,UNM/SKU/24-25/263,Metal Strip,Component,Product Utilities
Metal StripSS 304 SH 1.5X66.36X355.6MM BESTY COUTER STools FOOT REST STRIP,,Metal Strip,Component,Product Utilities
"Metal StripT ANGLE 24""""",UNM/SKU/24-25/982,Metal Strip,Consumables,Product Utilities
IRON PLATE TAG 85MMX55MM - 24 GAUGE,UNMPL/SKU/25-26/1356,Metal Swatch,Swatches,Office Utilities
IRON 16MM ROUND PIPE 14(G),UNMPL/SKU/25-26/339,Metal Swatch,Swatches,Office Utilities
ERW IRON 30*30  PIPE 16(G),UNMPL/SKU/25-26/2030,Metal Swatch,Swatches,Office Utilities
20MM ROUND SARIYA PANEL,UNMPL/SKU/25-26/1032,Metal Swatch,Swatches,Office Utilities
25MM SARIYA PANAL NYRA BED,UNMPL/SKU/25-26/474,Metal Swatch,Swatches,Office Utilities
30MM ROUND SARIYA PANEL LAILA BED,UNMPL/SKU/25-26/475,Metal Swatch,Swatches,Office Utilities
METAL VALLE SWATCH,UNM/SKU/24-25/1437,Metal Swatch,Swatches,Office Utilities
Brussels metal dinning chair,UNM/SKU/24-25/316,Metal Swatch,Swatches,Office Utilities
JB NU KEY HOLE CHAIR SWATCH,UNM/SKU/24-25/1755,Metal Swatch,Swatches,Office Utilities
PIPE 15MM ROUND,UNM/SKU/24-25/180,Metal Swatch,Swatches,Office Utilities
Mirror NYRA MIRROR 40.2X24.4 5MM,UNMPL/SKU/25-26/741,Mirror,Component,Product Utilities
Mirror 23.2X68 INCH,UNMPL/SKU/25-26/1708,Mirror,Component,Product Utilities
Mirror 31X43 INCH,UNMPL/SKU/25-26/1709,Mirror,Component,Product Utilities
Mirror LAILA L-1023MM X W-626MM X 5MM,,Mirror,Component,Product Utilities
Mirror NYRA L-1063MM X W-607MM X 5MM,UNMPL/SKU/25-26/704,Mirror,Component,Product Utilities
MS UNDER CAR MIRROR 5X7 INCH,UNMPL/SKU/25-26/1919,Mirror,Component,Factory Utilities
"4""""  Jali for putty",UNMPL/SKU/26-27/161,Misc,Consumables,Factory Utilities
Plastic Items,MM-01527,Misc,Consumables,Factory Utilities
"Mat for Sanding Table - 15""""x24""""",UNMPL/SKU/26-27/299,Misc,Consumables,Factory Utilities
Megnatic socket 8mm,UNM/SKU/24-25/930,Misc,Spares,Factory Utilities
PURCHASE REQUISITION SLIP BOOK,UNMPL/SKU/26-27/222,Misc,Consumables,Office Supplies
KUSAM-MECO DIGITAL PAPER MOISTURE METER 963 P,UNMPL/SKU/25-26/1043,Moisture Meter,Asset,Factory Utilities
Mould for boden chair's  molded ply back,UNMPL/SKU/25-26/1324,Mould,Asset,Factory Utilities
Foam LOUNGE CHAIR 27 SEAT  Color:  Density:,,MOULDED FOAM,Raw Material,Product Utilities
Foam LUONGE CHAIRS 27  Color:WHITE  Density:,,MOULDED FOAM,Raw Material,Product Utilities
INSERT - LG26,UNMPL/SKU/25-26/1271,MOULDED FOAM,Raw Material,Product Utilities
INSERT- LG2,UNMPL/SKU/25-26/1273,MOULDED FOAM,Raw Material,Product Utilities
INSERT LG-36,UNMPL/SKU/25-26/1272,MOULDED FOAM,Raw Material,Product Utilities
INSERT LG-41,UNMPL/SKU/25-26/1275,MOULDED FOAM,Raw Material,Product Utilities
INSERT LG-9,UNMPL/SKU/25-26/1274,MOULDED FOAM,Raw Material,Product Utilities
LOUNGE CHAIRS 19,UNMPL/SKU/25-26/1996,MOULDED FOAM,Raw Material,Product Utilities
LOUNGE CHAIRS 2,UNMPL/SKU/25-26/1993,MOULDED FOAM,Raw Material,Product Utilities
LOUNGE CHAIRS 36,UNMPL/SKU/25-26/1997,MOULDED FOAM,Raw Material,Product Utilities
LOUNGE CHAIRS 9,UNMPL/SKU/25-26/1994,MOULDED FOAM,Raw Material,Product Utilities
LOUNGE CHAIRS 9 SEAT,UNMPL/SKU/25-26/1995,MOULDED FOAM,Raw Material,Product Utilities
Foam LOUNGE CHAIRS MOULDED FOAM FOR DUNE CHAIR  Color:WHITE  Density:,,MOULDED FOAM,Component,Product Utilities
Foam SEMI CIRCLE BRUSSELS - BOLSTER  Color:WHITE  Density:,,MOULDED FOAM,Component,Product Utilities
Foam BODEN CHAIR SEAT MOLDED FOAM (19x19)  Color:WHITE  Density:,,Moulded Foam ,Raw Material,Product Utilities
"SHEET FOAM NEW MOULD  (20""""X3.5"""") (FOR BODEN CHAIR)",UNMPL/SKU/25-26/1524,Moulded Foam ,Raw Material,Product Utilities
Foam BODEN CHAIR/EDISON CS SEAT MOLDED FOAM (19x19X3.5)  Color:WHITE  Density:,,Moulded Foam ,Component,Product Utilities
WIRELESS MOUSE LOGITECH M170,UNMPL/SKU/25-26/1872,Mouse,Asset,IT Utilities
LOGITECH MOUSE M90,UNMPL/SKU/25-26/1359,Mouse ,Asset,IT Utilities
"IRON SQUARE PIPE (4""""X2"""") 16 GAUGE",UNM/SKU/23-24/22,MS Pipe,Consumables,Factory Utilities
Metal Frame MS PIPE 40X40 20 KG,UNMPL/SKU/25-26/1943,MS Pipe,Component,Product Utilities
Metal Frame MS PIPE P-3X1.5 -,UNM/SKU/24-25/476,MS Pipe,Component,Product Utilities
Metal Frame MS PIPE P3X3,UNM/SKU/24-25/679,MS Pipe,Component,Product Utilities
Ms pipe 3/4x3/4 - 6kg,UNMPL/SKU/25-26/564,MS Pipe,Consumables,Factory Utilities
MS PIPE 32X32-12 KG,UNMPL/SKU/25-26/1920,MS Pipe,Consumables,Factory Utilities
MS PIPE 4X2 (25 KG),UNMPL/SKU/25-26/1922,MS Pipe,Consumables,Factory Utilities
MS PIPE 75X40 (20KG),UNMPL/SKU/25-26/1921,MS Pipe,Consumables,Factory Utilities
Round ms pipe 2 inch,UNMPL/SKU/25-26/374,MS Pipe,Consumables,Factory Utilities
IRON SQUARE DRAW PIPE 20X20X 16 GAUGE,UNMPL/SKU/25-26/535,MS Pipe,Consumables,Factory Utilities
IRON ROUND DRAW PIPE 25MM 16G,UNMPL/SKU/25-26/863,MS Pipe,Raw Material,Product Utilities
IRON ROUND ROD 16MM,UNMPL/SKU/25-26/678,MS rod,Raw Material,Product Utilities
IRON ROUND ROD 32MM,UNMPL/SKU/25-26/773,MS rod,Raw Material,Product Utilities
IRON SQUARE ROD 32MM,UNMPL/SKU/25-26/677,MS Rod,Consumables,Factory Utilities
Metal Rod 20mm Round,UNMPL/SKU/25-26/562,MS rod,Raw Material,Product Utilities
IRON SQUARE ROD 25MM,UNMPL/SKU/25-26/679,MS Square Rod ,Raw Material,Product Utilities
AIR NAILER F 50 AKARI,UNM/SKU/24-25/1559,Nail Gun ,Asset,Factory Utilities
Gun Nail F30,UNM/SKU/23-24/389,Nails,Hardware,Product Utilities
717632 120/19 134 DPX5 DBX1 Broz Beckert Needle,UM-000573,Needle,Consumables,Product Utilities
718822 120/19 135X17 DPX17 Broz  Beckert Needle,UM-000575,Needle,Consumables,Product Utilities
767672 130/21 135X17 DPX17 Broz  Beckert Needle,UM-000577,Needle,Consumables,Product Utilities
NEEDLE 110/18 DPX17,UNMPL/SKU/25-26/2158,Needle,Consumables,Product Utilities
LONG NEEDLE,UM-000976,Needle,Consumables,Product Utilities
SUVA BIG,UNMPL/SKU/25-26/721,Needle,Consumables,Product Utilities
BIG NEEDLE SUA,UNM/SKU/24-25/1545,NEEDLE,Consumables,Product Utilities
PINCER (JAMURA) HIGH TAPARIA,UNMPL/SKU/26-27/122,Needle,Consumables,Product Utilities
HANDY NEEDLE DETECTOR (ST-30C),UNMPL/SKU/25-26/111,Needle Detector,Asset,Factory Utilities
Non Woven Fabric Black,UM-000162,Non Woven Fabric ,Raw Material,Product Utilities
OUTWARD CHALLAN BOOK,UNMPL/SKU/25-26/1828,Note Book,Stationery,Office Utilities
NOTEBOOK,UNM/SKU/23-24/1030,Note Book,Stationery,Office Utilities
Register hardboard,UNM/SKU/24-25/1115,Note Book,Stationery,Office Utilities
NOTEBOOK NEELKAMAL BOOK SPRIRAL 200PAGE,UNM/SKU/24-25/1606,Note Book,Stationery,Office Utilities
NOTEBOOK EXERCISE BOOK 240 PG,UNMPL/SKU/25-26/93,Note Book,Stationery,Office Utilities
REGISTER (170 RS ),UNMPL/SKU/25-26/1691,Note Book,Stationery,Office Utilities
REGISTER 288 PAGE BIG,UNMPL/SKU/25-26/854,Note Book,Stationery,Office Utilities
GREASE NOZZEL,UNMPL/SKU/25-26/316,Nozzel ,Consumables,Factory Utilities
NUT 8MM (CHAKI),UNMPL/SKU/25-26/1848,Nut,Hardware,Product Utilities
NUT 5/8,UNMPL/SKU/25-26/1230,Nut ,Hardware,Product Utilities
NUT 2.5,UNMPL/SKU/26-27/134,Nut ,Consumables,Product Utilities
Hardener TARPIN OIL,UNM/SKU/23-24/545,Oil,Consumables,Product Utilities
TARPIN 600GM,UNM/SKU/24-25/1452,Oil ,Consumables,Factory Utilities
KUPI (FEVICOL),UNM/SKU/24-25/261,oil bottle,Consumables,Factory Utilities
OTTOMANS (SHOWROOM STOCK),UNMPL/SKU/25-26/1839,Ottoman ,Finished Goods,Product Utilities
OT1023-01 Delhi Fair 2023 Ottoman,UNM/SKU/23-24/353,Ottoman ,Finished Goods,Product Utilities
PACKING CLIP,UNMPL/SKU/25-26/723,Packing Clip ,Consumables,Product Utilities
16MM PLASTIC STRIP,UNMPL/SKU/25-26/715,Packing Foam ,Packaging,Product Utilities
Packing FOAM 1.5MM X 1.5 MTR,UM-000740,Packing Foam ,Packaging,Product Utilities
Packing Foam 3mm (1.5Mtr),UNM/SKU/23-24/184,Packing Foam ,Packaging,Product Utilities
Packing Foam Roll 1.5 mm X 1MTR (Roll),,Packing Foam ,Packaging,Product Utilities
Packing FOAM 1.5MM X 1.5 MTR (m),,Packing Foam ,Packaging,Product Utilities
Packing FOAM 2MM X 1.5 MTR,UNM/SKU/24-25/1162,Packing Foam ,Packaging,Product Utilities
Packing Foam 3mm X 1Mtr,UNM/SKU/24-25/499,Packing Foam ,Packaging,Product Utilities
PACKING STRIP 16MM STRIP PURE VERGIN WHITE,UNMPL/SKU/25-26/2054,Packing Strip,Packaging,Product Utilities
VELCRO PAD 5 M -14,UNM/SKU/24-25/1653,Pad,Consumables,Product Utilities
Distemper White PALASTIC PAINT (RE INO EMULSIONLTR),UNMPL/SKU/25-26/1318,Paint,Consumables,Factory Utilities
Enamel ENAMAL YELLOW 200ML TUBE,UNMPL/SKU/25-26/1319,paint,Consumables,Factory Utilities
Enamel ENAMEL SIGNAL RED 4 LTR,UNMPL/SKU/25-26/1150,paint,Consumables,Factory Utilities
Enamel GOLDEN YELLOW,UNM/SKU/24-25/918,paint,Consumables,Factory Utilities
Distemper RE INO EXT EMULSION 04 LTR,UNMPL/SKU/25-26/2213,Paint,Consumables,Factory Utilities
Distemper Black ROLEX 1 KG,UNMPL/SKU/25-26/1610,Paint,Consumables,Factory Utilities
Dicco white matt,UNM/SKU/24-25/35,Paint,Consumables,Factory Utilities
Distemper Black AUTOCOAT PRIMER SURFACE,UNM/SKU/24-25/1405,Paint,Consumables,Factory Utilities
Spray Colour Com-Paint 211 (UMD Black 1S60),UM-000827,Paint ,Consumables,Product Utilities
GOLDEN YELLOW 4 LTR,UNM/SKU/23-24/773,Paint ,Consumables,Factory Utilities
Distemper ENAMEL BUS GREEN 1 LTR,UNMPL/SKU/25-26/2313,Paint ,Consumables,Factory Utilities
Enamel Black ENAMEL,UNMPL/SKU/25-26/1149,Paint ,Consumables,Factory Utilities
Enamel DARK GREY COLOUR,UNM/SKU/23-24/1045,Paint ,Consumables,Factory Utilities
Enamel RED OXIDE,UNM/SKU/24-25/957,Paint ,Consumables,Factory Utilities
GREEN SPRAY,UNM/SKU/24-25/1823,Paint ,Consumables,Product Utilities
Spray Colour ANTI-RUST BROWN 1210,UNMPL/SKU/25-26/966,Paint ,Consumables,Product Utilities
Spray Colour MISSION BROWN C.N 29,UNMPL/SKU/25-26/967,Paint ,Consumables,Product Utilities
Spray Colour / Paint White CP( IKULOR GLUTAPE ) WHITE C.N 40,UNMPL/SKU/25-26/2055,Paint ,Consumables,Product Utilities
Spray Colour / Paint White CP.(IKU. GLU.) NORMAL MATT WHITE CN 1007,UNMPL/SKU/25-26/2056,Paint ,Consumables,Product Utilities
Spray Colour 101 IKULOR JADE GREEN,UNMPL/SKU/25-26/54,Paint ,Consumables,Product Utilities
Dicco Black Matt DC-1,UNM/SKU/24-25/36,Paint ,Consumables,Factory Utilities
Distemper BUS GREEN ENAMEL 1 LTR (NAVKAR),UNMPL/SKU/25-26/2413,Paint ,Consumables,Factory Utilities
Distemper White ROLEX ACRYLIC DISTEMPER ( IN KG ),UNMPL/SKU/25-26/47,Paint ,Consumables,Factory Utilities
Spray g gold-139,UNMPL/SKU/25-26/1614,Paint ,Consumables,Product Utilities
Spray Colour / Paint BLUE,UNMPL/SKU/25-26/2078,Paint ,Consumables,Product Utilities
Spray Colour / Paint GREEN,UNMPL/SKU/25-26/2077,Paint ,Consumables,Product Utilities
Spray Colour / Paint YELLOW,UNMPL/SKU/25-26/2076,Paint ,Consumables,Product Utilities
Spray Colour / Paint YELLOW OXIDE,UNMPL/SKU/25-26/2074,Paint ,Consumables,Product Utilities
Spray Colour 4 NO SPRAY MATT BLACK,UNMPL/SKU/25-26/1652,Paint ,Consumables,Product Utilities
WHITE WASH,,Paint ,Consumables,Product Utilities
EVITA GUN PAINT CUP,UNMPL/SKU/25-26/335,Paint Cup ,Consumables,Factory Utilities
PLASTIC PALLETS (ENPFT-1210-9L-BLUE),UNMPL/SKU/25-26/1659,Pallets,Asset,Factory Utilities
PALLETS (RAM BLAST 18.9 KG),UNMPL/SKU/25-26/2035,Pallets,Asset,Factory Utilities
SPREADER CVS100/250  4PLV43156,UNMPL/SKU/25-26/1543,Panel ,Electrical,Factory Utilities
PANEL SAW RT-16 (1600X375 MM),UNMPL/SKU/25-26/1812,Panel Saw,Asset,Factory Utilities
Premium 62'' white,UNM/SKU/23-24/726,paper,Consumables,Office Supplies
PACKING PAPPER PAPER 23X36 INCH (38 GSM) (pc),,Paper,Packaging,Product Utilities
A3 PAPER RIM JK,UNMPL/SKU/25-26/1727,Paper ,Stationery,Office Utilities
P-9 BROWN PAPER ROLL,UNM/SKU/23-24/727,Paper Roll,Consumables,Office Supplies
Pattern sheet,UNM/SKU/23-24/403,Pattern sheet ,Consumables,Product Utilities
BOLL PAN BLACK,UNMPL/SKU/25-26/1909,Pen,Consumables,Office Supplies
SKETCH PEN BOTH SIDE USE,UNMPL/SKU/25-26/1726,Pen ,Consumables,Office Supplies
PEN DRIVE  HP 64 GB USB 3.2,UNMPL/SKU/25-26/682,Pen Drive,Asset,IT Utilities
PEN DRIVE HP X 796W USB 3.2,UNMPL/SKU/25-26/1546,Pen Drive,Asset,IT Utilities
UPS ZEB U1205 (ZEBRONICS),UNMPL/SKU/25-26/865,Pen Drive,Asset,IT Utilities
PEARL WHITE PIN,UNMPL/SKU/25-26/2159,Pin ,Consumables,Factory Utilities
PIN FASTNER 10*100,UNM/SKU/24-25/1495,Pin ,Consumables,Factory Utilities
PU PIPE 8MM,UNMPL/SKU/25-26/1507,Pipe,Consumables,Factory Utilities
Flexible pipe 25MM,UNM/SKU/24-25/154,pipe,Electrical,Factory Utilities
PVC PIPE 20MM LMS,UNMPL/SKU/25-26/1884,Pipe,Electrical,Factory Utilities
PVC PIPE 25MM LMS,UNM/SKU/24-25/1255,Pipe,Electrical,Factory Utilities
COMPOSITE PIPE 1620 MM,UNM/SKU/24-25/958,Pipe,Electrical,Factory Utilities
COMPRESSOR COOLING FAN,UNMPL/SKU/25-26/1516,Pipe,Electrical,Factory Utilities
AIR COMPRESSOR PIPE 8X5MM,UNM/SKU/24-25/1827,Pipe,Consumables,Factory Utilities
Metal Frame MS PIPE P1X1 (16G),,Pipe ,Electrical,Factory Utilities
PIPE CLIP,UNM/SKU/24-25/750,PIPE CLIP,Consumables,Factory Utilities
DUCTING PIPE - 4 INCH,UNM/SKU/24-25/1979,PIPE DUCTING,Consumables,Factory Utilities
Piping Welt Cord Cotton Piping White 5mm,UNMPL/SKU/25-26/1448,Piping,Consumables,Product Utilities
Piping Plastic black 2mm,UNM/SKU/24-25/511,Piping,Consumables,Product Utilities
Piping Welt Cords PE White 4mm,WLT04-02,Piping,Consumables,Product Utilities
Piping Welt Cords PE White 3mm,WLT03-01,Piping,Consumables,Product Utilities
Piping Welt Cords COTTON PE White 5mm,WLT05-03,Piping,Consumables,Product Utilities
Piping Welt Cords PE White foam - 6mm,UNMPL/SKU/26-27/231,Piping,Consumables,Product Utilities
Piping welt cord black 5mm,UNM/SKU/24-25/166,Piping,Raw Material,Product Utilities
Plastic leg(for substitute use) 7x7x6cm Black,UNM/SKU/23-24/312,Plastic Legs,Component,Product Utilities
POLYCARBONATE SHEET 12X3.5 FEET 6 NALI,UNMPL/SKU/25-26/1944,Plastic Sheet,Consumables,Factory Utilities
BLACK PLASTIC SHEET (TIRPAL) 18 FEET PANA,UNMPL/SKU/25-26/596,Plastic Sheet ,Consumables,Factory Utilities
VETO POWER CRYSTA 6M PLATE,UNMPL/SKU/25-26/2019,Plate,Electrical,Factory Utilities
PLASH,UNM/SKU/24-25/1937,Plier,Tool,Factory Utilities
Pliers,UNM/SKU/24-25/57,Plier,Consumables,Product Utilities
EPSON INK 005,UNMPL/SKU/25-26/718,Plotter Ink,Consumables,IT Utilities
Black cartridge 51645A,UNM/SKU/23-24/932,plotter ink,Consumables,Office Supplies
ANCHOR 3 PIN PLUG TOP 39572,UNMPL/SKU/25-26/1823,Plug,Electrical,Factory Utilities
PLUG TOP 6A 3PIN C&S,UNM/SKU/24-25/1498,Plug,Electrical,Factory Utilities
Three pin top,UNM/SKU/24-25/155,Plug ,Electrical,Factory Utilities
Veto 2 pin top pc,UNMPL/SKU/25-26/2048,Plug ,Electrical,Factory Utilities
Plywood FSC 8X4X12MM,UNM/SKU/24-25/1396,Plywood,Raw Material,Product Utilities
Plywood birch 8x4x25mm,UNM/SKU/24-25/1019,Plywood,Raw Material,Product Utilities
Plywood FSC 8X4X6MM,UNMPL/SKU/25-26/55,Plywood,Raw Material,Product Utilities
Plywood 8X4X18MM MR,UNM/SKU/24-25/995,Plywood,Raw Material,Product Utilities
Plywood Birch Plywood 7x4x12mm,UM-000731,Plywood,Raw Material,Product Utilities
Plywood Birch Plywood 8x4x12mm,UM-000357,Plywood,Raw Material,Product Utilities
Plywood Birch Plywood 8x4x18mm,UM-000315,Plywood,Raw Material,Product Utilities
Plywood 7X4X18MM MR,UNM/SKU/24-25/1262,Plywood,Raw Material,Product Utilities
Plywood 8X4X12MM MR,UNM/SKU/24-25/1025,Plywood,Raw Material,Product Utilities
Plywood Birch 8x4x8mm,UNMPL/SKU/25-26/765,Plywood,Raw Material,Product Utilities
Plywood molded flexi - 120*50,,Plywood,Raw Material,Product Utilities
Plywood molded flexi - 135*65,UNMPL/SKU/25-26/1444,Plywood,Raw Material,Product Utilities
Plywood Birch Plywood 6x4x12mm,UM-000730,Plywood,Raw Material,Product Utilities
Plywood Birch Plywood 7x4x18 mm,UM-000732,Plywood,Raw Material,Product Utilities
Plywood Birch Plywood 7x4x25mm,UM-000755,Plywood,Raw Material,Product Utilities
Plywood Carb 3rd grade Plywood 8x4x12mm,UNM/SKU/24-25/1306,Plywood,Raw Material,Product Utilities
Plywood Birch 8x4x18mm,UNM/SKU/24-25/1307,Plywood,Raw Material,Product Utilities
Plywood 8X4X6MM MR,UNM/SKU/24-25/1742,Plywood,Raw Material,Product Utilities
Plywood 8X4X12mm Carb certified E zero,UNMPL/SKU/26-27/86,Plywood,Raw Material,Product Utilities
Plywood 8x4x18mm Carb certified E zero,UNMPL/SKU/26-27/87,Plywood,Raw Material,Product Utilities
POCKET SPRING 68X31 (),UNMPL/SKU/25-26/417,Pocket Spring ,Raw Material,Product Utilities
POCKET SPRING 68X66 (),UNMPL/SKU/25-26/416,Pocket Spring ,Raw Material,Product Utilities
POCKET SPRING 74X68 (),UNMPL/SKU/25-26/414,Pocket Spring ,Raw Material,Product Utilities
POCKET SPRINGS 68 X 68 INCH (),UNMPL/SKU/25-26/415,Pocket Spring ,Raw Material,Product Utilities
POCKET SPRING 20X20 (),UNMPL/SKU/25-26/419,Pocket Spring ,Raw Material,Product Utilities
30 mm pocket spirng (),,Pocket Spring ,Raw Material,Product Utilities
30 mm pocket spirng 85 INCH (),UNMPL/SKU/25-26/467,Pocket Spring ,Raw Material,Product Utilities
POLISHING WHEEL U-5,UNMPL/SKU/25-26/592,Polish wheel ,Consumables,Factory Utilities
"Poly fiber 150GSM 60"""" FR Interliner TB117 Felt",UNM/SKU/24-25/157,Poly fiber,Raw Material,Product Utilities
Poly fiber Conjugated non Siliconized,UM-000142,Poly fiber,Raw Material,Product Utilities
Poly fiber Poly fiber Conjugated Siliconized,UNMPL/SKU/25-26/56,Poly fiber,Raw Material,Product Utilities
Polyfill 150 NS Comp. Wadding,UM-000046,Poly fiber,Raw Material,Product Utilities
Polyfill 125 GSM,UM-000704,Poly fiber,Raw Material,Product Utilities
"Polyfill 200GSM 50"""" Conjugated Polyster Wadding",UNM/SKU/23-24/616,Poly fiber,Raw Material,Product Utilities
"Polyfill 120GSM 60"""" FR Interlinner TB117 Felt",UM-000861,Poly fiber,Raw Material,Product Utilities
POLITHIN BEG PVC,UNM/SKU/24-25/599,Polythene  Bag,Packaging,Product Utilities
POLY BAG 10X7 INCH,UNMPL/SKU/25-26/436,Polythene  Bag,Consumables,Product Utilities
SMPS POWER SUPPLY (ANT GAMMING PRO INSTALLATION & REPAIR),UNMPL/SKU/25-26/1657,Power Supply ,Electrical,Factory Utilities
POWER SUPPLY / SMPS,UNMPL/SKU/25-26/551,Power Supply ,Electrical,Factory Utilities
13X19 BLACK PRINT,UNMPL/SKU/25-26/1669,Printed Sheet ,Stationery,Office Utilities
13X19 COLOR PRINT,UNMPL/SKU/25-26/2016,Printed Sheet ,Stationery,Office Utilities
USB PRINTER SWITCHER,UNMPL/SKU/25-26/641,Printer Switch ,Spares,IT Utilities
ITDL TONER POWDER (IHP-057),UNMPL/SKU/25-26/1847,Printer Toner,Consumables,IT Utilities
BLACK RIBBON FOR BAR PRINTING,UNMPL/SKU/25-26/1492,Printing Ribbon,Consumables,IT Utilities
ROUTER BIT 12.70X50X8,UNMPL/SKU/25-26/1900,Profile Bit ,Consumables,Product Utilities
E-1225  V GROOVE 100(4'')XB20X6MM,UNM/SKU/24-25/808,Profile Blade,Consumables,Product Utilities
ATB.SW.14.2515 Z3 FULL RAIDUS CUTTER  125X30X15Z-3,UNM/SKU/24-25/400,Profile Blade,Consumables,Product Utilities
ATB.QR.06.3618 TCT QUARTER RADIUS CUTTER 125X30X36X,UNMPL/SKU/25-26/2031,Profile Cutter,Consumables,Product Utilities
Puller 03 C DA E Parts - 502 (Cream),UM-000067,Puller,Consumables,Product Utilities
Puller 3 C DA E - 537 (Light Green),UM-000075,Puller,Consumables,Product Utilities
Puller 3 C DA E - 580 (Black),UM-000080,Puller,Consumables,Product Utilities
Puller 3 C DA E - 864 (Brown),UNM/SKU/24-25/362,Puller,Consumables,Product Utilities
Puller 3 C DA E - 870 (Heena),UM-000077,Puller,Consumables,Product Utilities
BARREL PUMP,UNMPL/SKU/25-26/314,Pump ,Asset,Factory Utilities
ABCD LETTER PUNCH,,Punch ,Tool,Factory Utilities
PUNCHING MACHINE DP 600,UNM/SKU/24-25/396,Punching Machine,Asset,IT Utilities
JK PUTTY 40 KG,UNM/SKU/23-24/744,Putti,Consumables,Product Utilities
Potting patti 8X6 INCH,UNM/SKU/24-25/1951,Putti,Consumables,Product Utilities
Putty ACRYLIC WALL PUTTY,UNMPL/SKU/25-26/2214,Putti,Consumables,Product Utilities
Potting patti 3X2,UNMPL/SKU/25-26/330,Putti,Consumables,Product Utilities
Wall putty,UNM/SKU/24-25/1950,Putti,Consumables,Product Utilities
RED MITTI POWDER,UNMPL/SKU/25-26/326,RED MITTI POWDER,Consumables,Product Utilities
38284 STEP REGULATOR ANCHOR,UNMPL/SKU/25-26/1226,Regulator,Electrical,Factory Utilities
VETO POWER 4 STEP REGULATOR 1M,UNMPL/SKU/25-26/501,Regulator,Electrical,Factory Utilities
Non Woven Fabric REXINE GRAY,UNM/SKU/23-24/738,REGZINE,Raw Material,Product Utilities
GRAY REGINE,UNM/SKU/23-24/899,REGZINE,Raw Material,Product Utilities
LEATHER ART-31,UNM/SKU/24-25/1735,REGZINE,Raw Material,Product Utilities
LEATHER ART 39,UNM/SKU/24-25/1736,REGZINE,Raw Material,Product Utilities
LEATHER ART - 35,UNM/SKU/24-25/1737,REGZINE,Raw Material,Product Utilities
COMFORT -2-211,UNM/SKU/24-25/1740,REGZINE,Raw Material,Product Utilities
TUSTRELL CHARIS EARTH,UNM/SKU/24-25/1741,REGZINE,Raw Material,Product Utilities
DARK BROWN REXINE,UNM/SKU/24-25/761,REGZINE,Raw Material,Product Utilities
Tan leatherette,UNM/SKU/24-25/860,REGZINE,Raw Material,Product Utilities
Fastener 8mm * 1.35mm rivet cotter pin,UNMPL/SKU/25-26/853,Rivets,Hardware,Product Utilities
RIVET 5/32 X 1/2 (LUCID & LINNER BED),UNMPL/SKU/25-26/1719,Rivets,Hardware,Product Utilities
RIVETS,UNMPL/SKU/25-26/306,Rivets,Hardware,Product Utilities
RIVIT 4.0,UNMPL/SKU/25-26/1154,Rivets,Hardware,Product Utilities
ROLLER GLUE APPLICATOR-3'',UNM/SKU/24-25/1392,Roller,Tool,Factory Utilities
ROLLER 6 INCH WHITE FOAM,UNMPL/SKU/25-26/2052,Roller,Tool,Factory Utilities
RUBBER FELT ROLLER,UNMPL/SKU/25-26/1948,Roller,Spares,Factory Utilities
WIRELESS ROUTER DULE BAND TP LINK EAP115,UNMPL/SKU/25-26/643,Router,Asset,IT Utilities
RUBBER SILICON PROFILE 6MM CARL SIR,UNMPL/SKU/25-26/496,RUBBER PROFILE,Consumables,Product Utilities
SPRING OF IRON AND STEEL (),UNMPL/SKU/25-26/2193,S Springs,Consumables,Product Utilities
SP3.6-03 (Reliable) (D : 3.6 mm HS : 50 mm T : 30 mm),UM-000068,S Springs,Consumables,Product Utilities
ZIG ZAG SPRING A 610MM (),UNMPL/SKU/25-26/2140,S Springs,Consumables,Product Utilities
ZIG ZAG SPRING B 610MM (),UNMPL/SKU/25-26/2141,S Springs,Consumables,Product Utilities
SP2.8-01 (D : 2.8 mm  HS : 45 mm  T : 25 mm) (Kg),,S Springs,Consumables,Product Utilities
CARGO NET REGULAR 8X8,UNMPL/SKU/25-26/2111,SAFETY NET,Packaging,Product Utilities
CONTAINER NET,UNM/SKU/23-24/875,SAFETY NET,Packaging,Product Utilities
Akari SANDER AT-4151,UNMPL/SKU/25-26/1740,Sander,Asset,Factory Utilities
AIR SANDER AT-4151 (SAS-531 STAAR),UNMPL/SKU/25-26/2092,Sander,Asset,Factory Utilities
Sanding Machine SAS-501,UNM/SKU/23-24/560,Sander,Asset,Factory Utilities
P120 1020 X 2000 SANDING BELT,UNM/SKU/24-25/1574,Sanding Belt,Consumables,Factory Utilities
P220 1020 X 2000 SANDING BELT,UNMPL/SKU/25-26/1323,Sanding Belt,Consumables,Product Utilities
P60 1020 X 2000 SANDING  BELT,UNM/SKU/24-25/1572,Sanding Belt ,Consumables,Factory Utilities
P80 1020 X 2000 SANDING BELT,UNM/SKU/24-25/1573,Sanding Belt ,Consumables,Factory Utilities
NON WOVEN HAND SCOTCH PADS RED 120MM,UNMPL/SKU/25-26/531,Sanding Belt ,Consumables,Factory Utilities
SANDING MACHINE WITH PAD,UNMPL/SKU/25-26/1728,Sanding Pad,Consumables,Factory Utilities
SANDING PU PAD,UNMPL/SKU/25-26/424,Sanding Pad,Consumables,Product Utilities
Mirka Sanding Paper 120 No.,UNM/SKU/23-24/251,Sanding Paper,Consumables,Product Utilities
Mirka Sanding Paper 220 No.,UNM/SKU/23-24/250,Sanding Paper,Consumables,Product Utilities
Mirka Sanding Paper 80 NO. PSA,UNM/SKU/23-24/511,Sanding Paper,Consumables,Product Utilities
Sanding Paper 320 no.,UNM/SKU/23-24/530,Sanding Paper,Consumables,Product Utilities
Sanding Paper 1000 no WATER PROOF,UNM/SKU/23-24/529,Sanding Paper,Consumables,Product Utilities
Sanding Paper 320 NO WATER PROOF,UNM/SKU/24-25/822,Sanding Paper,Consumables,Product Utilities
"Sanding Paper 5"""" DISC PAD",UNM/SKU/23-24/766,Sanding Paper,Consumables,Product Utilities
Sanding Paper Mirka 80 NO.,MM-01880,Sanding Paper,Consumables,Product Utilities
Sanding Paper SANDING FALT,UNMPL/SKU/25-26/1836,Sanding Paper,Consumables,Product Utilities
Sanding Paper SENDING GRAFITE 6'' X43'',UNMPL/SKU/25-26/1835,Sanding Paper,Consumables,Product Utilities
BCCS Z1 5 LTR BATHRUM CLEANER,UNMPL/SKU/25-26/2085,Sanding Paper,Consumables,Product Utilities
DETERGENT POWDER,UNMPL/SKU/25-26/1436,Sanding Paper,Consumables,Product Utilities
NAPHELENE BALL 100 GM,UNMPL/SKU/25-26/1763,Sanding Paper,Consumables,Product Utilities
SOAP- JO,UNMPL/SKU/25-26/1435,Sanding Paper,Consumables,Product Utilities
TISSU PAPPER SOFT PAPER 15GSM 26X30 -65/70 PCS APPRO,UNMPL/SKU/25-26/1431,Sanding Paper,Consumables,Product Utilities
TOILET ROLL,UNMPL/SKU/25-26/1754,Sanding Paper,Consumables,Product Utilities
VIM BAR 300 GM,UNMPL/SKU/25-26/1911,Sanding Paper,Consumables,Product Utilities
Self Drilling Screw 10 x 20,UNM/SKU/24-25/411,Scew,Consumables,Factory Utilities
SCISSORS JUPITER (KECHI),UNMPL/SKU/25-26/1649,Scissor,Tool,Factory Utilities
STAPLE PIN KANGARO 10NO ( 01 BOX- 20 PKT ),UNM/SKU/24-25/1844,Scissor,Tool,Factory Utilities
SCISSOR ( KENCHHI ),UNM/SKU/24-25/45,Scissor,Tool,Factory Utilities
Scotch Pad SCOTCH PAD,UNM/SKU/24-25/6,Scotch Pad,Consumables,Product Utilities
Machine Screw Screw PCS x,UNMPL/SKU/25-26/972,screw,Consumables,Product Utilities
MALE FEMALE SCREW,UNMPL/SKU/25-26/332,Screw,Hardware,Product Utilities
Self Drilling Screw 12 x 55,UNM/SKU/24-25/928,Screw,Hardware,Product Utilities
CHIPBOARD Screw 4 x 20,UM-000697,Screw,Hardware,Product Utilities
CHIPBOARD Screw 4 x 30,UM-000968,Screw,Hardware,Product Utilities
CHIPBOARD Screw 4 x 20 GOLDEN,UNM/SKU/24-25/86,Screw,Hardware,Product Utilities
CHIPBOARD Screw 4 x 35,UM-000685,Screw,Hardware,Product Utilities
Round Head Screw 4 x 25,UM-000669,Screw,Hardware,Product Utilities
16407-11 T/SPRING SET SCREW,UNMPL/SKU/25-26/1559,Screw,Spares,Factory Utilities
16407-12 T/REGULATING SCREW,UNMPL/SKU/25-26/1560,Screw,Spares,Factory Utilities
CHIPBOARD Screw 4 x 50,UNM/SKU/24-25/596,Screw,Hardware,Product Utilities
CHIPBOARD Screw 5 x 40,UNM/SKU/24-25/1512,Screw,Hardware,Product Utilities
CHIPBOARD Screw 5 x 75,UNM/SKU/23-24/547,Screw,Hardware,Product Utilities
WHITE CHIPBOARD SCREW Screw 3.5 x 20,UNMPL/SKU/25-26/303,Screw,Hardware,Product Utilities
WHITE CHIPBOARD SCREW Screw 5 x 60,UNMPL/SKU/25-26/1658,Screw,Hardware,Product Utilities
WHITE CHIPBOARD SCREW Screw 3.5 x 15,UNMPL/SKU/25-26/304,Screw,Hardware,Product Utilities
WHITE CHIPBOARD SCREW Screw 5 x 25,UNMPL/SKU/25-26/1653,Screw,Hardware,Product Utilities
CHIPBOARD Screw 4 x 16,UM-000964,Screw,Hardware,Product Utilities
CHIPBOARD Screw 4 x 25,UM-000679,Screw,Hardware,Product Utilities
CHIPBOARD Screw 4 x 40,UM-000689,Screw,Hardware,Product Utilities
CHIPBOARD Screw 5 x 50,UNM/SKU/23-24/393,Screw,Hardware,Product Utilities
Round Head Screw 4 x 20,UNM/SKU/23-24/164,Screw,Hardware,Product Utilities
T-20 Screw x,UNMPL/SKU/25-26/1830,Screw,Hardware,Product Utilities
Self Drilling Screw 4 x 25,UNM/SKU/23-24/522,Screw,Hardware,Factory Utilities
SCREW 9/64-40 L=9 / SS6090910TP,UNM/SKU/24-25/1975,Screw,Spares,Product Utilities
Screw HP SDS 12 x 35,MM-02329,Screw,Consumables,Product Utilities
CHIPBOARD Screw 5 x 60,UNM/SKU/24-25/1734,Screw,Consumables,Product Utilities
Round Head Screw 4 x 12,UM-000681,Screw,Hardware,Product Utilities
Round Head Screw 4 x 40,UM-000690,Screw,Hardware,Product Utilities
Round Head Screw 4 x 16,UM-000965,Screw,Hardware,Product Utilities
Round Head Screw 4 x 30,UNM/SKU/23-24/375,Screw,Hardware,Product Utilities
CHIPBOARD Screw 4 x 12,UNM/SKU/23-24/383,Screw,Hardware,Product Utilities
Round Head Screw 4 x 50,UNM/SKU/23-24/392,Screw,Hardware,Product Utilities
chip board screw Screw 4 x 25 GOLDEN,UNM/SKU/24-25/1031,Screw,Hardware,Product Utilities
minus slot panhead Screw 8 x 32,UNM/SKU/24-25/1570,Screw,Hardware,Product Utilities
minus slot panhead Screw 8 x 38,UNM/SKU/24-25/1697,Screw,Hardware,Product Utilities
CHIPBOARD Screw 3.5 x 15,UNMPL/SKU/25-26/1296,Screw ,Hardware,Product Utilities
CHIPBOARD Screw 5 x 100mm,UNMPL/SKU/25-26/392,Screw ,Hardware,Product Utilities
"Screw Driver ( PIN OPNER ) 8""""",UNM/SKU/24-25/305,Screw Driver,Tool,Factory Utilities
TAPERIYA SCREW DRIVER TWO IN ONE 9,UNMPL/SKU/25-26/502,Screw Driver,Tool,Factory Utilities
NC SEALER ( 601 C),UNMPL/SKU/25-26/1349,Sealer,Consumables,Product Utilities
Sealer RTU Ready to Use 502 c2 - VS Chemicals,UNMPL/SKU/25-26/5,Sealer,Consumables,Product Utilities
Sealer MARUDHAR N C SEALER R T U,UNMPL/SKU/25-26/2100,Sealer,Consumables,Product Utilities
Sealer Article no- 78777,,Sealer,Consumables,Product Utilities
Sealer sealer 67771.2 OPTICAL BRIGHTENER,UNM/SKU/24-25/212,Sealer,Consumables,Product Utilities
Sealer NC Nitro Cellulose NB 1048 NC Sealer,,Sealer,Consumables,Product Utilities
Sealer EM0072.0010.50,,Sealer,Consumables,Product Utilities
Sealer RTU SEALER PREMIUM,UNMPL/SKU/25-26/1369,Sealer,Consumables,Product Utilities
Sealer Acacia Walnut (S/B),UNM/SKU/23-24/349,Sealer,Consumables,Product Utilities
Sealer Acacia (W/B),UNM/SKU/23-24/348,Sealer,Consumables,Product Utilities
Sealer PCG-artical no-70380,UNM/SKU/23-24/762,Sealer,Consumables,Product Utilities
Seat Pad CHAIR PAD CASCADE,UNMPL/SKU/25-26/890,Seat Pad,Finished Goods,Product Utilities
Seat Pad CHAIR PAD GUSSEST,UNMPL/SKU/25-26/891,Seat Pad,Finished Goods,Product Utilities
Seat Pad CHAIR PAD KNIFE EDGE,UNMPL/SKU/25-26/889,Seat Pad,Finished Goods,Product Utilities
Seat Pad Leather Seat for Juneau Bench-Contemporary,UM-000131,Seat Pad,Finished Goods,Product Utilities
SEWING MACHINE PARTS,UNMPL/SKU/25-26/2192,Sewing Machine Part ,Spares,Factory Utilities
Metal Frame SIDE TABLE (BRASS ANTIQUE),UNMPL/SKU/25-26/1582,Side Table,Component,Product Utilities
Metal Frame SIDE TABLE (GOLD MATT),UNMPL/SKU/25-26/1583,Side Table,Component,Product Utilities
Container Dri II - Hanging type,UM-000756,Silica,Packaging,Product Utilities
Silica 6 gms Desipak Craft Paper,UM-000825,Silica,Packaging,Product Utilities
Silica CLARIANT 250 GM WHITE STEEL HANGER,UNMPL/SKU/25-26/2139,Silica,Packaging,Product Utilities
Silica Container Dri II - Hanging Type,UM-000826,Silica,Packaging,Product Utilities
Silica Container super Dri -desiccant,UNMPL/SKU/25-26/2138,Silica,Packaging,Product Utilities
Silica Micro - Dry 6gm - Craft Paper,UNMPL/SKU/26-27/311,Silica,Consumables,Product Utilities
Silicon Gun tk-128,UNMPL/SKU/25-26/1042,Silicon Gun ,Asset,Factory Utilities
"Slats Pin (Aluminium 1"""")",UM-000391,Slat Pins,Hardware,Product Utilities
MIRCHI BADA,UNMPL/SKU/25-26/1903,Snacks,Welfare,Factory Utilities
NAMKEENS (SAMOSA),UNMPL/SKU/25-26/1416,Snacks,Welfare,Factory Utilities
PYAJ KCHORI,UNMPL/SKU/25-26/2021,Snacks,Welfare,Factory Utilities
POWER SOCKET 16 A PORCELINE,UNM/SKU/23-24/984,Socket ,Electrical,Factory Utilities
Socket 6A,UNM/SKU/24-25/1384,Socket ,Electrical,Factory Utilities
VETO SOCKET POWER 6A 2 IN 1,UNM/SKU/23-24/982,Socket ,Electrical,Factory Utilities
Q R C  SOCKET 8 X 12,UNMPL/SKU/25-26/1547,Socket ,Consumables,Factory Utilities
Q R C SOCKET 8 X 5,UNMPL/SKU/25-26/1548,Socket ,Consumables,Factory Utilities
ALISON SOFA,UNMPL/SKU/25-26/1666,Sofa,Finished Goods,Product Utilities
SOFT PIN REPAIR ( SANJAY TEKTEAM),UNMPL/SKU/25-26/2131,Soft Pin ,Consumables,Factory Utilities
DATA INTERGRATION AND CLOUD CONFIGURATION,UNMPL/SKU/25-26/488,Software,Service,IT Utilities
KAYA- 1,UNMPL/SKU/25-26/119,Soldering Gun ,Electrical,Factory Utilities
KAYA-2,UNMPL/SKU/25-26/58,Soldering Gun ,Electrical,Factory Utilities
SOLDERING GUN INGCO MACHINE ( KAYA ),UNM/SKU/24-25/450,Soldering Gun ,Tool,Factory Utilities
SPANNERS 6X7,UNM/SKU/24-25/1024,Spaner,Tool,Factory Utilities
SPANNER 10 X 11,UNMPL/SKU/25-26/701,Spanner,Tool,Factory Utilities
Spanner Fix SET 12 PC (6-32),UNMPL/SKU/25-26/2216,Spanner,Tool,Factory Utilities
Spanner Ring SET 12PC (6-32),UNMPL/SKU/25-26/2217,Spanner,Tool,Factory Utilities
FIX SPANNER 16/17,UNMPL/SKU/25-26/2013,Spanner,Tool,Factory Utilities
SPANNER 8/9,UNMPL/SKU/25-26/2014,Spanner,Tool,Factory Utilities
T SPANNER HANDLE 13 MM,UNMPL/SKU/25-26/2029,Spanner,Tool,Factory Utilities
SPANNER 16/17,UNMPL/SKU/25-26/1161,Spanner,Tool,Factory Utilities
SPANNER 10/11,,Spanner,Tool,Factory Utilities
SPANNER 12/13,UM-000958,Spanner,Tool,Factory Utilities
Spanner  Wrench 14/15,UNM/SKU/23-24/308,Spanner,Tool,Factory Utilities
SPANNER SET 12/100M,UNM/SKU/24-25/1408,Spanner,Tool,Factory Utilities
Double open end spanner20x22,UNMPL/SKU/25-26/1109,Spanner,Tool,Factory Utilities
SEWING MACHINE MOTOR,UNMPL/SKU/25-26/1412,Spares,Spares,Factory Utilities
SPEED CONTROL VALLE 1/4X8MM,UNMPL/SKU/25-26/1501,Speed Control ,Spares,Factory Utilities
SPEED CONTROLLER (PORT),UNMPL/SKU/25-26/2123,Speed Control ,Spares,Factory Utilities
BIRD SPIKS,UNM/SKU/24-25/1409,Spikes,Consumables,Factory Utilities
Spray Gun PILOT 500ML TYPE 59 PILOT 500ML TYPE 59,UNMPL/SKU/25-26/486,Spray Gun,Tool,Factory Utilities
Spray Gun SPRAY GUN PM-01(POLISH),UNMPL/SKU/25-26/1106,Spray Gun,Tool,Factory Utilities
Spray Gun 59,UNM/SKU/23-24/521,Spray Gun,Tool,Factory Utilities
Spray Gun HVLP SPRAY GUN 0.8MM,UNMPL/SKU/25-26/1857,Spray Gun,Tool,Factory Utilities
Spray Gun Akari 1.4mm 600ml HVLP Spray Gun (H-827P),UNM/SKU/24-25/585,Spray Gun ,Tool,Factory Utilities
Spray Gun PT-01,UNMPL/SKU/25-26/1897,Spray Gun ,Tool,Factory Utilities
SPRING (BALAJI ENTERPRISES),UNMPL/SKU/26-27/71,Spring ,Consumables,Product Utilities
Spring Tie Paper Wire MS Papper 8 MM (Mtr),,Spring Tie,Consumables,Product Utilities
Spring Tie Paper Wire MS Papper 8 MM (m),,Spring Tie,Consumables,Product Utilities
Spring Tie Paper Wire MS Papper 8 MM,,Spring Tie ,Consumables,Product Utilities
Dicco Black Matt,,Stain,Consumables,Product Utilities
BLACK BROWN WOOD Stain N/C,UNMPL/SKU/25-26/1488,Stain,Consumables,Product Utilities
Cream PE Wood Stain,UNMPL/SKU/25-26/2185,Stain,Consumables,Product Utilities
WOOD Stain WALNUT,UNM/SKU/23-24/967,Stain,Consumables,Product Utilities
Dicco Black 1229 N C DICCO SB,UNMPL/SKU/25-26/345,Stain,Consumables,Product Utilities
Dicco White N C 1238 SB,UNMPL/SKU/25-26/208,Stain,Consumables,Product Utilities
1013 TEAK HONEY S B,UNMPL/SKU/25-26/1555,Stain,Consumables,Product Utilities
1042 JET BLACK SB,UNMPL/SKU/25-26/528,Stain,Consumables,Product Utilities
Stain Dark honey W.B - VS CHEMICALS,,Stain,Consumables,Product Utilities
MARUDHAR MCR-298 WOOD STAIN,UNMPL/SKU/25-26/2097,stain,Consumables,Product Utilities
Dicco Blue,UNMPL/SKU/25-26/2079,Stain,Consumables,Product Utilities
Dicco UNIVERSAL HIGH POWER STAINER 100 ML,UNMPL/SKU/25-26/1817,Stain,Consumables,Factory Utilities
SPRAY BROWN (NAVKAR),UNMPL/SKU/25-26/1613,stain,Consumables,Product Utilities
Article NO 76039 DARK AGRA Stain CONCENTRATE,UNM/SKU/24-25/466,Stain,Consumables,Product Utilities
BLACK OIL,UNM/SKU/24-25/467,Stain,Consumables,Product Utilities
Pattina concentrate walnut Article no- 75104A,UNM/SKU/23-24/943,Stain,Consumables,Product Utilities
PCG  VINTAGE OIL ARTICLE NO. 77610.43 WAX OIL VINTAGE,UNM/SKU/24-25/1583,Stain,Consumables,Product Utilities
BLACK Stain JS 3907,UNMPL/SKU/25-26/2108,Stain,Consumables,Product Utilities
BLACK Stain S/B JS-08E25-01,UNMPL/SKU/25-26/656,Stain,Consumables,Product Utilities
BORWN GREY Stain TSM-17I25-01,UNMPL/SKU/25-26/1406,Stain,Consumables,Product Utilities
BROWN STIAN TSM 09H19-01,,Stain,Consumables,Product Utilities
Grey Stain SB TSM-19F-02,UNMPL/SKU/25-26/979,Stain,Consumables,Product Utilities
HONEY OAK Stain TSM-09C23-04,UNMPL/SKU/25-26/1293,Stain,Consumables,Product Utilities
JS 3937 wenge Stain - Technovace,UNM/SKU/24-25/236,Stain,Consumables,Product Utilities
SMOKED WALNUT Stain JS-16c21-02,UNMPL/SKU/25-26/440,Stain,Consumables,Product Utilities
UNI HONEY Stain JU-5235,UNMPL/SKU/25-26/514,Stain,Consumables,Product Utilities
Dicco Black AND LEQUEAR,UNM/SKU/24-25/762,Stain,Consumables,Product Utilities
Stain WHITE Stain XS 02,UNMPL/SKU/25-26/2354,Stain,Consumables,Product Utilities
NC STAIN- UNM (20LTR),UNMPL/SKU/25-26/1367,Stain,Consumables,Product Utilities
Stain NC Stain -UM03 CARBON,UNMPL/SKU/25-26/2330,Stain,Consumables,Product Utilities
SB GRAY STAIN TSM19F19-02,UNMPL/SKU/25-26/868,Stain,Consumables,Product Utilities
911.330 Lt Grey Brown,UNM/SKU/23-24/500,Stain,Consumables,Product Utilities
PCG-ST-009,UNM/SKU/24-25/403,Stain,Consumables,Product Utilities
Thinner Black stian PCG-R-345,UNM/SKU/23-24/686,Stain,Consumables,Product Utilities
Stain 50 ml cular mix,UNMPL/SKU/26-27/158,Stain,Consumables,Product Utilities
SILVER PATINA,UNM/SKU/24-25/177,Stain ,Consumables,Product Utilities
X39 P 005 KT WUDGLO WOOD STAIN,UNMPL/SKU/25-26/1826,Stain ,Consumables,Product Utilities
WOOD Stain ROSEWOOD,UNM/SKU/23-24/968,Stain ,Consumables,Product Utilities
WOOD Stain TEAK,UNM/SKU/23-24/966,Stain ,Consumables,Product Utilities
VS CHEMICALS   JET BLACK,,stain ,Consumables,Product Utilities
Walnut colour W/B  (v.s. chemical),,Stain ,Consumables,Product Utilities
COSMOS D RUST (400ML WD40),UNMPL/SKU/25-26/1612,Stain ,Consumables,Product Utilities
JS-22G25-01 VILLAGE BROWN Stain SB,UNMPL/SKU/25-26/1408,Stain ,Consumables,Product Utilities
Sealer RTU Ready to Use NB1048  TECKNOVACE,,Stain ,Consumables,Product Utilities
CONCE WENGUE JS3937,UNM/SKU/24-25/1393,Stain ,Consumables,Product Utilities
WALNUT Stain JS3947,UNMPL/SKU/25-26/1407,Stain ,Consumables,Product Utilities
H.1116.00.0000.00,UNMPL/SKU/25-26/384,Stain ,Consumables,Product Utilities
Stain BROWN XS 166,UNMPL/SKU/25-26/2355,Stain ,Consumables,Product Utilities
Stain YELLOW,UNMPL/SKU/25-26/2356,Stain ,Consumables,Product Utilities
WHITE WASH (CARBON AWD 111 ),UNMPL/SKU/25-26/1311,Stain ,Consumables,Product Utilities
PAINT & LABEL REMOVER (CLEAR),UNMPL/SKU/25-26/1243,Stain Remover ,Consumables,Product Utilities
SYCOAT PAINT REMOVER,UNMPL/SKU/25-26/913,Stain Remover ,Consumables,Product Utilities
CLNG-CHEM-200ML (LEATHER CLEANER),UNMPL/SKU/25-26/876,Stain Remover ,Consumables,Product Utilities
Staple 80/06mm,UM-000203,Staple,Hardware,Product Utilities
Staple 80/08mm,UM-000199,Staple,Hardware,Product Utilities
Staple 80/10mm,UM-000200,Staple,Hardware,Product Utilities
Staple 80/12mm,UM-000201,Staple,Hardware,Product Utilities
Staple 80/16mm,UM-000202,Staple,Hardware,Product Utilities
Staple 100/16 mm Stapler U Pin (pc),,Staple,Hardware,Product Utilities
Staple 80/09mm,UNM/SKU/23-24/354,Staple,Hardware,Product Utilities
Staple U PIN N21-50MM (pc),,Staple,Hardware,Product Utilities
Staple 23/8H PIN,UNM/SKU/24-25/1076,Staple,Hardware,Product Utilities
Staple PIN 14/35 NK - 38MM (BEA) (pc),,Staple,Hardware,Product Utilities
Staple 100/25mm Stapler Pin (pc),,Staple,Hardware,Product Utilities
Stapler Gun Machine Kaymo - ECO 80/16-LN,UNM/SKU/24-25/1833,Staple Gun ,Tool,Factory Utilities
STAPLE GUN MACHINE AKARI (AT-4151),UNM/SKU/24-25/242,Staple Gun ,Asset,Factory Utilities
Staple PIN 14/35 NK - 38MM (BEA) (pkt of 19500 pc),,Staple Pin ,Consumables,Product Utilities
Staple U PIN N21-50MM (pkt of 7000 pc),,Staple Pin ,Consumables,Product Utilities
"Screw Driver ( PIN OPNER ) 6""""",UNM/SKU/24-25/306,Staple remover,Tool,Factory Utilities
Stapler Pin Remover - ISR 134,UNMPL/SKU/25-26/665,Staple remover,Tool,Factory Utilities
Stapler Gun MILES NAILER 80-16 L GUN,UNMPL/SKU/25-26/719,Stapler Gun,Tool,Factory Utilities
Stapler Gun AIR NAILER T-50 (AKARI F50),UNMPL/SKU/25-26/2091,Stapler Gun,Tool,Factory Utilities
Stapler Gun PENU STAPLER AK 8016 B,UNMPL/SKU/25-26/2096,Stapler Gun,Tool,Factory Utilities
Staple 80/10 (Black),UM-000197,Staples,Consumables,Product Utilities
Stapler Gun Machine Miles MS 80-16N,UNMPL/SKU/25-26/662,Stapling Gun ,Tool,Factory Utilities
3.5 AMP RELAY DAUL STARTER,UNMPL/SKU/25-26/2237,Starter,Electrical,Factory Utilities
TC RELAY3.5 AMP DOUL WITH STARTER,UNMPL/SKU/25-26/2250,Starter,Electrical,Factory Utilities
J HOOK SMALL,UNMPL/SKU/25-26/334,Stationary,Hardware,Office Utilities
PEN,UNM/SKU/24-25/43,STATIONARY,Consumables,Product Utilities
A4 JK RIM 70 GSM,UNM/SKU/24-25/1523,STATIONARY,Consumables,Office Utilities
VOUCHER PAD,UNM/SKU/24-25/1296,STATIONARY,Consumables,Office Utilities
WHITE BOARD PARMANENT MARKER,UNM/SKU/23-24/1027,STATIONARY,Consumables,Office Supplies
HIGHLIGHTER,UNM/SKU/24-25/1677,Stationary,Stationery,Office Utilities
ATTENDENCE REGISTER 44 NAME,UNMPL/SKU/25-26/2038,STATIONARY,Consumables,Office Supplies
BINDER CLIPS,UNMPL/SKU/25-26/2316,STATIONARY,Consumables,Office Supplies
CD MARKER,UNM/SKU/23-24/848,STATIONARY,Consumables,Office Supplies
CHART PAPER,UNMPL/SKU/25-26/2409,STATIONARY,Consumables,Office Supplies
Fevicol tube,UNMPL/SKU/25-26/2361,STATIONARY,Consumables,Office Supplies
FOLDER BAG,UNM/SKU/24-25/1536,STATIONARY,Consumables,Office Supplies
GATE REGISTER 144 PAGE,UNMPL/SKU/25-26/2039,STATIONARY,Consumables,Office Supplies
Index box file loda 4'',UNM/SKU/24-25/1111,STATIONARY,Consumables,Office Supplies
NATRAJ PAPER CUTTER,UNM/SKU/23-24/852,STATIONARY,Consumables,Office Supplies
NATRAJ PENCIL,UNM/SKU/23-24/850,STATIONARY,Consumables,Office Supplies
Paper Cutter blade,UNM/SKU/23-24/935,STATIONARY,Consumables,Office Supplies
PEN -2,UNM/SKU/24-25/587,STATIONARY,Consumables,Office Supplies
REGISTER NEELKAMAL 288 PAGE,UNMPL/SKU/25-26/2242,STATIONARY,Consumables,Office Supplies
"SCALE STEEL 12""""",UNM/SKU/23-24/851,STATIONARY,Consumables,Office Supplies
SCALE STEEL 40 INCH,UNMPL/SKU/25-26/438,STATIONARY,Consumables,Office Supplies
SHEET PROTECTER BIGGER THAN A4,UNM/SKU/24-25/93,STATIONARY,Consumables,Office Supplies
SKETCH PEN,UNM/SKU/23-24/856,STATIONARY,Consumables,Office Supplies
SPIRAL DAIRY WITH 5 SUBJECT LUXER,UNM/SKU/24-25/1640,STATIONARY,Consumables,Office Supplies
SPRING FILE,UNM/SKU/23-24/1028,STATIONARY,Consumables,Office Supplies
STAPLE PIN KANGARO 24/6,UNMPL/SKU/25-26/1834,STATIONARY,Consumables,Office Supplies
STEPLER KANGARO HP 45,UNMPL/SKU/25-26/1831,STATIONARY,Consumables,Office Supplies
STICK NOTES RS PR 3,UNMPL/SKU/25-26/1290,STATIONARY,Consumables,Office Supplies
WHITE BOARD REFILLEBLE MARKER & EASY WIPE,UNM/SKU/24-25/456,STATIONARY,Consumables,Office Supplies
WHITE PENCIL,UNM/SKU/23-24/849,STATIONARY,Consumables,Office Supplies
FEVISTICK 25GM,UNM/SKU/24-25/1518,STATIONARY,Consumables,Office Supplies
SPIRAL DAIRY,UNMPL/SKU/25-26/2309,STATIONARY,Consumables,Office Supplies
SHARPENER,UNM/SKU/24-25/1294,STATIONARY,Consumables,Office Supplies
SHEET PROTECTOR FOLDER,UNM/SKU/23-24/1029,STATIONARY,Consumables,Office Supplies
VOUCHER FILE LODHA,UNMPL/SKU/25-26/689,STATIONARY,Consumables,Office Supplies
WHITENER,UNM/SKU/24-25/1639,STATIONARY,Consumables,Office Supplies
WHITENER CORRECTION TAPE,UNMPL/SKU/25-26/1690,STATIONARY,Consumables,Office Supplies
STEP DRILL L4-20MM,UNMPL/SKU/25-26/2028,Stationary ,Consumables,Product Utilities
RUBBER BEND,UNMPL/SKU/25-26/1604,Stationary ,Consumables,Office Supplies
AA RING FILE RB 402 SPRING FILE,UNMPL/SKU/25-26/92,Stationary ,Consumables,Product Utilities
STEPLER (KANGARO),UNM/SKU/24-25/44,Stationary ,Consumables,Product Utilities
Stapler Gun Miles - ECO 80/16-LN,UNMPL/SKU/25-26/663,Stepler Gun ,Tool,Factory Utilities
Stapler Gun Machine Kaymo,UNM/SKU/23-24/345,Stepler Gun ,Tool,Factory Utilities
"Operator Stool Model No.3 ( 12""""X15""""x20"""" ) duly powder coated in white clr",UNM/SKU/23-24/49,Stools,Asset,Factory Utilities
"Operator STools Model No.3 ( 12""""X15""""x20"""" ) duly powder coated in white clr",,Stools,Asset,Factory Utilities
Double shelf option 2,UNM/SKU/24-25/1962,storage shelf,Asset,Factory Utilities
Metal Structure IRON SHOWROOM SELF BIG/MEDIUM/SMALL,UNMPL/SKU/25-26/473,Storage Shelf,Asset,Factory Utilities
"Packing STRECH FILM ROLL 18""""",UNM/SKU/24-25/161,Strech Film ,Packaging,Product Utilities
"PVC Strech Film Roll 6""""",UNM/SKU/23-24/380,Strech Film ,Packaging,Product Utilities
PACKING PLASTIC STRIP CLIP 300X12MM,UNMPL/SKU/25-26/1229,Strip Clip ,Packaging,Product Utilities
SUNBOARD FOR AUDIT,UNMPL/SKU/25-26/2015,Sunboard ,Consumables,Product Utilities
SPRAY PANEL,UNMPL/SKU/25-26/2194,Swatch ,Sample,Factory Utilities
SPRAY PANEL(BOTAL) PVC,UNM/SKU/24-25/174,Swatch ,Sample,Product Utilities
GULAB JAMUN,UNMPL/SKU/25-26/1417,sweet,Welfare,Factory Utilities
RABRI LADDU (KG),UNMPL/SKU/25-26/1902,Sweet,Welfare,Factory Utilities
SWEET BOX (BROWN),UNMPL/SKU/25-26/1413,Sweet ,Welfare,Factory Utilities
SWEET BOX (LIGHT CREAM GREEN),UNMPL/SKU/25-26/1414,Sweet ,Welfare,Factory Utilities
SWEET BOX (PINK),UNMPL/SKU/25-26/1415,Sweet ,Welfare,Factory Utilities
WAFFRES,UNMPL/SKU/25-26/1904,Sweet ,Welfare,Factory Utilities
SWITCH 6A,UNM/SKU/23-24/981,Switch,Electrical,Factory Utilities
NO/NC ELEMENT,UNMPL/SKU/25-26/538,SWITCH,Electrical,Factory Utilities
38194 SWITCH 6A ANCHOR,UNMPL/SKU/25-26/1227,Switch,Electrical,Factory Utilities
6A SWITCH SCREW WALA,UNMPL/SKU/25-26/2252,Switch,Electrical,Factory Utilities
SWITCH HQ,UNM/SKU/24-25/1369,Switch,Electrical,Factory Utilities
TENDA 5 PORT SWITCH,UNMPL/SKU/25-26/924,Switch ,Electrical,Factory Utilities
VETO VX FLAT SWITCH 16A 1M 1w,UNM/SKU/24-25/435,Switch ,Electrical,Factory Utilities
VETO VX FLAT SWITCH 6A 1M,UNM/SKU/23-24/983,Switch ,Electrical,Factory Utilities
BED SWITCH,UNMPL/SKU/25-26/1735,Switch ,Electrical,Factory Utilities
Swivel metal base CHAIR BASE 5 LEG NEW MODEL,UNMPL/SKU/26-27/316,Swivel Base,Component,Product Utilities
Swivel metal base CHAIR BASE 5 LEG OLD MODEL,UNMPL/SKU/26-27/317,Swivel Base,Component,Product Utilities
ROTATING PLATE,UNMPL/SKU/25-26/1389,Swivel Plate ,Component,Product Utilities
TURNPLATE ROTATE 360'' ROTATING PLATE 10 X 10,UNMPL/SKU/25-26/418,Swivel Plate ,Component,Product Utilities
"12"""" x 12"""" plate pc (1339)",UNMPL/SKU/25-26/1205,Swivel Plate ,Component,Product Utilities
SEAT PLATE SMART,UNMPL/SKU/25-26/1373,Swivel Plate ,Component,Product Utilities
MARBLE END TABLE @ 18% TOREBTI CUBE 18X18X18,UNMPL/SKU/25-26/2315,Table,Finished Goods,Product Utilities
MARBLE ROUND SIDE TABLE- BANSWARA WHITE,UNMPL/SKU/25-26/1398,Table,Finished Goods,Product Utilities
MARBLE ROUND SIDE TABLE- BANSWARA WHITE MARBLE TAP,UNMPL/SKU/25-26/1397,Table,Finished Goods,Product Utilities
ROUND TABLE FOR PAINT BOOTH,UNMPL/SKU/25-26/1890,Table,Asset,Factory Utilities
S/3 MOP Table with turned legs (white top),UNM/SKU/24-25/1726,Table,Finished Goods,Product Utilities
S/2 MOP Table with carved legs (grey top),UNM/SKU/24-25/1728,Table,Finished Goods,Product Utilities
"WOODEN TOP 36*30*1""""",UNM/SKU/24-25/225,Table,Finished Goods,Product Utilities
KATTA PATTI CLIP CHAIN,UNM/SKU/24-25/1658,Tack Strip,Consumables,Product Utilities
Katta patti big,UM-000962,Tack Strip,Consumables,Product Utilities
School Chalk,UNM/SKU/23-24/531,Tailor Chalk,Consumables,Factory Utilities
TAILOR CHOK,UNMPL/SKU/25-26/437,Tailor Chalk ,Consumables,Factory Utilities
PVC TUTI-B,UNMPL/SKU/25-26/2018,Tap,Plumbing,Factory Utilities
PVC TUTI -A,UNMPL/SKU/25-26/2017,Tap ,Plumbing,Factory Utilities
Tap Set 10MM,UNMPL/SKU/26-27/22,Tap Set ,Tool,Factory Utilities
WATER PROOF Tape 4 INCH,UNMPL/SKU/25-26/716,Tape,Electrical,Factory Utilities
BIOCON TAPE 15 MTR,UNMPL/SKU/25-26/2232,Tape,Electrical,Factory Utilities
COPPER TERMINAL 35MM T/T H/D,UNMPL/SKU/25-26/1540,Terminal,Electrical,Factory Utilities
COPPER TERMINAL 50MM T/T,UNMPL/SKU/25-26/1539,Terminal,Electrical,Factory Utilities
COPPER TERMINAL 95MM T/T,UNMPL/SKU/25-26/1881,Terminal ,Electrical,Factory Utilities
P type terminal 2.5mmin,UNMPL/SKU/25-26/2000,Terminal ,Electrical,Factory Utilities
Ring type terminal copper 2.5mm,UNMPL/SKU/25-26/1999,Terminal ,Electrical,Factory Utilities
ELECTRIC TESTER,UNM/SKU/23-24/988,Tester ,Tool,Factory Utilities
"Packing LAILA MIRROR - Thermocol 50.25""""X34.5""""X2.75""""+1.5"""" WITH-39""""X23""""X12.5MM AA112",UNMPL/SKU/25-26/775,Thermocol Block ,Packaging,Product Utilities
"Packing NYRA MIRROR - Thermocol 32.25""""X51""""X3""""+1.5"""" WITH 22.5""""X41""""X12.5MM AA107",UNMPL/SKU/25-26/774,Thermocol Block ,Packaging,Product Utilities
"Packing Packing LAILA 2 DRAWER - Thermocol 28""""*22""""*5""""+5"""" AA117 AA109",UNMPL/SKU/25-26/805,Thermocol Block ,Packaging,Product Utilities
"Packing Packing LAILA 6 DRAWER - Thermocol 67""""*23""""*5""""+5"""" AA117 AA117",UNMPL/SKU/25-26/803,Thermocol Block ,Packaging,Product Utilities
"Thermocol D-10 -block - 22.5""""x16""""x6"""" (Nyra 2 Drawer)",UNMPL/SKU/25-26/1082,Thermocol Block ,Packaging,Product Utilities
"Thermocol -D10 -BLOCK- 60""""X16""""X6"""" (Dyra 6 Drawer)",UNMPL/SKU/25-26/1083,Thermocol Block ,Packaging,Product Utilities
"Thermocol -D10- BLOCK -70.75""""X5""""X10""""(postking bed)",UNMPL/SKU/25-26/1063,Thermocol Block ,Packaging,Product Utilities
"Thermocol -D-10-block - 67""""X6""""X8"""" (Nyra Bed)",UNMPL/SKU/25-26/1084,Thermocol Block ,Packaging,Product Utilities
"Thermocol -D10 -BLOCK- 70""""X5""""X12"""" (Stonehenge King Bed)",UNMPL/SKU/25-26/1053,Thermocol Block ,Packaging,Product Utilities
Thinner SYNTHETI THINNER 800ML,UNMPL/SKU/25-26/1307,Thinner,Consumables,Product Utilities
Thinner Solvent SYN.,UNM/SKU/23-24/287,Thinner,Consumables,Product Utilities
Thinner NC,UM-000918,Thinner,Consumables,Product Utilities
THINNER NC FOR POLISH,,Thinner,Consumables,Product Utilities
NC 2 020 LT NC THINNER (POLISH),,Thinner,Consumables,Product Utilities
0007 SYNTHETIC THINNER ( TARPIN),UNMPL/SKU/25-26/466,Thinner,Consumables,Product Utilities
0012 IND RETARDER,UNMPL/SKU/25-26/1442,Thinner,Consumables,Product Utilities
NC RITADEAR,UNMPL/SKU/25-26/714,Thinner,Consumables,Product Utilities
Thinner TH 4005- PU THINNER,UNMPL/SKU/25-26/1579,Thinner,Consumables,Product Utilities
Thinner Acrylic/ PU thinner TTI232,UNMPL/SKU/25-26/2211,Thinner,Consumables,Product Utilities
Thinner NC 2 020 LT NC THINNER (POLISH),UNM/SKU/24-25/1837,Thinner,Consumables,Product Utilities
Thinner N.C THINNER FOR CLEANING,UNM/SKU/24-25/1428,Thinner,Consumables,Product Utilities
Thinner KUPSA - PU THINNER DU5004L,UNM/SKU/24-25/495,Thinner,Consumables,Product Utilities
Thread TAGING THREAD,UNMPL/SKU/25-26/456,Thread,Consumables,Product Utilities
Thread 2 no thread,UNM/SKU/23-24/1006,Thread,Consumables,Product Utilities
Thread 30 NO THREAD,UNMPL/SKU/25-26/1554,Thread,Consumables,Product Utilities
Thread 000 TERA 10,UNMPL/SKU/25-26/1134,Thread,Consumables,Product Utilities
Thread 1 TERA 10,UNMPL/SKU/25-26/1170,Thread,Consumables,Product Utilities
Thread 124 MARA 30 300 METER,UNM/SKU/24-25/173,Thread,Consumables,Product Utilities
Thread 230 TERA 10,UNMPL/SKU/25-26/1172,Thread,Consumables,Product Utilities
Thread 232 TERA 10,UNMPL/SKU/25-26/1132,Thread,Consumables,Product Utilities
Thread 396 TERA 10,UNMPL/SKU/25-26/1111,Thread,Consumables,Product Utilities
Thread 3973 TERA 20 (600M),UNMPL/SKU/25-26/2326,Thread,Consumables,Product Utilities
Thread 3973 TERA 30 (900 MTR),UNMPL/SKU/25-26/2325,Thread,Consumables,Product Utilities
Thread 448 TERA 10,UNMPL/SKU/25-26/1173,Thread,Consumables,Product Utilities
Thread 701 TERA 10,UNMPL/SKU/25-26/1133,Thread,Consumables,Product Utilities
Thread 702277-111 Mara 50 500m,UM-000110,Thread,Consumables,Product Utilities
Thread 702277-186 Mara 50 500m (roll),,Thread,Consumables,Product Utilities
Thread 702277-3796 Mara 50 500m Roll (roll),,Thread,Consumables,Product Utilities
Thread 702404-131 Mara 30 300m (Roll),,Thread,Consumables,Product Utilities
Thread 702404-143 Mara 30 300m,UM-000111,Thread,Consumables,Product Utilities
Thread 702404-186 Mara 30 300m (roll),,Thread,Consumables,Product Utilities
Thread 702404-245 Mara 30 300m (Roll),,Thread,Consumables,Product Utilities
Thread 702404-3796 Mara 30 300m (Roll),,Thread,Consumables,Product Utilities
Thread 702404-40 Mara 30 300m (Roll),,Thread,Consumables,Product Utilities
Thread 704601-124 Tera 30 (900 METER) (roll),,Thread,Consumables,Product Utilities
Thread 704687-124 Tera 20 (600 METER) (roll),,Thread,Consumables,Product Utilities
Thread 715557-111 A 100 5000m (Roll),,Thread,Consumables,Product Utilities
Thread 722 TERA 20,UNM/SKU/24-25/162,Thread,Consumables,Product Utilities
Thread 722 TERA 30,UNM/SKU/24-25/163,Thread,Consumables,Product Utilities
Thread Col 414 Tera 20,UNM/SKU/24-25/219,Thread,Consumables,Product Utilities
Thread Tera 20 600m col. 5662,UM-000122,Thread,Consumables,Product Utilities
Thread tera 30 900m col. 5662,UNM/SKU/24-25/326,Thread,Consumables,Product Utilities
Thread 702277-111 Mara 50 500m (Roll),,Thread,Consumables,Product Utilities
Thread THREAD 156 TERA 10,,Thread,Consumables,Product Utilities
Thread 702277-257 Mara 50 500m (Roll),,Thread,Consumables,Product Utilities
Thread 702404-697 Mara 30 300m (Roll),,Thread,Consumables,Product Utilities
Thread 702277-417 Mara 50 500m (Roll),,Thread,Consumables,Product Utilities
Thread 702277-432 Mara 50 500m (Roll),,Thread,Consumables,Product Utilities
Thread 702404-432 Mara 30 300m (roll),,Thread,Consumables,Product Utilities
Thread 702404-259 Mara 30 300m (Roll),,Thread,Consumables,Product Utilities
Thread 702277-131 Mara 50 500m (Roll),,Thread,Consumables,Product Utilities
Thread 702404-8772 Mara 30 300m (Roll),,Thread,Consumables,Product Utilities
Thread 702277-8772 Mara 50 500m (Roll),,Thread,Consumables,Product Utilities
Thread 702404-111 Mara 30 300m,UM-000109,Thread,Consumables,Product Utilities
Thread 702277-143 Mara 50 500m (Roll),,Thread,Consumables,Product Utilities
Thread 702277-919 Mara 50 500m (Roll),,Thread,Consumables,Product Utilities
Thread 707694-919 A 100 1000m (Roll),,Thread,Consumables,Product Utilities
Thread 702277-40 Mara 50 500m (Roll),,Thread,Consumables,Product Utilities
Thread 784290-5662 Tera 15 400m (Roll),,Thread,Consumables,Product Utilities
Thread 784290-000 Tera 15 400m (Roll),,Thread,Consumables,Product Utilities
Thread 784290-124 Tera 15 400m (Roll),,Thread,Consumables,Product Utilities
Thread Thread 01 Mara 80 800m (Roll),,Thread,Consumables,Product Utilities
Thread Tera- 20 600m color 000 (roll),,Thread,Consumables,Product Utilities
Thread mara30 - 467,UM-000939,Thread,Consumables,Product Utilities
Thread mara 50 - 467,UM-000940,Thread,Consumables,Product Utilities
Thread tera 278-20 blue,UM-000941,Thread,Consumables,Product Utilities
Thread Mara 000-30 black,UM-000951,Thread,Consumables,Product Utilities
Thread thread col 800 mara 50,UNM/SKU/23-24/1031,Thread,Consumables,Product Utilities
Thread TERA 30 COLOR 000 900 MTR,UNM/SKU/23-24/1048,Thread,Consumables,Product Utilities
Thread Mara 30 color 919 - 300 mtrs,UNM/SKU/23-24/1054,Thread,Consumables,Product Utilities
Thread 130- Tera 20 600m,UNM/SKU/23-24/603,Thread,Consumables,Product Utilities
Thread 130- Tera 30 900m,UNM/SKU/23-24/604,Thread,Consumables,Product Utilities
Thread -443 Tera 30 900m,UNM/SKU/23-24/605,Thread,Consumables,Product Utilities
Thread - 444 Tera 20 600m,UNM/SKU/23-24/607,Thread,Consumables,Product Utilities
Thread - 444 Tera 30 900m,UNM/SKU/23-24/608,Thread,Consumables,Product Utilities
Thread 920 - Tera 30 900m,UNM/SKU/23-24/609,Thread,Consumables,Product Utilities
Thread 920 - Tera 20 600m,UNM/SKU/23-24/610,Thread,Consumables,Product Utilities
Thread tera col 368 20,UNM/SKU/23-24/794,Thread,Consumables,Product Utilities
Thread 174 tera 20,UNM/SKU/23-24/933,Thread,Consumables,Product Utilities
Thread 443 TERA 20,UNM/SKU/24-25/165,Thread,Consumables,Product Utilities
Thread 368 TERA 30,UNM/SKU/24-25/167,Thread,Consumables,Product Utilities
Thread 230 TERA 20,UNM/SKU/24-25/201,Thread,Consumables,Product Utilities
Thread 230 TERA 30,UNM/SKU/24-25/202,Thread,Consumables,Product Utilities
Thread 676 tera 20,UNM/SKU/24-25/597,Thread,Consumables,Product Utilities
Thread 676 tera 30,UNM/SKU/24-25/598,Thread,Consumables,Product Utilities
Thread 919 mara 100,UNM/SKU/24-25/793,Thread,Consumables,Product Utilities
Thread 9444 mara 50,UNM/SKU/24-25/795,Thread,Consumables,Product Utilities
Thread 174 TERA 30,UNM/SKU/24-25/99,Thread,Consumables,Product Utilities
DARTAK GRINDER,UNMPL/SKU/25-26/698,Tool,Asset,Factory Utilities
TRACK PATTI (1MTR) 18%,UNM/SKU/24-25/1060,Track,Electrical,Factory Utilities
TRACK PATTI 18%,,Track,Electrical,Factory Utilities
TRACK PATTI LTLP445 2 MTR,UNMPL/SKU/25-26/1363,Track,Electrical,Factory Utilities
TRANSFORMER 50VA,UNMPL/SKU/25-26/1263,Transformer,Spares,Factory Utilities
TIRPAL WATER PROOF,UNMPL/SKU/25-26/2002,Tripal,Housekeeping,Factory Utilities
Metal Structure IRON LARGE TROLLY STAND,UNM/SKU/24-25/564,Trolley ,Asset,Factory Utilities
Metal Structure IRON SMALL TROLLY STAND,UNM/SKU/24-25/565,Trolley ,Asset,Factory Utilities
UPS I BALL NIRANTAR 1.2 KVA,UNMPL/SKU/25-26/717,UPS,Asset,IT Utilities
UPS SEBRONICS ZEB U735,UNMPL/SKU/25-26/536,UPS,Asset,IT Utilities
UPS ZEBRONICS U725 ABJ01NV20060,UNMPL/SKU/25-26/489,UPS,Asset,IT Utilities
UPS- ZEBRONICS-1KV,UNM/SKU/24-25/444,UPS,Asset,IT Utilities
ANJNA V BELT A 41,UNMPL/SKU/25-26/1100,V Belt ,Consumables,Factory Utilities
V Belt FHP-2210,UNMPL/SKU/25-26/2168,V Belt ,Consumables,Factory Utilities
BELT A22,UNMPL/SKU/25-26/301,V Belt ,Consumables,Factory Utilities
BELT B-50,UNM/SKU/24-25/1838,V Belt ,Consumables,Factory Utilities
BELT V-40,UNMPL/SKU/25-26/559,V Belt ,Consumables,Factory Utilities
V BELT A 56,UNM/SKU/24-25/898,V Belt ,Consumables,Factory Utilities
V-BELT A-37,UNM/SKU/24-25/830,V Belt ,Consumables,Factory Utilities
V-BELT a41,UNM/SKU/24-25/485,V Belt ,Consumables,Factory Utilities
B2585  BELT,UNMPL/SKU/25-26/2417,V Belt ,Consumables,Factory Utilities
V Belt OPTIMAX FHP -2250,UNMPL/SKU/25-26/2172,V Belt ,Consumables,Factory Utilities
V-BELT B4+,UNMPL/SKU/25-26/688,V Belt ,Consumables,Factory Utilities
V-BELT B44,UNMPL/SKU/25-26/686,V Belt ,Consumables,Factory Utilities
V-BELT B45,UNMPL/SKU/25-26/687,V Belt ,Consumables,Factory Utilities
V-BELT FHP 2450,UNM/SKU/24-25/417,V Belt ,Spares,Factory Utilities
V-BELT A-38,UNM/SKU/24-25/828,V Belt ,Spares,Factory Utilities
V-BELT A-36,UNM/SKU/24-25/829,V Belt ,Spares,Factory Utilities
6207 BEAINS FOR VACCUME PUMP,UNM/SKU/24-25/1505,Vaccum Pump ,Spares,Factory Utilities
SPAC STEAM ACTUATED VALVE G322,UNMPL/SKU/25-26/1107,Valve ,Spares,Factory Utilities
Diaphragm For Solenoid valve (Dust Collector),UNMPL/SKU/25-26/319,Valve ,Spares,Factory Utilities
Solenoid valve for Dumper valve Std ( Janatic Make) (Dust Collector),UNMPL/SKU/25-26/322,Valve ,Spares,Factory Utilities
VALVE ABC,UNM/SKU/24-25/623,Valve ,Spares,Factory Utilities
BRASS FORGED BALL VALVE 1/2'',UNM/SKU/24-25/969,VALVE ,Spares,Factory Utilities
SOLENOID VALVE (4V210-08),UNM/SKU/24-25/1691,Valve ,Spares,Factory Utilities
TURBO WIND VENTILATOR WHITE RING,UNMPL/SKU/26-27/233,Vantilator,Spares,Factory Utilities
velcro 50mm regular velcro magic black (hook),UNMPL/SKU/26-27/290,Velcro,Consumables,Product Utilities
velcro 50mm regular velcro magic white (loop),UNMPL/SKU/26-27/291,Velcro,Consumables,Product Utilities
velcro 50mm regular velcro magic white (hook),UNMPL/SKU/26-27/292,Velcro,Consumables,Product Utilities
velcro 50mm regular velcro magic black (loop),UNMPL/SKU/26-27/293,Velcro,Consumables,Product Utilities
velcro 50 MM J HOOK ADHESIVE ROLL FORM B01_1001/12000,UNM/SKU/24-25/1910,Velcro ,Consumables,Product Utilities
velcro 50 MM LOOP ADHESIVEROLL FORM B01_1001/12000,UNM/SKU/24-25/1911,Velcro ,Consumables,Product Utilities
MANGO VEENER PLY L 8 ft x W 4 ft T 11 mm,UNMPL/SKU/25-26/123,Veneer,Raw Material,Product Utilities
MDF MANGO VEENER L 8 ft x W 4 ft T 7.5 mm,UNMPL/SKU/25-26/122,Veneer,Raw Material,Product Utilities
TURBO WIND VENTILATOR SSPP 22'',UNMPL/SKU/25-26/595,Ventilator,Asset,Factory Utilities
WOOLFILL WOOL WADDING 80 GSM,UNMPL/SKU/25-26/2024,Wadding,Consumables,Product Utilities
PVC WALL PLUGS 6MM,UNM/SKU/24-25/404,Wall Plugs ,Consumables,Factory Utilities
PVC WALL PLUGS 8MM,UNM/SKU/24-25/405,Wall Plugs ,Consumables,Factory Utilities
Wallpaper,UNM/SKU/23-24/859,Wallpaper,Consumables,Office Utilities
Washer Spring 8mm,UNM/SKU/23-24/397,Washer,Hardware,Product Utilities
Washer Flat 3/16*10mm black,UNM/SKU/23-24/406,Washer,Hardware,Product Utilities
Washer Flat 20X10M WASHER,UNMPL/SKU/25-26/1314,Washer,Hardware,Product Utilities
WASHER 15MM DIA,UNMPL/SKU/25-26/539,Washer,Hardware,Product Utilities
POWDER COATED WASHER 18X10 FOR POST KING BED,UNMPL/SKU/25-26/1808,washer,Hardware,Product Utilities
WASHER BLACK 8MM INNER DIA AND 16MM DIA,UNMPL/SKU/25-26/349,Washer,Hardware,Product Utilities
WAHSER 16/6,UNMPL/SKU/25-26/708,Washer,Hardware,Product Utilities
Washer Flat 8mm x 20mm,UNM/SKU/23-24/398,Washer,Hardware,Product Utilities
HYDROULIC SEAL,UNM/SKU/24-25/1504,Washer,Spares,Factory Utilities
A-B WASHER SET,UNM/SKU/24-25/1871,washer,Spares,Factory Utilities
Allen Key 6x20 washer golden,UNM/SKU/23-24/783,Washer,Hardware,Product Utilities
Cloth Cotton White,UNM/SKU/23-24/234,Waste Cloth ,Consumables,Factory Utilities
Sealer WB Water Based EL4392.50,UNMPL/SKU/25-26/2357,Water Base Sealer,Consumables,Product Utilities
WATER BASE SEALER FOR INT WIS3012,UNM/SKU/24-25/1613,Water Based Sealer,Consumables,Product Utilities
Z23 P BLOOD BLACK WOOD Stain W/B,UNMPL/SKU/25-26/1351,Water Based Stain,Consumables,Product Utilities
Walnut colour - 1613 W/B  (v.s. chemical),UNMPL/SKU/25-26/315,Water Based Stain,Consumables,Product Utilities
Walnut Stain S.B artical no- 911.319,UNM/SKU/23-24/761,Water Based Stain,Consumables,Product Utilities
Water base Stain light brown Artical no- 78777,UNM/SKU/23-24/944,Water Based Stain,Consumables,Product Utilities
BLACK Stain TSM 13E19-01,UNM/SKU/24-25/1789,Water Based Stain,Consumables,Product Utilities
NUT BROWN Stain JS-3577,UNM/SKU/24-25/1102,Water Based Stain,Consumables,Product Utilities
W/BASE  BLACK STAIN- C002,UNMPL/SKU/25-26/867,Water Based Stain,Consumables,Product Utilities
WB BLACK Stain ( SHYAM PAINTS),,Water Based Stain,Consumables,Product Utilities
75104.95 PATINA,UNM/SKU/24-25/581,Water Based Stain,Consumables,Product Utilities
WATER BASE WHITE STAIN,UNM/SKU/24-25/1245,Water Based Stain,Consumables,Product Utilities
Water Cooler pump,UNM/SKU/23-24/1036,water cooler  pump,Spares,Factory Utilities
WATER COOLER PUMP SMALL,UNMPL/SKU/25-26/2249,water cooler  pump,Spares,Factory Utilities
Wax,UNM/SKU/24-25/1587,Wax,Consumables,Product Utilities
White ribbon Gross grain tape 8 mm ( 100% Polyester ) Webbing White,UM-000393,Webbing,Consumables,Product Utilities
NARROW WOOVEN FABRICS 50MM FT (25MTR/ROLL) Webbing Black,UNMPL/SKU/25-26/2101,Webbing,Consumables,Product Utilities
Webbing Black NARROW WOOVEN FABRICS 75MM FT MAX BLACK (25 MTR/ROLL),UNMPL/SKU/25-26/2102,Webbing,Consumables,Product Utilities
WB70-07 Seat Webbing Nylon Red 75mm Webbing 75mm wide  70% stretch / Red / 4 Black lines,,Webbing,Consumables,Product Utilities
WB50-01 Seat Webbing Nylon Green 50mm Webbing 50mm Wide (Mtr),,Webbing,Consumables,Product Utilities
WB70-04 Back Webbing Nylon Green 70mm Webbing 70mm Wide  100% Stretch--Green/ BACK USE 100 m/Roll (Mtr),,Webbing,Consumables,Product Utilities
WB70-05 Seat Webbing Nylon Green 70mm Webbing 70mm wide  50% stretch--Green/4 black lines SEAT USE (Mtr),,Webbing,Consumables,Product Utilities
"Slats Belt Any Use Webbing Cotton White 1.50"""" 100% Cotton",UM-000412,Webbing,Consumables,Product Utilities
WB70-07 Seat Webbing Nylon Red 75mm Webbing 75mm wide  70% stretch / Red / 4 Black lines (Mtr),,Webbing,Consumables,Product Utilities
WB70-05 Blue Webbing Nylon Blue 70mm Webbing 70mm Wide  100% Stretch--2 Red Lines Webbing,,Webbing,Consumables,Product Utilities
Elastic thin 10mm,UNM/SKU/24-25/1935,Webbing,Consumables,Product Utilities
"3"""" FT SH Seat Webbing 70 MM (Mtr)",,Webbing,Consumables,Product Utilities
"2"""" FT BH - [ 3 black line ] Back Webbing Nylon Red 50 MM (Mtr)",,Webbing,Consumables,Product Utilities
"3"""" FT DH Seat Webbing 70 MM (Mtr)",,Webbing,Consumables,Product Utilities
"2"""" FT SH Seat Webbing 50 MM (Mtr)",,Webbing,Consumables,Product Utilities
"2"""" FT DH Seat Webbing 50 MM (Mtr)",,Webbing,Consumables,Product Utilities
"3"""" FT BH Seat Webbing 70 MM (Mtr)",,Webbing,Consumables,Product Utilities
JJ WEIGHT MACHINE  24''X24'',,Weigh Scale,Asset,Factory Utilities
Welding Rod 10 NO.,UNM/SKU/24-25/233,Welding Rod,Consumables,Factory Utilities
MIG WIRE 0.8MM ESB (15KG),UNMPL/SKU/25-26/1485,Welding Wire,Consumables,Factory Utilities
Wheel CASTER WHEEL HEAVY 6'' RED (ANJANA),UNMPL/SKU/25-26/2203,Wheel,Hardware,Factory Utilities
Caster Wheel 6 INCH ANJANA,UNMPL/SKU/25-26/2073,Wheel,Component,Product Utilities
CHAIR WHEEL 28X60,UNMPL/SKU/25-26/1041,Wheel,Component,Product Utilities
WHEEL 4'' (2+2) PLATE SET,UNMPL/SKU/25-26/1312,Wheel ,Component,Product Utilities
CASTOR WHEEL 11MM  (D-50MM),UNMPL/SKU/25-26/1523,Wheel ,Component,Product Utilities
Wheel smart pin (1801),UNMPL/SKU/25-26/1213,Wheel ,Component,Product Utilities
Nylon Castor 40mm Plate,UNMPL/SKU/26-27/305,Wheel ,Component,Product Utilities
"CASTOR WHEEL HEAVY 6"""" RED",UNM/SKU/24-25/1129,Wheels,Hardware,Factory Utilities
"ROLLER 8"""" (HAVEY DANE WALA)",UNM/SKU/23-24/769,Wheels ,Consumables,Factory Utilities
WHITE CHOK WOOD,UNMPL/SKU/25-26/1905,White Chalk ,Consumables,Factory Utilities
SAFED MATI POWDER,UNM/SKU/24-25/1399,White Filler,Consumables,Product Utilities
WIPER,UNMPL/SKU/25-26/1910,Wiper,Consumables,Factory Utilities
002135131 AKE D -350X3.5/2.4CB -30XZ-108,UNMPL/SKU/25-26/1557,Wire,Electrical,Factory Utilities
2 CORE 1.5MM WIRE,UNM/SKU/24-25/1386,Wire,Electrical,Factory Utilities
2.5MM FOUR CORE WIRE,UNMPL/SKU/25-26/465,Wire,Electrical,Factory Utilities
2.5MM WIRE ROLL,UNMPL/SKU/25-26/1141,Wire,Electrical,Factory Utilities
4 CORE 10MM COPPER  WIRE,UNMPL/SKU/25-26/1945,Wire,Electrical,Factory Utilities
4MM WIRE,UNMPL/SKU/25-26/1566,Wire,Electrical,Factory Utilities
HOOLER  400MTER,UNMPL/SKU/25-26/1142,Wire,Electrical,Factory Utilities
HPL 1.5 SQ MM RR PVC,UNMPL/SKU/25-26/1824,Wire,Electrical,Factory Utilities
WIRE STRIP,UNMPL/SKU/25-26/1219,Wire,Electrical,Factory Utilities
0.75MM WIRE UNMPL/SKU/25-26/2229,UNMPL/SKU/25-26/2229,Wire,Electrical,Factory Utilities
1 MM WIRE 2 CORE,,Wire,Electrical,Factory Utilities
1.5 mm electric wire,UNM/SKU/24-25/153,Wire,Electrical,Factory Utilities
4MM 4CORE WIRE,UNM/SKU/24-25/410,Wire,Electrical,Factory Utilities
"Brush brass brush round 3"""" cup",UNM/SKU/24-25/536,Wire Brush,Consumables,Product Utilities
Brush BRUSH CUP 3 '' CRIMP M-10,UNMPL/SKU/25-26/1087,Wire Brush,Consumables,Product Utilities
Round iron brush,UNM/SKU/24-25/582,Wire Brush,Consumables,Product Utilities
WIRE NAILS 14 SWS,UNMPL/SKU/25-26/94,Wire Nail ,Hardware,Product Utilities
WIRE NAILS 20*3/4,UNMPL/SKU/25-26/95,wire Nail ,Hardware,Product Utilities
Wood Leg SARITA HANDA ALDEN SOFA LEG,UNMPL/SKU/25-26/1572,Wood Leg,Component,Product Utilities
Wood Leg MANGO 11X2.5X2.5,UNMPL/SKU/26-27/241,Wood Leg,Component,Product Utilities
Wood Leg 7X2.5X2.5,UNM/SKU/23-24/1010,Wood Leg,Component,Product Utilities
Wood Mango (1.5x1) L 1.5 ft x T 1 in,MM-00381,Wood Plank,Raw Material,Product Utilities
Wood Mango (2.25x2) L 2.25 ft x T 2 in,MM-00467,Wood Plank,Raw Material,Product Utilities
Wood Mango (2x1) L 2 ft x T 1 in,MM-00389,Wood Plank,Raw Material,Product Utilities
Wood Mango (2x2) L 2 ft x T 2 in,MM-00466,Wood Plank,Raw Material,Product Utilities
Wood Acacia (5.25x2.5) L 5.25 ft x T 2.5 in,MM-00124,Wood Plank,Raw Material,Product Utilities
Wood Acacia (6.5x1.5) L 6.5 ft x T 1.5 in,MM-00057,Wood Plank,Raw Material,Product Utilities
Wood Acacia (6.75x1.5) L 6.75 ft x T 1.5 in,MM-00058,Wood Plank,Raw Material,Product Utilities
Wood Acacia (7.25x1) L 7.25 ft x T 1 in,MM-00096,Wood Plank,Raw Material,Product Utilities
Wood Acacia (7x1) L 7 ft x T 1 in,MM-00095,Wood Plank,Raw Material,Product Utilities
Wood Mango (2.5x1) L 2.5 ft x T 1 in,MM-00391,Wood Plank,Raw Material,Product Utilities
Wood Mango (2.75x1) L 2.75 ft x T 1 in,MM-00392,Wood Plank,Raw Material,Product Utilities
Wood Mango (4.25x2) L 4.25 ft x T 2 in,MM-00475,Wood Plank,Raw Material,Product Utilities
Wood Mango (2.75x2.5) L 2.75 ft x T 2.5 in,MM-00428,Wood Plank,Raw Material,Product Utilities
"oak 1.5 """"",UNMPL/SKU/25-26/544,Wood Plank,Raw Material,Product Utilities
"Oak Wood 2 """"",UNM/SKU/24-25/25,Wood Plank,Raw Material,Product Utilities
Wood RED OAK (x1) L ft x T 1 in,UNMPL/SKU/25-26/461,Wood Plank,Raw Material,Product Utilities
Wood RED OAK (x1.5) L ft x T 1.5 in,UNMPL/SKU/25-26/462,Wood Plank,Raw Material,Product Utilities
Wood Acacia (5.5x2) L 5.5 ft x T 2 in,MM-00158,Wood Plank,Raw Material,Product Utilities
Wood Acacia (5.75x2) L 5.75 ft x T 2 in,MM-00159,Wood Plank,Raw Material,Product Utilities
Wood Mango (1.5x1.5) L 1.5 ft x T 1.5 in,MM-00337,Wood Plank,Raw Material,Product Utilities
Wood Mango (1.75x1.5) L 1.75 ft x T 1.5 in,MM-00338,Wood Plank,Raw Material,Product Utilities
Wood Mango (2.25x1.5) L 2.25 ft x T 1.5 in,MM-00349,Wood Plank,Raw Material,Product Utilities
Wood Mango (2.5x1.5) L 2.5 ft x T 1.5 in,MM-00350,Wood Plank,Raw Material,Product Utilities
Wood Mango (2.75x1.5) L 2.75 ft x T 1.5 in,MM-00351,Wood Plank,Raw Material,Product Utilities
Wood Mango (2x1.5) L 2 ft x T 1.5 in,MM-00348,Wood Plank,Raw Material,Product Utilities
Wood Mango (3.25x1.5) L 3.25 ft x T 1.5 in,MM-00353,Wood Plank,Raw Material,Product Utilities
Wood Mango (4.75x1.5) L 4.75 ft x T 1.5 in,MM-00359,Wood Plank,Raw Material,Product Utilities
"Wood MANGO WOOD FRAME 3"""" W (1.5x1.5) L 1.5 ft x T 1.5 in",UNMPL/SKU/25-26/1355,Wood Plank,Raw Material,Product Utilities
"Wood MANGO WOOD FRAME 3"""" W (1.5x3x1.5) L 1.5 ft x W 3 in x T 1.5 in",MM-02012,Wood Plank,Raw Material,Product Utilities
"Wood MANGO WOOD FRAME 3"""" W (1.75x1.5) L 1.75 ft x T 1.5 in",UNM/SKU/24-25/1191,Wood Plank,Raw Material,Product Utilities
"Wood MANGO WOOD FRAME 3"""" W (1.75x3x1.5) L 1.75 ft x W 3 in x T 1.5 in",MM-02014,Wood Plank,Raw Material,Product Utilities
"Wood MANGO WOOD FRAME 3"""" W (2.25x1.5) L 2.25 ft x T 1.5 in",UNMPL/SKU/25-26/705,Wood Plank,Raw Material,Product Utilities
"Wood MANGO WOOD FRAME 3"""" W (2x1.5) L 2 ft x T 1.5 in",UNM/SKU/24-25/1189,Wood Plank,Raw Material,Product Utilities
Wood Acacia (8.25x1.5) L 8.25 ft x T 1.5 in,MM-00064,Wood Plank,Raw Material,Product Utilities
Wood Acacia (8x1.5) L 8 ft x T 1.5 in,MM-00063,Wood Plank,Raw Material,Product Utilities
Wood Acacia (9x1.5) L 9 ft x T 1.5 in,MM-00067,Wood Plank,Raw Material,Product Utilities
Wood Mango (3.5x1.5) L 3.5 ft x T 1.5 in,MM-00354,Wood Plank,Raw Material,Product Utilities
Wood Mango (3x1) L 3 ft x T 1 in,MM-00393,Wood Plank,Raw Material,Product Utilities
Wood Mango (4.25x1.5) L 4.25 ft x T 1.5 in,MM-00357,Wood Plank,Raw Material,Product Utilities
"Wood MANGO WOOD FRAME 3"""" W (2.5x1.5) L 2.5 ft x T 1.5 in",UNMPL/SKU/25-26/722,Wood Plank,Raw Material,Product Utilities
Wood Teak (4x2.5) L 4 ft x T 2.5 in,UNMPL/SKU/25-26/703,Wood Plank,Raw Material,Product Utilities
Wood Teak (6.5x1.5) L 6.5 ft x T 1.5 in,UNMPL/SKU/25-26/702,Wood Plank,Raw Material,Product Utilities
OSD MANGO L 8 ft x W 4 ft T 8 mm,UNMPL/SKU/25-26/323,Wood Plank,Raw Material,Product Utilities
Wood Mango (1.5x3) L 1.5 ft x T 3 in,MM-00499,Wood Plank,Raw Material,Product Utilities
Wood Mango (6.25x2) L 6.25 ft x T 2 in,MM-00483,Wood Plank,Raw Material,Product Utilities
Wood Mango (6.5x2) L 6.5 ft x T 2 in,MM-00484,Wood Plank,Raw Material,Product Utilities
Wood Mango (6.75x2) L 6.75 ft x T 2 in,MM-00485,Wood Plank,Raw Material,Product Utilities
Wood Mango (7.25x2) L 7.25 ft x T 2 in,MM-00487,Wood Plank,Raw Material,Product Utilities
Wood Mango (7x2) L 7 ft x T 2 in,MM-00486,Wood Plank,Raw Material,Product Utilities
Wood Mango (6x2) L 6 ft x T 2 in,MM-00482,Wood Plank,Raw Material,Product Utilities
Wood Mango (7.5x2) L 7.5 ft x T 2 in,MM-00488,Wood Plank,Raw Material,Product Utilities
Wood Mango (8.25x2) L 8.25 ft x T 2 in,MM-00491,Wood Plank,Raw Material,Product Utilities
Wood Mango (1.75x1) L 1.75 ft x T 1 in,MM-00382,Wood Plank,Raw Material,Product Utilities
Wood Mango (2.25x1) L 2.25 ft x T 1 in,MM-00390,Wood Plank,Raw Material,Product Utilities
Wood Mango (5.25x1.5) L 5.25 ft x T 1.5 in,MM-00361,Wood Plank,Raw Material,Product Utilities
Wood Mango (5x1.5) L 5 ft x T 1.5 in,MM-00360,Wood Plank,Raw Material,Product Utilities
Wood Mango (6.5x1.5) L 6.5 ft x T 1.5 in,MM-00366,Wood Plank,Raw Material,Product Utilities
Wood Mango (7.25x1) L 7.25 ft x T 1 in,MM-00410,Wood Plank,Raw Material,Product Utilities
Wood Mango (4x1) L 4 ft x T 1 in,MM-00397,Wood Plank,Raw Material,Product Utilities
Wood Mango (5.5x1.5) L 5.5 ft x T 1.5 in,MM-00362,Wood Plank,Raw Material,Product Utilities
Wood Mango (7.5x1.5) L 7.5 ft x T 1.5 in,MM-00370,Wood Plank,Raw Material,Product Utilities
Wood Mango (WM) (6.75x1.5) L 6.75 ft x T 1.5 in,UNMPL/SKU/25-26/740,Wood Plank,Raw Material,Product Utilities
Wood WHITE ASH WOOD (x1.5) L ft x T 1.5 in,UNMPL/SKU/25-26/862,Wood Plank,Raw Material,Product Utilities
Wood RED OAK (x2) L ft x T 2 in,UNMPL/SKU/25-26/1510,Wood Plank,Raw Material,Product Utilities
Wood WHITE ASH WOOD (x2) L ft x T 2 in,UNMPL/SKU/25-26/1511,Wood Plank,Raw Material,Product Utilities
Wood Teak (5.25x2.75) L 5.25 ft x T 2.75 in,UNMPL/SKU/25-26/580,Wood Plank,Raw Material,Product Utilities
Wood Teak (5.5x2.75) L 5.5 ft x T 2.75 in,UNMPL/SKU/25-26/581,Wood Plank,Raw Material,Product Utilities
Wood Teak (5x2.75) L 5 ft x T 2.75 in,UNMPL/SKU/25-26/579,Wood Plank,Raw Material,Product Utilities
Wood Teak (7.25x4.25) L 7.25 ft x T 4.25 in,UNMPL/SKU/25-26/570,Wood Plank,Raw Material,Product Utilities
Wood Teak (7.5x4.25) L 7.5 ft x T 4.25 in,UNMPL/SKU/25-26/573,Wood Plank,Raw Material,Product Utilities
Wood Teak (7.5x5.5) L 7.5 ft x T 5.5 in,UNMPL/SKU/25-26/576,Wood Plank,Raw Material,Product Utilities
Wood Teak (7.5x6) L 7.5 ft x T 6 in,UNMPL/SKU/25-26/575,Wood Plank,Raw Material,Product Utilities
Wood Teak (7.5x6.5) L 7.5 ft x T 6.5 in,UNMPL/SKU/25-26/577,Wood Plank,Raw Material,Product Utilities
Wood Teak (7.75x4.25) L 7.75 ft x T 4.25 in,UNMPL/SKU/25-26/571,Wood Plank,Raw Material,Product Utilities
Wood Teak (8.25x4.25) L 8.25 ft x T 4.25 in,UNMPL/SKU/25-26/574,Wood Plank,Raw Material,Product Utilities
Wood Teak (8.25x6.5) L 8.25 ft x T 6.5 in,UNMPL/SKU/25-26/578,Wood Plank,Raw Material,Product Utilities
Wood Teak (8.5x4.25) L 8.5 ft x T 4.25 in,UNMPL/SKU/25-26/582,Wood Plank,Raw Material,Product Utilities
Wood Teak (8x4.25) L 8 ft x T 4.25 in,UNMPL/SKU/25-26/572,Wood Plank,Raw Material,Product Utilities
Wood WHITE ASH WOOD (x) L ft x T in,,Wood Plank,Raw Material,Product Utilities
Wood Acacia (2.5x1.5) L 2.5 ft x T 1.5 in,MM-00041,Wood Plank,Raw Material,Product Utilities
Wood Acacia (3.5x2) L 3.5 ft x T 2 in,MM-00150,Wood Plank,Raw Material,Product Utilities
Wood Acacia (3x1.5) L 3 ft x T 1.5 in,MM-00043,Wood Plank,Raw Material,Product Utilities
Wood Acacia (4.5x2) L 4.5 ft x T 2 in,MM-00154,Wood Plank,Raw Material,Product Utilities
Wood Acacia (7.25x1.5) L 7.25 ft x T 1.5 in,MM-00060,Wood Plank,Raw Material,Product Utilities
Wood Acacia (7x1.5) L 7 ft x T 1.5 in,MM-00059,Wood Plank,Raw Material,Product Utilities
Wood Mango (3x1.5) L 3 ft x T 1.5 in,MM-00352,Wood Plank,Raw Material,Product Utilities
Wood Acacia (1.75x2.5) L 1.75 ft x T 2.5 in,MM-00109,Wood Plank,Raw Material,Product Utilities
Wood Acacia (2.25x1.5) L 2.25 ft x T 1.5 in,MM-00040,Wood Plank,Raw Material,Product Utilities
Wood Acacia (2.25x2) L 2.25 ft x T 2 in,MM-00145,Wood Plank,Raw Material,Product Utilities
Wood Acacia (2.5x2.5) L 2.5 ft x T 2.5 in,MM-00113,Wood Plank,Raw Material,Product Utilities
Wood Acacia (2.75x1.5) L 2.75 ft x T 1.5 in,MM-00042,Wood Plank,Raw Material,Product Utilities
Wood Acacia (2x2.5) L 2 ft x T 2.5 in,MM-00111,Wood Plank,Raw Material,Product Utilities
Wood Acacia (3.5x1) L 3.5 ft x T 1 in,MM-00081,Wood Plank,Raw Material,Product Utilities
Wood Acacia (3.75x1.5) L 3.75 ft x T 1.5 in,MM-00046,Wood Plank,Raw Material,Product Utilities
Wood Acacia (3x2) L 3 ft x T 2 in,MM-00148,Wood Plank,Raw Material,Product Utilities
Wood Acacia (4.25x2) L 4.25 ft x T 2 in,MM-00153,Wood Plank,Raw Material,Product Utilities
Wood Acacia (4x1.5) L 4 ft x T 1.5 in,MM-00047,Wood Plank,Raw Material,Product Utilities
Wood Acacia (4x2) L 4 ft x T 2 in,MM-00152,Wood Plank,Raw Material,Product Utilities
Wood Acacia (6x2) L 6 ft x T 2 in,MM-00160,Wood Plank,Raw Material,Product Utilities
Wood Acacia (7.5x1.5) L 7.5 ft x T 1.5 in,MM-00061,Wood Plank,Raw Material,Product Utilities
Wood Acacia (7.75x1.5) L 7.75 ft x T 1.5 in,MM-00062,Wood Plank,Raw Material,Product Utilities
Wood Teak (7.5x4.5) L 7.5 ft x T 4.5 in,UNMPL/SKU/25-26/1586,Wood Plank,Raw Material,Product Utilities
Wood Mango (6.25x1.5) L 6.25 ft x T 1.5 in,MM-00365,Wood Plank,Raw Material,Product Utilities
Wood Mango (6.75x1.5) L 6.75 ft x T 1.5 in,MM-00367,Wood Plank,Raw Material,Product Utilities
Wood Mango (7x1.5) L 7 ft x T 1.5 in,MM-00368,Wood Plank,Raw Material,Product Utilities
Wood Mango (10.5x2) L 10.5 ft x T 2 in,MM-00458,Wood Plank,Raw Material,Product Utilities
Wood Mango (10x2) L 10 ft x T 2 in,MM-00456,Wood Plank,Raw Material,Product Utilities
Wood Mango (4.75x2) L 4.75 ft x T 2 in,MM-00477,Wood Plank,Raw Material,Product Utilities
Wood Mango (6x1.5) L 6 ft x T 1.5 in,MM-00364,Wood Plank,Raw Material,Product Utilities
Wood Mango (7.25x1.5) L 7.25 ft x T 1.5 in,MM-00369,Wood Plank,Raw Material,Product Utilities
Wood Mango (7.75x1.5) L 7.75 ft x T 1.5 in,MM-00371,Wood Plank,Raw Material,Product Utilities
Wood Mango (7.75x2) L 7.75 ft x T 2 in,MM-00489,Wood Plank,Raw Material,Product Utilities
Wood Mango (8.5x2) L 8.5 ft x T 2 in,MM-00492,Wood Plank,Raw Material,Product Utilities
Wood Mango (8.75x2) L 8.75 ft x T 2 in,MM-00493,Wood Plank,Raw Material,Product Utilities
Wood Mango (8x2) L 8 ft x T 2 in,MM-00490,Wood Plank,Raw Material,Product Utilities
Wood Mango (9.25x1.5) L 9.25 ft x T 1.5 in,MM-00377,Wood Plank,Raw Material,Product Utilities
Wood Mango (9.25x2) L 9.25 ft x T 2 in,MM-00495,Wood Plank,Raw Material,Product Utilities
Wood Mango (9.5x2) L 9.5 ft x T 2 in,MM-00496,Wood Plank,Raw Material,Product Utilities
Wood Mango (9.75x2) L 9.75 ft x T 2 in,MM-00497,Wood Plank,Raw Material,Product Utilities
Wood Mango (9x1.5) L 9 ft x T 1.5 in,MM-00376,Wood Plank,Raw Material,Product Utilities
Wood Mango (9x2) L 9 ft x T 2 in,MM-00494,Wood Plank,Raw Material,Product Utilities
Wood Acacia (2x1) L 2 ft x T 1 in,MM-00075,Wood Plank,Raw Material,Product Utilities
Wood Acacia (5.25x2) L 5.25 ft x T 2 in,MM-00157,Wood Plank,Raw Material,Product Utilities
Wood Acacia (5x2) L 5 ft x T 2 in,MM-00156,Wood Plank,Raw Material,Product Utilities
Wood Mango (1.75x2) L 1.75 ft x T 2 in,MM-00455,Wood Plank,Raw Material,Product Utilities
Wood Mango (2.75x2) L 2.75 ft x T 2 in,MM-00469,Wood Plank,Raw Material,Product Utilities
Wood Mango (3.5x2) L 3.5 ft x T 2 in,MM-00472,Wood Plank,Raw Material,Product Utilities
Wood Acacia (3.5x1.5) L 3.5 ft x T 1.5 in,MM-00045,Wood Plank,Raw Material,Product Utilities
Wood Acacia (4.75x2) L 4.75 ft x T 2 in,MM-00155,Wood Plank,Raw Material,Product Utilities
Wood Mango (1.5x2.5) L 1.5 ft x T 2.5 in,MM-00422,Wood Plank,Raw Material,Product Utilities
"Wood MANGO WOOD FRAME 3"""" W (3.25x1.5) L 3.25 ft x T 1.5 in",UNMPL/SKU/25-26/1737,Wood Plank,Raw Material,Product Utilities
"Wood MANGO WOOD FRAME 3"""" W (3x1.5) L 3 ft x T 1.5 in",UNMPL/SKU/25-26/1736,Wood Plank,Raw Material,Product Utilities
Wood Sheesham (6x2) L 6 ft x T 2 in,MM-00847,Wood Plank,Raw Material,Product Utilities
Wood FSC*100% MANGO WOOOD (3.5x1.5) L 3.5 ft x T 1.5 in,UNMPL/SKU/25-26/2254,Wood Plank,Raw Material,Product Utilities
Wood FSC*100% MANGO WOOOD (4x1.5) L 4 ft x T 1.5 in,UNMPL/SKU/25-26/2255,Wood Plank,Raw Material,Product Utilities
Wood Wood FSC*100% ACCACIA WOOOD (3.5x2.5) L 3.5 ft x T 2.5 in,UNMPL/SKU/25-26/2256,Wood Plank,Raw Material,Product Utilities
Wood Wood FSC*100% ACCACIA WOOOD (3.75x2.5) L 3.75 ft x T 2.5 in,UNMPL/SKU/25-26/2257,Wood Plank,Raw Material,Product Utilities
Wood Wood FSC*100% ACCACIA WOOOD (2x1.5) L 2 ft x T 1.5 in,UNMPL/SKU/25-26/2258,Wood Plank,Raw Material,Product Utilities
Wood Wood FSC*100% ACCACIA WOOOD (3x1.5) L 3 ft x T 1.5 in,UNMPL/SKU/25-26/2260,Wood Plank,Raw Material,Product Utilities
Wood Wood FSC*100% ACCACIA WOOOD (4x1.5) L 4 ft x T 1.5 in,UNMPL/SKU/25-26/2261,Wood Plank,Raw Material,Product Utilities
Wood Wood FSC*100% ACCACIA WOOOD (4.5x1.5) L 4.5 ft x T 1.5 in,UNMPL/SKU/25-26/2262,Wood Plank,Raw Material,Product Utilities
"white Oak wood 1.5 """"",UNM/SKU/24-25/26,Wood Plank,Raw Material,Product Utilities
Wood Oak (1.5x2) L 1.5 ft x T 2 in,MM-00630,Wood Plank,Raw Material,Product Utilities
Wood Wood FSC*100% ACCACIA WOOOD (2.5x1.5) L 2.5 ft x T 1.5 in,UNMPL/SKU/25-26/2259,Wood Plank,Raw Material,Product Utilities
Wood Mango (4x2) L 4 ft x T 2 in,MM-00474,Wood Plank,Raw Material,Product Utilities
Wood Mango (5x2) L 5 ft x T 2 in,MM-00478,Wood Plank,Raw Material,Product Utilities
Wood Mango (5.5x2) L 5.5 ft x T 2 in,MM-00480,Wood Plank,Raw Material,Product Utilities
"white Oak wood 2 """"",UNM/SKU/24-25/1970,Wood Plank,Raw Material,Product Utilities
Wood FSC 100% RED OAK WOOD (x1.5) L ft x T 1.5 in,UNMPL/SKU/26-27/123,Wood Plank,Raw Material,Product Utilities
Wood FSC*100% MANGO WOOOD (4.5x1.5) L 4.5 ft x T 1.5 in,UNMPL/SKU/26-27/149,Wood Plank,Raw Material,Product Utilities
Wood FSC*100% MANGO WOOOD (2.25x1.5) L 2.25 ft x T 1.5 in,UNMPL/SKU/26-27/152,Wood Plank,Raw Material,Product Utilities
Wood Wood FSC*100% ACCACIA WOOOD (3x2) L 3 ft x T 2 in,UNMPL/SKU/26-27/163,Wood Plank,Raw Material,Product Utilities
Wood Wood FSC*100% ACCACIA WOOOD (2.5x2) L 2.5 ft x T 2 in,UNMPL/SKU/26-27/170,Wood Plank,Raw Material,Product Utilities
Wood FSC*100% MANGO WOOOD (3x2) L 3 ft x T 2 in,UNMPL/SKU/26-27/176,Wood Plank,Raw Material,Product Utilities
Wood FSC*100% MANGO WOOOD (1.5x1.5) L 1.5 ft x T 1.5 in,UNMPL/SKU/26-27/177,Wood Plank,Raw Material,Product Utilities
Wood Wood FSC*100% ACCACIA WOOOD (4.25x2) L 4.25 ft x T 2 in,UNMPL/SKU/26-27/179,Wood Plank,Raw Material,Product Utilities
Wood Wood FSC*100% ACCACIA WOOOD (2.25x2.5) L 2.25 ft x T 2.5 in,UNMPL/SKU/26-27/255,Wood Plank,Raw Material,Product Utilities
25MM DINING TOP BOTH SIDE VENEER,UNMPL/SKU/25-26/320,Wood Table Top ,Finished Goods,Product Utilities
Wooden Frame INDIA CONNECTION WOODEN CHAIR RND,UNMPL/SKU/25-26/1844,Wooden Frame,Component,Product Utilities
Internal Wooden Frame CANAPE,UNMPL/SKU/25-26/743,Wooden Frame,Component,Product Utilities
Internal Wooden Frame imogene,UNM/SKU/24-25/1006,Wooden Frame,Component,Product Utilities
Internal Wooden Frame SPELLO 3 SEATER,UNMPL/SKU/25-26/745,Wooden Frame,Component,Product Utilities
Wooden Frame SPELLO 2 SEATER,UNMPL/SKU/25-26/744,Wooden Frame,Component,Product Utilities
Internal Wooden Frame FA24 Rodin Chair Back,UNM/SKU/24-25/301,Wooden Frame,Component,Product Utilities
Wood Structure RIBE 3 SEATER,UNMPL/SKU/25-26/811,Wooden Frame,Component,Product Utilities
Wood Structure TARLO 3 SEATER,UNMPL/SKU/25-26/808,Wooden Frame,Component,Product Utilities
External Wooden Frame MARABA LEATHER KG BED,UM-000516,Wooden Frame,Component,Product Utilities
Wooden Frame EXTERNAL WOODEN FRAME STONE HENGE BED,UNM/SKU/24-25/1841,Wooden Frame,Component,Product Utilities
External Wooden Frame Cube Bar sTools,,Wooden Frame,Component,Product Utilities
External Wooden Frame THEA CHAIR,UNM/SKU/24-25/1149,Wooden Frame,Component,Product Utilities
Wood Structure 125034308 Boden BarsTools - Smokey Taupe,,Wooden Frame,Component,Product Utilities
Wooden Frame betsy chair from mango wood,UNM/SKU/24-25/221,Wooden Frame,Component,Product Utilities
Wooden Frame HARRIS ACCENT CHAIR (DARCY),UNMPL/SKU/25-26/2207,Wooden Frame,Component,Product Utilities
Wooden Frame NICO CHAIR,UNM/SKU/24-25/1897,Wooden Frame,Component,Product Utilities
Wooden Frame Nyomi chair,UNM/SKU/24-25/1901,Wooden Frame,Component,Product Utilities
Wooden Frame RONSAN CHAIR,UNM/SKU/24-25/1896,Wooden Frame,Component,Product Utilities
Wooden Frame Wooden Cross stand,UNM/SKU/24-25/1511,Wooden Frame,Component,Product Utilities
Wood Structure IF-202 CHAIR#2,,Wooden Frame,Component,Product Utilities
Zig Zag Clip Shole (20x22 mm),UM-000154,Zig Zag Clips,Consumables,Product Utilities
ZIG ZAG PVC CLIP (),UNM/SKU/24-25/863,Zig Zag Clips,Consumables,Product Utilities
Chain 03 CF Chain P12 Dyed - 502 (Cream),UM-000055,Zipper,Consumables,Product Utilities
Chain 03 CF Chain P12 Dyed - 537 (Light Green),UM-000074,Zipper,Consumables,Product Utilities
Chain 03 CF Chain P12 Dyed - 580 (Black),UM-000071,Zipper,Consumables,Product Utilities
Chain 03 CF Chain P12 Dyed - 864 (Brown),UNM/SKU/24-25/361,Zipper,Consumables,Product Utilities
Chain 03 CF Chain P12 Dyed - 870 (Henna),UM-000073,Zipper,Consumables,Product Utilities
Chain 03 CF Chain P12 Dyed - 153 (Dark Green),UM-000070,Zipper,Consumables,Product Utilities
OXY FLOW 150MM,UNMPL/SKU/26-27/278,,Nan,Nan
